student_id,weekly_self_study_hours,attendance_percentage,class_participation,total_score,grade
1,17.1,87.1,2.7,74.4,C
2,7.7,95.8,7.8,79.5,C
3,20.3,67.3,5.9,72.5,C
4,21.6,81.6,4.8,79.2,C
5,1.3,94.9,5.5,71.1,C
6,5.9,85.8,8.1,73.7,C
7,15.9,100,7.5,89.1,B
8,12.8,66.1,5.7,68.1,D
9,14.9,64.7,3.7,61.5,D
10,9,94.2,3.9,70.3,C
11,21.2,95.4,7.5,89.2,B
12,20.4,82.7,3.4,77.5,C
13,15.5,89.8,5.8,77.1,C
14,22.9,93.9,10,98.9,A
15,18.3,75.2,6.9,81.6,B
16,9,76.5,7.5,73.1,C
17,17.6,87.3,3.9,80,B
18,8.3,95.8,3.5,74.2,C
19,21.1,71,7.6,76.8,C
20,14.7,82.6,5.4,80.3,B
21,13.7,82.1,8.3,82.4,B
22,10.2,90,6.3,71.7,C
23,23.6,84.9,10,90.9,A
24,13.9,78.4,5.1,75.8,C
25,12,100,6.8,82.2,B
26,12.5,78.5,4.4,79.3,C
27,18.7,81.5,8.3,89.3,B
28,17.6,65.9,7.1,74.3,C
29,17.9,76.4,4.3,75.4,C
30,18,91.2,5.6,82,B
31,30,88.8,8.9,93.4,A
32,12.2,92.2,8.7,80,B
33,11.4,91.6,3.4,77.1,C
34,9.3,100,5.3,85.2,B
35,19.3,76,9.8,88.3,B
36,22.9,65.6,5.9,80.2,B
37,14.2,72.4,6.6,67.4,D
38,9.1,76.6,8.3,68.7,D
39,9.2,73.3,3.5,70.7,C
40,19.6,86.1,4.3,85.7,B
41,20.2,100,5.6,89.5,B
42,18.8,100,8.6,89.5,B
43,10.3,91.1,8.2,84.5,B
44,16.6,100,7.6,89.9,B
45,15.8,80.7,5.9,81.4,B
46,16.5,65.4,8.5,70.5,C
47,21.1,97.6,5.9,89.1,B
48,16.6,62.9,7.4,79.2,C
49,19.8,75.9,8,83.4,B
50,15.5,91.2,9.6,88.8,B
51,17,83.8,6.1,80.3,B
52,19.4,82.7,5.5,81.2,B
53,4.8,70.8,8.8,73.9,C
54,12.8,84.9,8.9,78.8,C
55,11.7,97,5.1,77.5,C
56,10.5,85.2,4,71.9,C
57,13.1,75,8.6,77.3,C
58,25.5,70,2.9,73,C
59,8.9,75.3,2.8,69.4,D
60,21.8,89.7,5.7,84.9,B
61,3.2,89.1,6.2,74.5,C
62,12.7,75.4,3.9,64.9,D
63,16.1,58.5,6.4,73.5,C
64,19.1,90,6.5,88.6,B
65,20,74.2,5,79.1,C
66,20.6,93.3,10,91.1,A
67,12.6,75.9,6.9,77.6,C
68,11.8,73.1,8.3,78.9,C
69,21,86.8,3.1,82.3,B
70,13.7,100,3.1,81.7,B
71,6.1,94,6.9,81.7,B
72,7.1,86.6,9.7,80.4,B
73,8.6,89.3,4,70.9,C
74,18.5,64,6.3,78.2,C
75,16,71.5,3.5,71.6,C
76,19.8,54.9,4.6,70.2,C
77,12,100,6.4,83,B
78,16.1,100,5,87,B
79,19.4,89.7,3.4,86.1,B
80,12.8,86.6,3.3,74.9,C
81,18.2,66.4,2.2,75.4,C
82,10.4,82.4,7,76.3,C
83,12.5,100,7.2,88.2,B
84,12.3,86.6,7.2,79.6,C
85,6.6,78.2,4.2,66.7,D
86,18.4,63.9,8,82.2,B
87,11.7,100,7.4,81.9,B
88,15.1,84.2,6,76.9,C
89,18.4,63.9,5.7,69.8,D
90,18.1,73.9,4.7,79.6,C
91,19.7,69.7,6.4,82,B
92,14.3,83.4,9.2,83,B
93,12,87.5,8.3,77.5,C
94,14.4,79,5.5,75.8,C
95,3.2,94.3,7.1,73.9,C
96,4.9,85.9,3.8,66.1,D
97,5.7,97.7,7.5,77,C
98,8,80.7,4.3,71.8,C
99,17.8,100,7.4,86.4,B
100,8.7,78.2,10,77.5,C
101,12.4,74.2,4.9,66.5,D
102,24.1,72.7,10,91.3,A
103,12.5,82.5,7,76.3,C
104,20.2,64.4,4.5,76.3,C
105,8.5,88.5,4.4,74.1,C
106,13.6,62.1,10,75.7,C
107,8.3,86.9,7,72.5,C
108,12.6,68.8,4.9,67.8,D
109,20.9,80.4,5.6,79.1,C
110,2.9,92.3,6.9,73.7,C
111,18,100,6,90.7,A
112,16.7,72.1,6.7,77.8,C
113,10.8,83.2,9.5,76.8,C
114,4.9,76.3,3.7,65.9,D
115,15.5,74.6,7.3,77,C
116,11.3,76.4,5.9,72,C
117,16.6,94.9,5,82.6,B
118,15.2,79.1,8.1,81.9,B
119,26.2,100,3.1,87.2,B
120,13.3,90,1.3,72.9,C
121,7.8,72.9,6.4,72.8,C
122,16.3,80.6,5.7,79.5,C
123,16.5,75.4,3.3,77.3,C
124,24.5,94.6,2.6,89.8,B
125,20.8,65.3,9.9,76.9,C
126,17.5,68.9,6.9,77.1,C
127,25.2,77.9,6,82.7,B
128,6.7,93.2,10,77,C
129,10.5,99.8,8,81.1,B
130,8.5,100,9.5,82.9,B
131,12.3,91.4,3.6,75.6,C
132,5.4,84,3.6,66.7,D
133,19.4,94.5,7.2,87.3,B
134,13.4,71.3,6.8,81.3,B
135,4.7,62.9,8.5,61.2,D
136,7.9,90.2,2.7,75.1,C
137,17.2,72.9,7.4,78,C
138,20.9,84.2,8,84.2,B
139,29,86.4,7.9,86.2,B
140,35.4,88,5.2,96.7,A
141,17.9,96.3,7,82.2,B
142,8.1,95,4.4,78.1,C
143,0.1,87.3,5.4,73.2,C
144,16.9,79.7,3.9,72.2,C
145,9.3,86.3,4.5,76.9,C
146,12.1,77.8,5.5,73.8,C
147,10.7,82.6,5,67.5,D
148,14,100,4.5,78.3,C
149,22.5,87.2,3.4,82.8,B
150,16.1,90.4,9.9,87.7,B
151,13.9,76.5,5,69.2,D
152,7.8,97.2,6.7,78.9,C
153,3.3,94.1,2.5,71.8,C
154,11.6,94.2,8.7,86.1,B
155,14.6,87.6,6.3,78.9,C
156,27.4,97.4,5.1,93,A
157,15.9,100,5.1,87.3,B
158,21.9,88.4,7.7,90.1,A
159,11.5,83.6,0.1,71.5,C
160,6.7,95.7,4.4,75.1,C
161,8.2,74.2,5.8,69.5,D
162,9.9,76.4,5.7,72.6,C
163,29.9,84.4,10,92.5,A
164,9.3,64.1,5.3,69.7,D
165,20.9,94.9,8,84.8,B
166,8.7,73.4,9.6,73,C
167,21.5,79.3,7.3,83.4,B
168,17.7,82.4,4.7,79.9,C
169,13.9,85.5,3.4,77.3,C
170,14.7,80.9,7.5,83.6,B
171,10.4,84.2,9.3,79.5,C
172,18.1,84.3,7.1,80.3,B
173,11.8,79.6,8.5,77.3,C
174,6.4,75.7,10,73.1,C
175,6.1,98,7.7,80.6,B
176,16.2,59.7,3.8,65,D
177,26.1,82.5,6.1,86,B
178,16.1,79.4,8.7,86,B
179,14.2,90,5.5,80.2,B
180,17,67.5,9,74.7,C
181,24.1,79,5.9,82.6,B
182,16.5,83.8,6.7,73.9,C
183,12.1,97.8,5.3,80.5,B
184,22.7,89,6.3,91.6,A
185,18,70.8,6.4,73.1,C
186,25.8,79.2,2.8,76.8,C
187,16.3,95.6,5.1,80.8,B
188,6.4,70.6,3.5,67.2,D
189,5.4,84.1,5.2,75.7,C
190,26.6,84.9,4.4,87.1,B
191,27.1,80.4,8,85,B
192,13.7,100,8,85.9,B
193,12.3,80,7.1,82,B
194,25.2,90.4,3.5,84.7,B
195,7.3,75.8,5.8,70.1,C
196,8.7,91.3,3.3,74.1,C
197,19.5,95.4,5.7,81.2,B
198,12.2,77.9,7.3,79,C
199,15,84.3,8,83.7,B
200,13.9,74.3,6.9,69.5,D
201,17.4,71.3,8.5,74.9,C
202,24.9,97.4,6.5,88.6,B
203,15.6,78.4,5.5,78.8,C
204,19.5,56,7.7,71.8,C
205,0.6,100,7.8,77.1,C
206,14.7,75.4,5,73.5,C
207,9.1,82,6.8,74.7,C
208,6.5,100,5.4,78.8,C
209,8.9,83.3,2,69.8,D
210,12.7,83,6.9,77.6,C
211,21.4,70.3,3.4,76.4,C
212,5.7,65.4,6.7,66.5,D
213,15.2,83,2.9,74.2,C
214,11.6,89.4,4.6,75.1,C
215,12.7,88.7,5.1,83.3,B
216,22,79.2,8.4,83.8,B
217,18.8,85.2,4.9,84.8,B
218,24.4,63,3.9,73.5,C
219,13.9,90.5,6.7,83.5,B
220,10.1,86.9,5.6,80.9,B
221,13.4,100,7.6,84.2,B
222,16.7,85.1,4,75.9,C
223,16.2,73.7,6.4,75.1,C
224,7.4,84.4,10,77.9,C
225,15.6,81.1,5.5,78.5,C
226,16.6,90.2,6.4,82.5,B
227,32.6,85.3,2.7,87.1,B
228,28.1,69.9,4.3,87.3,B
229,9,65.4,6.9,68,D
230,13,88.2,5.3,76,C
231,4.8,100,7.2,80.7,B
232,10.9,86,6.8,79.9,C
233,17.2,94.8,3.4,85.3,B
234,23.4,97.2,8,98,A
235,9.9,88.2,3.5,74.4,C
236,10.4,75.2,4.5,69.4,D
237,0,87.3,6.5,63.5,D
238,13.9,99.5,9.1,84.4,B
239,7.6,91.4,4,74,C
240,11.3,94,6.3,76.3,C
241,8.9,79.4,6.3,68.1,D
242,14.3,82.6,7.3,79.5,C
243,2.7,83.6,8.4,74.5,C
244,4.7,84.4,5.2,69.4,D
245,29.9,99,8,100,A
246,6,56.8,8.7,67.2,D
247,7.3,85.4,9.6,81.2,B
248,27.9,84,7,96.1,A
249,35.3,68.5,6.3,96.6,A
250,6.8,93.1,5.1,76.9,C
251,12.4,76.3,3.1,69.1,D
252,17.4,80.7,5.4,78.8,C
253,27.1,100,6.2,98.5,A
254,8.1,97.1,5.8,75.3,C
255,13.3,91.9,7.2,86,B
256,20.4,89.6,3.1,80.8,B
257,18,83,5.6,80.9,B
258,12.4,100,10,84.8,B
259,14.1,94.6,8,80.2,B
260,5.4,76,7.2,69.2,D
261,13.3,68.2,6.8,76.6,C
262,13.1,91.8,5.3,77.1,C
263,16.6,84.3,2.5,80.7,B
264,11.1,67.9,6.9,69.3,D
265,18.3,90.1,1.1,74.3,C
266,22.1,81.8,5.3,83.2,B
267,16.1,91.4,6,84.2,B
268,17.5,90.3,5.1,82.3,B
269,15.4,77.7,10,82,B
270,15,92.6,9.6,91,A
271,9.9,79,8.1,75.9,C
272,17.2,79.8,4.1,75.2,C
273,14.3,78.6,9.8,77.5,C
274,29.7,98.6,7.2,100,A
275,26,81.6,4.1,82.6,B
276,17.7,100,6.1,85.6,B
277,9.7,100,7.9,85.9,B
278,7.2,76.1,4.8,74.7,C
279,23.3,49.9,6.3,73.8,C
280,16.8,97.5,6.6,85.3,B
281,18.4,80.9,3.8,77.4,C
282,2.8,74.6,5.5,64.1,D
283,21.5,77.9,3.9,77.8,C
284,18.2,80,7.7,80.7,B
285,7.2,100,4.2,79.2,C
286,11.7,86.9,6.6,77.7,C
287,16.8,100,3.2,86.6,B
288,15.4,90.9,3.7,78.4,C
289,13,81.3,3.6,72.2,C
290,14.3,80.3,5.4,80,B
291,13.2,91.7,6.4,80.7,B
292,16.1,94.8,6.7,83.9,B
293,25.3,97,2.5,86.9,B
294,0,81.9,5.7,70.7,C
295,13.3,87.1,4.5,77.7,C
296,16.2,92,7.1,87.5,B
297,17.1,80.4,5.5,77.6,C
298,12.4,71.4,5.8,75.3,C
299,2.7,75.3,4.5,65.3,D
300,17.3,82.1,9.4,86.5,B
301,27.1,92.9,3.4,90.8,A
302,4.3,100,5.2,72.6,C
303,21,68.7,6.2,78.2,C
304,12.7,77.8,5.5,77,C
305,14.6,80.7,4.5,78.7,C
306,7.6,94.5,2.4,76.4,C
307,12.7,78.7,4.6,73.7,C
308,24.1,79.8,4.1,86.3,B
309,19.1,68.1,9.4,78.1,C
310,27.1,90.8,10,90.5,A
311,23.2,83.1,5.9,83.6,B
312,18.1,77.2,3.2,78.7,C
313,27.2,81.9,7.5,85.6,B
314,18.1,98.5,4,79.5,C
315,20.8,72.9,4.9,72.6,C
316,12.9,74.9,4.7,74.6,C
317,15.5,100,5,79.3,C
318,10.1,85.9,5.3,76.5,C
319,21.9,93,3.4,83,B
320,6.8,89.8,4.6,70.6,C
321,20.5,84.6,8,82.5,B
322,13.7,80.8,5.9,77.1,C
323,23.2,95,6.3,86.8,B
324,20.3,98.9,1.5,82.6,B
325,27.7,98,7.9,96.8,A
326,20.1,70.8,4.6,78,C
327,4,100,8.2,81.7,B
328,14.5,80.7,6.3,78,C
329,6.8,75.9,4.9,65.1,D
330,11.4,83,2.6,73,C
331,25.6,95,10,97.3,A
332,19.5,91.5,7.6,86.1,B
333,10.1,81.9,7.7,75.5,C
334,7.9,95.1,9.6,89.1,B
335,15.2,86.7,6.4,76.5,C
336,6.5,78.1,8.7,74.9,C
337,10.3,76.5,5,74.5,C
338,17.2,89.9,7.5,83.2,B
339,23.1,84,4.7,82.7,B
340,19.3,68.5,5,73.9,C
341,0,95.2,6.2,71.7,C
342,17.1,79.2,3.5,78.2,C
343,15.5,100,6.7,85,B
344,17.9,68.2,5.4,83.7,B
345,26.3,82.8,2,80.6,B
346,0.6,76.6,5.1,68.2,D
347,10.9,73.3,5.3,72.5,C
348,19.1,79.2,7.7,82.4,B
349,3.9,100,6.6,81.2,B
350,25.3,86.7,8.9,86.1,B
351,17.6,75.5,7,80.1,B
352,20.9,63.1,4.9,72.1,C
353,11,64.3,5.9,67.2,D
354,20.7,78.6,5.3,78.7,C
355,22.5,77.4,7,80.2,B
356,16.6,82.3,6.1,74.5,C
357,16.6,57.7,4.7,70.1,C
358,16.9,83.9,6,79.9,C
359,9,97.3,6.9,79.2,C
360,14,100,4,83.5,B
361,13.9,62.3,6.6,72.2,C
362,17.7,75.4,2.8,73,C
363,22,74.7,8.2,92.4,A
364,7.6,86.7,7.1,78.4,C
365,14.1,70.4,9.3,84.4,B
366,25.4,100,3.8,88.3,B
367,9.8,85.5,8.3,78.8,C
368,9.2,83.5,7.9,72.7,C
369,16.4,100,5.6,84.1,B
370,20.9,84.8,5.2,80.8,B
371,15.1,89.8,3.8,87.2,B
372,24.3,76,3.3,77.5,C
373,21,68.6,4.5,75.1,C
374,20.9,77.7,3.5,73.5,C
375,18.9,100,9.2,92.8,A
376,31.3,92.6,3,87.7,B
377,13.6,88.3,6.3,82.3,B
378,1,73.3,6.9,60,D
379,26.2,95.9,6.7,91.9,A
380,11.8,68.7,6.9,66.3,D
381,15.8,66.2,7.9,73.6,C
382,24.2,78.3,5.1,81.6,B
383,3.8,100,6.2,74.5,C
384,6.2,100,5.4,75.7,C
385,3.8,79.6,8.6,74.7,C
386,9.4,76.9,10,83.3,B
387,18.1,65.3,3.6,72.4,C
388,18.7,85.9,1.9,74.7,C
389,16.9,86.9,7.1,82.8,B
390,5.1,94.5,8.1,76.5,C
391,0,95.9,9.9,79.1,C
392,15.4,82.6,7.5,81.1,B
393,11.7,91.7,8.8,77.6,C
394,18.2,76.6,9.3,85.7,B
395,19.9,91.4,8.9,91.5,A
396,16,78.9,7.8,84.2,B
397,20.3,90.5,3.4,80.4,B
398,16.6,89.5,6,82.8,B
399,18.7,85.8,6.6,79.3,C
400,10.1,94.5,5.8,78.4,C
401,13.7,66.2,5.9,72.4,C
402,16.4,72.2,9.1,77.3,C
403,20.7,81.8,4.5,81.4,B
404,12.2,67.7,7.6,73.2,C
405,18.6,80.1,6.6,79.4,C
406,13.1,80.5,4.3,78.2,C
407,14.2,100,3.8,80.5,B
408,20.8,86.7,2.6,80.3,B
409,1,97.4,7,69.8,D
410,5.9,88.6,5.9,75,C
411,4.6,78.6,4.3,65.5,D
412,0,86.6,2.2,66.7,D
413,10.3,93.8,6.9,75.7,C
414,20.2,99.3,5.7,89,B
415,13,83.4,4.6,68.7,D
416,16.4,65.2,4.1,72.5,C
417,22.6,64.4,5.5,76.3,C
418,24.3,81.1,6.9,86.9,B
419,14.5,56.9,5.3,66,D
420,24.5,100,3.6,85.9,B
421,15.6,92.2,5.9,80.7,B
422,9.1,77.4,8.1,75,C
423,10.8,71.7,6.1,73,C
424,4.6,97.3,6.1,76.8,C
425,8.8,71.6,5.3,66,D
426,12.5,72.8,4.2,76.1,C
427,20.6,75.8,4.2,78.7,C
428,27,86.4,2.7,82.7,B
429,5.3,92.4,8.4,78.6,C
430,17.7,99.3,6.9,88.1,B
431,7.7,97.5,6.2,77.8,C
432,18.3,85,6.6,81.4,B
433,14.1,97.2,6.7,86.5,B
434,2.2,76.9,4.5,70,C
435,21.5,63.1,5.3,69.2,D
436,10.8,76.9,5.1,75.5,C
437,11.3,75.3,10,77.6,C
438,7.5,77.4,8,73.9,C
439,10.4,73.5,6.3,75.9,C
440,18,79.5,8.7,74.6,C
441,13.7,92.4,8.5,86.2,B
442,17.3,100,3.2,86.7,B
443,17.5,64.3,5.6,70.9,C
444,24.2,69.5,6,76.2,C
445,12.6,75.5,7.2,80.2,B
446,4.7,94.2,5.6,68.8,D
447,22.5,82.5,5.8,84.8,B
448,12.7,76.3,5.1,76.1,C
449,22.8,93.6,8.1,91.7,A
450,17.7,96.5,3.1,83.4,B
451,14.1,84.8,5.1,76.5,C
452,17.4,75.2,2.3,74.3,C
453,28.7,88.2,3.9,85.9,B
454,29.5,82.2,6.6,88,B
455,15.5,82.1,6.7,79.3,C
456,16.1,78.9,5.4,72.3,C
457,22.5,96.1,8.2,93.1,A
458,9.1,88,8.7,71.5,C
459,17.3,97.4,5.9,86.2,B
460,14.8,100,6.5,86.3,B
461,17.2,90.5,5.1,79.2,C
462,9.2,78.9,7.3,70.3,C
463,3.9,97.5,3.6,71.1,C
464,0.5,90.6,9.6,76.4,C
465,7.2,100,8.3,82.4,B
466,11.8,88.7,3.6,71.8,C
467,12.9,93.4,4.4,78.9,C
468,28.6,88.5,6.8,92.3,A
469,22.7,83.8,5.3,84.3,B
470,8.3,81.9,7.1,71.2,C
471,17.4,88.5,5.3,81.8,B
472,12.2,91.3,9,85.6,B
473,13,98.9,6,84.2,B
474,16.3,88.7,10,87.4,B
475,19.3,79.4,7.2,86.7,B
476,12.6,81.1,3.3,73.1,C
477,22.4,69.1,10,81.2,B
478,7,100,8.2,78.6,C
479,15,78.5,6.8,78.2,C
480,33.2,96.6,7.3,94.1,A
481,16.6,88.3,3.6,77.6,C
482,25,88.6,2.4,84.9,B
483,15.6,83.6,5.9,82.4,B
484,19.1,75.5,8.8,77.4,C
485,14.6,73.4,6.8,75.8,C
486,13.8,100,9.4,87.5,B
487,9.5,86.4,8.6,78.7,C
488,18,98.5,6,86.6,B
489,9,100,8.4,82.7,B
490,19.7,80.1,9,88.6,B
491,22.6,90.1,5.8,90.1,A
492,17.6,85.5,5.6,87.1,B
493,13,71.1,6.3,72.9,C
494,18.2,82.8,1.2,73.6,C
495,12.8,92.1,6.6,77.7,C
496,21.5,79,7.4,82,B
497,2.2,81.1,6.3,70.5,C
498,12.7,82.9,6.7,80,B
499,1.1,100,5.9,75.9,C
500,4.5,63,2,56.5,F
501,24.5,91,9.3,90.4,A
502,21.3,82,5.3,87.6,B
503,10,77.3,4.8,68.5,D
504,4.5,81.7,8.7,77.5,C
505,0,93,8,74.2,C
506,11.2,93.7,6.5,77.8,C
507,31.9,87.2,7.5,90.9,A
508,18,98.1,3.7,81.2,B
509,11.1,100,5.8,82.6,B
510,18.3,94.8,8.6,85.4,B
511,4.1,78.4,4.6,71.5,C
512,12.9,90.9,4,76.6,C
513,15.7,91,6.2,84,B
514,14.4,75.2,6.2,77.2,C
515,20.5,66.2,7.3,82.8,B
516,17.4,60.7,3.2,67.5,D
517,19.7,85.8,0.9,77.1,C
518,10.2,88.6,7.8,74.7,C
519,21.3,70.8,3.8,76.4,C
520,26.4,97.6,4.8,94.1,A
521,8.2,86.8,1.6,70,C
522,8.8,100,8,89.2,B
523,24.4,89.4,6.7,90.1,A
524,13.7,72.2,6.6,72.6,C
525,24.8,90.5,6.6,90.5,A
526,11.9,93,1.9,70.3,C
527,25.2,78.4,4,79.6,C
528,15.9,67.7,5.1,68.8,D
529,16.8,86.2,4.5,79.1,C
530,26,73,5.5,82.1,B
531,12.5,98.5,6.5,86.2,B
532,8.4,80.1,8,74.5,C
533,11.9,100,3,75.5,C
534,18.2,59.5,6,76.9,C
535,4,86.6,7.4,64.3,D
536,19.5,100,4.2,85.7,B
537,11.2,74.3,5.6,72.6,C
538,23,83.1,6.9,85.5,B
539,0,80.2,6,67.6,D
540,9.5,76.8,7.3,73.9,C
541,3.2,87.9,6.2,73,C
542,9.2,69.5,5.4,66.6,D
543,16.7,83.7,3.7,72.7,C
544,13.7,91.2,6.5,80.8,B
545,13.2,82.4,6.2,74,C
546,13.9,73,4,69.3,D
547,16.4,97.4,7.2,89.4,B
548,7.9,93.8,8.5,84.6,B
549,19.9,72.5,4.7,80.1,B
550,19.6,69.5,4.5,78.1,C
551,17.7,73.6,4.5,75.3,C
552,18.9,91.5,2.6,83.3,B
553,17.1,88.3,10,87.7,B
554,29.2,94.5,5.1,97.9,A
555,14.4,81.1,4.3,72.4,C
556,12.9,73.9,3.7,72.8,C
557,9.7,96,5.2,74.3,C
558,7.8,78.4,4.6,71.6,C
559,6.3,87.2,8.9,71.6,C
560,8.8,66.4,3.5,61.1,D
561,14.5,78.2,2.9,68.7,D
562,17.3,97.1,7.1,87.2,B
563,15.4,76.4,5.8,77,C
564,9.6,94.8,5.6,85.4,B
565,21.3,57,7.1,74.8,C
566,20.2,78.3,6.3,83.2,B
567,13.9,82.9,5.9,77.8,C
568,10.4,100,3.2,79.7,C
569,18.8,71,2.7,73.3,C
570,16.3,93.1,4.6,84.6,B
571,4.9,97.7,3.8,70.3,C
572,14.5,76.3,6.5,68.9,D
573,16.8,80.5,2.4,75.7,C
574,8.7,86.7,5.1,68.5,D
575,16.3,67.2,5.7,77.2,C
576,4.8,79.5,5.9,67.7,D
577,24.4,100,6.8,89.3,B
578,23.7,91.3,5.3,95.2,A
579,13.2,83.1,4.7,75.4,C
580,17.5,86.4,8.5,83.8,B
581,0,92,5.4,71.8,C
582,6.9,94.3,8.8,82.2,B
583,12.9,78.3,5.3,77.7,C
584,7.5,100,6,74.8,C
585,20,100,5.7,89.5,B
586,29,93.1,6.5,92.1,A
587,6.8,74.9,5.2,65.5,D
588,9.1,72.8,6.2,70.6,C
589,16.6,81.1,9.1,77.1,C
590,26.3,85.7,8.1,93.1,A
591,6.4,63.8,8.1,66.7,D
592,16.7,90.9,3.3,77.8,C
593,27.7,100,3.6,90.8,A
594,3.4,91.9,6.4,72.9,C
595,6,76.9,7.5,74.7,C
596,12,75.5,5,68.9,D
597,11.4,88.6,4.6,74.8,C
598,20.7,83.2,8.8,85.3,B
599,16.7,90.3,7.4,80.7,B
600,2.6,92.2,8.1,75.3,C
601,18.6,98.1,5.1,83.2,B
602,11,71.4,5,65.7,D
603,23.9,87.7,7.9,90.6,A
604,10.6,80.6,5.5,78.2,C
605,10.5,83.8,4.8,74,C
606,18.8,95.4,4.2,83.1,B
607,20.3,96.7,5,85.7,B
608,18.1,100,7.8,87.4,B
609,3.2,90.1,3,71.9,C
610,18.8,83.7,7.3,83.2,B
611,7.8,82,4.6,64.3,D
612,16.6,64.2,5.6,75.9,C
613,5,100,5.7,79.5,C
614,18.1,81.1,5.6,81.3,B
615,9.4,91.1,5.4,68,D
616,6,93.1,5.1,74.2,C
617,20,70.1,4.9,78.7,C
618,16.7,73.9,8.6,80.6,B
619,10.7,100,6.1,81.9,B
620,25.2,88.5,5.7,90.3,A
621,11.9,78,4.7,73.1,C
622,15.2,83.5,5.2,81.3,B
623,16.9,98,4.7,84.1,B
624,10.7,96.2,7.5,81.9,B
625,18.3,67.4,4.5,76.1,C
626,11.3,100,1.5,75.1,C
627,12.1,96.6,6.1,77.9,C
628,24.5,83.2,5.4,84.9,B
629,7.7,70.7,4.8,68.8,D
630,0,97.6,7.8,77.3,C
631,26.3,90.7,0.5,85.8,B
632,32.8,67.5,9.2,89.7,B
633,12.2,82.2,8.1,77.9,C
634,1.4,100,4.7,71,C
635,12.8,85.2,5.1,77.2,C
636,13,76.1,7,70.6,C
637,13.7,72.9,7.1,75,C
638,7.2,100,4.7,85.6,B
639,19.1,95.2,2.8,77.4,C
640,18.7,100,10,92.5,A
641,4.5,88,7.9,75.7,C
642,19.9,100,6.3,90,A
643,29.4,74.8,6.4,83.7,B
644,16.2,87,7.2,83.7,B
645,12.6,88.4,7.5,78.7,C
646,14,100,1.8,74.4,C
647,19.3,88.8,5.3,85.7,B
648,2.9,77.5,5.1,68.2,D
649,16.2,85.8,5.7,76.9,C
650,12.3,64.9,7.5,70,C
651,27.9,57.1,2.4,72.7,C
652,13.8,95,3.3,73.6,C
653,26.7,80.5,4.6,86.8,B
654,7.3,81.9,6.3,74.9,C
655,19.1,95,7.7,86.7,B
656,17.2,100,9.3,90,A
657,8.9,91.4,5.4,76.5,C
658,16.2,100,7.7,88.1,B
659,23.5,91,7.4,85.2,B
660,12.7,88.6,7.1,81.4,B
661,3.2,87.9,6,67.6,D
662,14.9,69.6,5.2,74.5,C
663,8.7,96.5,3.9,72.7,C
664,12.6,55.7,3.7,60.1,D
665,14.4,78,6.7,76.8,C
666,3.1,85.3,5.9,69.9,D
667,3.7,75.5,5.2,66.5,D
668,18.4,79.6,7.3,78.5,C
669,11.3,100,5.6,81.8,B
670,0,98.2,4.2,71.3,C
671,20.5,76.8,5.5,83.1,B
672,16.9,79.4,7.6,81,B
673,10,69.7,4,65.5,D
674,5.8,93.5,6.4,71.6,C
675,20.9,82,5.9,77.6,C
676,17.4,61.4,4.5,71.5,C
677,31.7,86.2,5.4,93.7,A
678,17.9,90.3,2.9,76.7,C
679,17.7,96.6,6.2,86.3,B
680,13.8,84.1,3.3,74.1,C
681,20.7,80.5,8.1,86.5,B
682,19.4,100,5.8,90.1,A
683,23.8,85.1,4.9,77.5,C
684,11.4,93.6,8.3,85.3,B
685,12,78.5,3.9,72.7,C
686,11.6,93.3,4.5,76.1,C
687,20.5,67.5,2.3,71,C
688,25.5,79.5,8.6,88.2,B
689,11.8,70.5,9.7,74.4,C
690,12,77.7,2.7,67.4,D
691,17.2,100,4.4,82,B
692,13.3,77.7,6.1,72.2,C
693,21.7,93.6,5,90,A
694,0,100,5.9,73.3,C
695,9.2,84.7,5.8,81.1,B
696,9.5,96.9,6.8,81.3,B
697,0,91.4,4.1,69.6,D
698,8.3,86.4,6.4,71.8,C
699,8.6,94,3.8,74.2,C
700,13.6,100,5.2,82.6,B
701,22.8,77.4,2.5,76.1,C
702,13.3,73.5,5.2,71.3,C
703,7.8,72.8,4.9,69.1,D
704,14.6,96.9,7.9,86.6,B
705,22.3,98.6,5.9,85.3,B
706,8.2,78.6,6.2,72.8,C
707,8.6,59.4,6,66.6,D
708,18.9,76.9,1.7,72.2,C
709,13.4,91.6,2,73.4,C
710,19.5,84.2,5.4,82.7,B
711,14.9,87.2,6.6,72.7,C
712,19.9,78.7,5.5,79.9,C
713,7.8,97.2,4.3,80.8,B
714,14.9,89.1,5.5,72.1,C
715,13.5,92,5.3,82.2,B
716,6.5,86.9,7.6,76.9,C
717,4.1,91.3,7.4,70.5,C
718,19.8,90.5,4.9,84.9,B
719,12.5,73.9,5.9,76.1,C
720,7.8,89.5,6.6,72.4,C
721,14.3,94.5,6.8,80.9,B
722,22.9,98.9,9.3,94,A
723,0,90,5.9,72.5,C
724,4.5,73.4,8.3,68.2,D
725,8.5,75.3,3.7,67.8,D
726,25.2,79.8,4.7,81.3,B
727,17,87.3,1.7,76.3,C
728,20.4,83.5,6.3,86.1,B
729,7,71.5,7.3,70.1,C
730,7.2,71.4,0.9,61.1,D
731,18.1,59.8,6.4,72.7,C
732,15.4,47.6,7.2,64.9,D
733,18.8,83.4,7.1,79.7,C
734,13.7,100,3.6,84.2,B
735,16.9,100,7.5,92.7,A
736,16.1,73.3,6,70.3,C
737,20.4,86.8,7.2,86.9,B
738,20.6,67.4,5.7,79.2,C
739,3.7,69.3,6.8,62.2,D
740,0,70.6,8.2,63.9,D
741,22,82.3,5.6,81.1,B
742,23.3,82.8,6.6,90.9,A
743,7.9,88,8.5,82.7,B
744,2,93,5.7,69.1,D
745,15.7,81,3.7,71,C
746,21.5,85.4,7.4,88,B
747,27.6,71.9,8.9,88.8,B
748,18.6,68.9,8.6,82.8,B
749,12.4,67,7.4,69.2,D
750,8.7,92.8,1.3,73.7,C
751,15.1,80.9,4.7,73.9,C
752,12.9,62.5,4.8,69.9,D
753,7.9,84.2,6.1,73.4,C
754,29.3,70,9.4,94.2,A
755,27.5,100,3.8,92.6,A
756,23,78.1,10,86.4,B
757,8.6,93.2,5.2,76.7,C
758,21,98.1,4.5,86.1,B
759,19.5,73.5,7.7,76.8,C
760,18.1,85.9,7.8,89.7,B
761,23.7,91.6,7.3,94.4,A
762,19.4,86.4,4.5,80.5,B
763,20.2,89.3,7,87.8,B
764,19.5,69,3.9,80.3,B
765,17.4,91.6,4.4,85,B
766,2.5,79.2,5.8,66.4,D
767,15.6,89.2,4.4,78.8,C
768,11.1,96,8.1,77.5,C
769,6,93,4.8,76.2,C
770,26.8,89.2,5.6,92.6,A
771,27.1,92.7,4.2,92.5,A
772,24.5,93.3,8.1,93.8,A
773,16.8,100,4.7,85.2,B
774,24.5,84.6,8.3,85.7,B
775,15.1,87,8.1,83.3,B
776,16.4,96.2,5.1,81.2,B
777,7.3,79.1,6.1,72.8,C
778,17.8,69,5.1,71.9,C
779,15.4,90.9,7.1,84.4,B
780,5.9,82.5,5.6,74.8,C
781,14.6,70.5,5.2,73.7,C
782,14.4,91,6.1,81.9,B
783,27.6,100,2.8,92.8,A
784,21.3,65.4,5.8,81.8,B
785,15.1,97.3,7.3,84.8,B
786,16.7,54.6,6.3,71.3,C
787,15.3,80.2,7.9,84.4,B
788,13.6,100,5.2,84.5,B
789,7.4,81.1,5.1,64.8,D
790,13.9,86.1,3.8,73.8,C
791,9.8,94.2,5.2,79.7,C
792,6.2,64.4,9.9,68.6,D
793,18.6,85.9,6.6,87,B
794,17.7,85.8,4.8,85.6,B
795,2.5,100,4,70.9,C
796,14.1,70.2,2.8,66.1,D
797,22,80.4,4.3,79.6,C
798,22.4,73.9,7.5,81.2,B
799,22.2,72.6,5.1,83.6,B
800,15.3,98.5,4.1,78.7,C
801,9.1,85.3,4.3,74.9,C
802,7.4,78.3,7.3,76.7,C
803,17.4,78.8,5.8,80.9,B
804,17.7,78.2,4.7,78.4,C
805,24,79.3,5.4,82.5,B
806,22.7,69.8,10,89.7,B
807,14.1,81.9,8.4,79.4,C
808,6.3,80.7,8.9,77.3,C
809,12.8,75.9,2.5,69.4,D
810,16.5,86.9,5.7,75,C
811,13.6,87.9,4.7,76.7,C
812,11,78.3,7.1,74.4,C
813,16.8,83.3,8.1,81.9,B
814,11.5,100,6.7,80.6,B
815,10.6,100,4.3,80.9,B
816,17.2,72.4,4.7,76.8,C
817,12.2,74,7.2,73.6,C
818,16.7,72.3,7.4,76.5,C
819,16.9,97.7,6.3,82.2,B
820,7,80.2,6.3,72.4,C
821,11.6,87.9,6.1,81.8,B
822,25.1,100,6.5,96.8,A
823,6.9,84.9,7.4,72.8,C
824,0.2,93.5,7.3,78.5,C
825,2,91.2,6,70.5,C
826,15.2,77.9,5.9,73.5,C
827,15.2,97.7,5.8,79.5,C
828,14.2,74.8,4.4,69.7,D
829,23.5,100,4.4,89.9,B
830,0,78,7.1,65.8,D
831,17.8,79.3,4.6,75.5,C
832,25.9,71.9,7.6,82,B
833,7.1,73.9,5.9,65.8,D
834,12.3,79.9,7.6,74.5,C
835,9.7,55.8,7.3,69.2,D
836,8.7,82.2,7.7,80.8,B
837,12.7,78.9,5,79.6,C
838,25,94.5,6.8,93,A
839,27.9,90.1,7.5,90.8,A
840,12.6,76.5,2.9,68.5,D
841,28.3,79.5,9.4,93.4,A
842,15.2,82.2,10,82.3,B
843,27.3,100,7.9,97.2,A
844,14.3,75.1,7.6,82.7,B
845,15.9,76.4,7.2,78.7,C
846,17.6,71.5,5.4,82.2,B
847,37.3,67.2,5.8,85.7,B
848,21,88.7,7.9,88.5,B
849,10,87.4,4.1,74.8,C
850,21.8,100,3.9,84,B
851,12.5,97.5,5.2,83.1,B
852,11.6,100,7.3,88,B
853,21.4,84.1,4.3,88,B
854,15.2,81.9,5.5,78.8,C
855,17,69.4,5.8,68.9,D
856,15.1,93.4,4,81.1,B
857,17.4,86.4,1.1,77.7,C
858,18,92.8,3.9,80.9,B
859,1.4,71.3,6.5,65.2,D
860,19.7,89.2,7,83.8,B
861,8.1,87.5,7,75.6,C
862,4.9,86.7,7.2,76.6,C
863,14.6,76.8,4.7,78.5,C
864,15.6,99.3,4.3,78.8,C
865,10.1,100,6.8,80.2,B
866,20.8,71.7,5.6,73.3,C
867,5.6,93.6,7.8,82.8,B
868,12.2,50.5,6.8,68,D
869,10.9,93,8.6,75.9,C
870,14.7,62.6,5.1,69.4,D
871,17,78.7,8.1,80,B
872,7.9,69.2,10,70.6,C
873,20.1,82.4,6.1,85.2,B
874,15.4,95.1,7,87.2,B
875,1.8,62.7,4.1,59.7,F
876,1.3,80.7,7.8,67.4,D
877,14.9,78.8,8.3,77.6,C
878,13.5,100,5,82.2,B
879,14.3,90.2,7.2,80.4,B
880,14.8,70.9,6.6,74.5,C
881,16.6,79.3,6.8,80.8,B
882,21.6,100,7.6,86.8,B
883,7.2,93.6,7,75.3,C
884,6.8,74,5.7,68.5,D
885,7.3,81.8,7.7,78.9,C
886,17,82.2,8.2,84.8,B
887,23.7,78.5,4.9,81.9,B
888,12,64.5,6,70.6,C
889,0,76.9,2.5,60.3,D
890,3.1,100,7.2,80.1,B
891,9.2,80.4,8.4,77.3,C
892,11.1,83.8,5.5,78.9,C
893,12.1,86.7,6.3,73.8,C
894,15.3,100,5.6,81.7,B
895,12.8,85.1,5.2,77.4,C
896,22.3,98.1,6.5,91.3,A
897,10.3,77.8,4.4,78.2,C
898,9,81.9,5.5,67.4,D
899,18.4,85.2,4.2,79.3,C
900,4.3,75.7,7.2,68.8,D
901,17.7,82.6,6.5,81.5,B
902,15.7,95.7,5.1,87.6,B
903,14,75.4,6.1,77.5,C
904,26.1,85,5.6,82,B
905,10.6,93.5,8.3,86.2,B
906,29.4,75.1,5.1,89.8,B
907,13.4,98.1,7.3,84.9,B
908,6.1,85.9,4.6,66.1,D
909,15.5,83,7.6,80.2,B
910,7.5,60.9,8.1,68.6,D
911,9.7,80.5,8.2,79.1,C
912,17.8,89.5,8.9,81,B
913,18.9,100,6.6,85.8,B
914,10.6,91.8,8.5,84.5,B
915,21.9,98.5,9.2,97.5,A
916,23.1,70.5,3.8,78.5,C
917,25.1,83.5,4.8,88,B
918,18.7,99.6,3,84.9,B
919,24.5,74.3,8.1,87.8,B
920,1.8,96.6,3,70.2,C
921,12.8,93.8,2.4,77.7,C
922,8.9,88.3,3.8,69.4,D
923,15.8,81.1,2.5,76.3,C
924,11,73.2,6.5,68.7,D
925,13.8,100,3.8,83.1,B
926,28.2,92.6,2.6,86.3,B
927,13.8,89.1,5.9,80.6,B
928,17.9,80,6,76.6,C
929,13.4,85.5,2.3,72,C
930,15.5,87,4.6,79.6,C
931,15,89.8,5.9,82.9,B
932,18.1,93.8,5.3,87,B
933,23.2,75.6,5.3,77.5,C
934,26.5,67.4,8.4,79.7,C
935,17.2,86,10,82.9,B
936,19.1,64,5.4,70.6,C
937,6.9,81.1,3.4,73.1,C
938,14.4,78.9,5.5,79.8,C
939,21.6,90.9,6.4,83.6,B
940,21.1,100,5.9,94,A
941,16.5,61.7,7.2,77.1,C
942,21.2,100,10,89,B
943,18.4,82.2,2.6,73.4,C
944,23.4,89.2,5,80.7,B
945,17,68,9.1,77.9,C
946,12.5,97,5,80.3,B
947,17.4,85.5,7.6,82.9,B
948,0,84.3,7.3,63,D
949,17.7,61.8,8.5,71.4,C
950,0,85.9,9.8,73.5,C
951,2.9,95.1,6.7,76.3,C
952,18.2,82.2,2.5,70.2,C
953,18.3,99.1,4.6,81.1,B
954,6.9,98.6,10,85.7,B
955,10,77.3,3.2,65.5,D
956,24.6,100,7,92.8,A
957,11.6,85.5,1,66.7,D
958,30.7,85.6,3.3,90.3,A
959,15,86.2,7.8,75.5,C
960,17.9,85.8,6.1,80.7,B
961,26.3,53.4,5.2,78.1,C
962,15.9,82.8,4.4,78.8,C
963,8,68.6,2,61.7,D
964,14.2,100,7.4,83.4,B
965,14.8,100,5.4,82.9,B
966,5.4,95.2,3,68,D
967,13.2,82.1,6.1,76.4,C
968,9.8,72.9,7.2,71.9,C
969,21.5,77.1,5.6,79.3,C
970,15.2,100,6.2,87.9,B
971,13,76.7,6.1,71.5,C
972,14.3,56.7,4.6,61.5,D
973,16.6,97.4,6.1,83.2,B
974,19.3,100,7.5,89.8,B
975,8,100,8.1,81.4,B
976,7.7,97.5,7.6,79.5,C
977,22.7,99.4,4.6,85,B
978,12.1,85.6,7.3,75.7,C
979,5.1,60.1,6.9,62.3,D
980,18.1,85.3,4.6,78.1,C
981,18.2,92.5,5.1,86.3,B
982,4.3,83.4,7.4,72.9,C
983,16.6,82.8,8.8,81.2,B
984,20.1,73.4,2.4,77.7,C
985,17.6,73,9.3,82,B
986,19.4,100,8.3,86.5,B
987,5.2,100,6.4,67.8,D
988,17.3,85,5.5,76.2,C
989,12.9,88.4,6.8,81.4,B
990,11.6,73.2,4.7,73.4,C
991,21.1,92.7,5.6,81,B
992,25.4,100,3,90.7,A
993,27.6,66.6,2.5,79.5,C
994,24.2,90.6,10,96.9,A
995,14.2,91.5,6.1,83.8,B
996,17.5,91.3,6.4,87.7,B
997,20.4,100,5.9,89.9,B
998,15.8,100,4.3,84.5,B
999,15.9,82.2,5.4,77,C
1000,20.8,93.1,6.2,89,B
1001,14.6,86,5.6,74.6,C
1002,9.9,77.4,4.5,70.3,C
1003,12.1,88.2,7,80.8,B
1004,19.4,93.1,6.4,90,A
1005,15,87.6,6.8,79.5,C
1006,17.4,74.4,7.4,81.6,B
1007,19.7,79.4,5.7,79.6,C
1008,12.4,79.5,5.7,77.7,C
1009,20.3,74.9,9,80.5,B
1010,17.7,88.8,4.1,82.3,B
1011,6.4,90,2.3,69.6,D
1012,25.1,96.8,7.1,88.6,B
1013,11.5,74.7,4.7,70.7,C
1014,3.4,78.1,3.8,69.2,D
1015,7.7,100,7.8,78,C
1016,7.9,83,5.7,68.2,D
1017,15.4,85.4,3.5,77.6,C
1018,13.1,82.9,9.9,76.5,C
1019,12.6,98.6,2.8,83,B
1020,19.3,99.1,5.8,91.8,A
1021,17.4,98.4,2.2,84.2,B
1022,17.2,85.3,6.5,81.4,B
1023,17.9,74.5,4.7,80.9,B
1024,19.3,100,7.6,93.7,A
1025,0.2,95.3,6,70,C
1026,12.4,79.5,8.7,82.7,B
1027,0,100,5.1,69.4,D
1028,15.3,78.6,2.8,72.5,C
1029,15,100,6.5,79.6,C
1030,22.3,100,5.5,89.8,B
1031,23.3,73.9,2.4,76.1,C
1032,16.4,92,3.9,78.7,C
1033,11.5,94.4,4.5,77.5,C
1034,18.4,100,9.1,89,B
1035,11.3,76.1,7.4,74.9,C
1036,15,100,5.3,87.5,B
1037,21.9,85.2,6.9,82.2,B
1038,11.1,70.1,1.9,68.5,D
1039,20.6,83.6,4.9,82.1,B
1040,19.7,85,6.8,84.7,B
1041,8.3,72.3,6.3,69.8,D
1042,21.8,88.7,4.9,82.1,B
1043,19.9,96.5,5.9,88.1,B
1044,15.7,87.9,6.7,83,B
1045,9.7,78.5,6,70.3,C
1046,9,83.2,7.7,71.9,C
1047,11.2,84.9,6.6,77.2,C
1048,18.8,87.6,7,86.3,B
1049,8.3,98.3,9.4,86,B
1050,18.1,88.3,7.7,88.1,B
1051,6.3,68.2,9.5,71.8,C
1052,13.6,78.3,4.7,73.1,C
1053,15.8,87,2.8,76.5,C
1054,32.1,98.5,5.7,92.7,A
1055,5.4,100,5.5,74.6,C
1056,25.3,100,8.9,95.5,A
1057,16,86.6,3.7,76.9,C
1058,17.9,94.2,5.8,84.6,B
1059,15.8,67.5,6.8,70.2,C
1060,18.1,90.2,6.2,80,B
1061,13.9,72.1,5.7,75.5,C
1062,25.2,84.2,6.7,84.8,B
1063,11.8,100,8.2,82.6,B
1064,22.9,88.6,9.1,90.3,A
1065,10.5,74.6,6.1,69.2,D
1066,14.6,89.9,4.4,81.9,B
1067,7.5,78.8,9.1,71.1,C
1068,18.2,73.5,3.8,74.7,C
1069,25.1,100,9.6,94.1,A
1070,14.5,97.8,8.7,86.9,B
1071,13.6,89.1,9,81.6,B
1072,7.2,80.3,7.4,73.1,C
1073,13.4,81.3,1.8,75.1,C
1074,3.9,100,3.9,71.5,C
1075,8.6,88.7,6.6,74.2,C
1076,16.6,48,4.6,64.4,D
1077,24.2,100,5.4,95,A
1078,34.7,87.2,7.2,95.8,A
1079,10.9,89.1,5.7,80.7,B
1080,25,98,3.6,87.8,B
1081,16.7,90.6,7.8,88,B
1082,13.9,94,7,83.9,B
1083,18,79.9,5.5,80.6,B
1084,15.4,70.2,7.4,71.5,C
1085,15.8,88.4,6.2,76.3,C
1086,12.1,100,8.7,88.7,B
1087,5.2,77.2,6.3,72.4,C
1088,4.2,76.3,8.6,78.2,C
1089,19.6,99.7,2.3,78.8,C
1090,13.1,79.5,6.9,78.2,C
1091,10.8,80.1,5.2,70.1,C
1092,15.1,80.5,4.3,73.2,C
1093,20.6,84.2,8.3,84.2,B
1094,16.3,66.1,7.8,76.5,C
1095,10.4,78.5,2,66.5,D
1096,23.6,87.8,7.4,88.3,B
1097,26.1,87.7,7.2,92.2,A
1098,18.5,98.9,4.6,88.3,B
1099,21.8,100,4.3,89.6,B
1100,23.7,100,2.8,88.5,B
1101,22.9,96,5.3,87.7,B
1102,19.3,83.2,5.6,79.5,C
1103,19.2,77.5,7.6,83,B
1104,18.6,85.2,6.5,79.3,C
1105,7.3,92,3.9,73.6,C
1106,19.9,94.9,6.5,83.6,B
1107,5.5,92.5,5.5,73.9,C
1108,9.4,83.5,4.1,69,D
1109,24.1,94.4,2.8,84.3,B
1110,20.9,100,7.2,88.3,B
1111,25.4,95.6,6.9,89.3,B
1112,13.1,84.6,7.1,78.6,C
1113,6.9,75,4.5,60.4,D
1114,13.3,74.7,6.3,69.1,D
1115,15.7,76.8,3.2,75.8,C
1116,15.6,88.1,4,78.6,C
1117,22.9,91.2,6.1,85.2,B
1118,12.5,68,6.5,74.6,C
1119,17.5,79,2.7,72.9,C
1120,8.1,87.9,3.9,70.6,C
1121,18.2,74.2,5.3,74.3,C
1122,15,90.2,7.9,89,B
1123,9.8,81.3,4.4,72.5,C
1124,13.3,76.3,6.3,75.6,C
1125,13.7,85.6,6.5,80.3,B
1126,13.1,89.7,5.5,73.2,C
1127,27.4,74.8,6.5,83.5,B
1128,14.3,82.1,3.3,75.6,C
1129,13.3,90.6,4.7,78.2,C
1130,0.3,75.9,8.9,74.8,C
1131,8.7,65.1,9,69.2,D
1132,13.2,66.6,7.7,75.9,C
1133,10.2,80,8.2,78.7,C
1134,24.7,69.2,2.3,76.7,C
1135,13.8,80.8,4.1,75.4,C
1136,24,100,5.4,89.6,B
1137,15.4,68.5,10,72.3,C
1138,15.3,81.6,5.4,78.3,C
1139,14.4,100,7.5,87.1,B
1140,15,89.9,6.8,83.5,B
1141,27,80.6,6.7,87.5,B
1142,0,83.1,6,70,C
1143,1,90.2,3.6,64.9,D
1144,11.2,100,0.6,79.5,C
1145,15.1,78.6,8.6,76.9,C
1146,19.8,75.9,4.8,77.6,C
1147,18.3,68.5,2.3,73.1,C
1148,12.3,86.2,6.9,77,C
1149,22.1,68.1,6.8,81.6,B
1150,22.2,79.4,7.5,83.3,B
1151,16.3,74.1,8.2,79.1,C
1152,21.7,97.9,4.2,86,B
1153,16.9,78.9,4.3,74.5,C
1154,11.1,89.8,5.4,83.8,B
1155,19.9,65.8,7.6,75.2,C
1156,15.8,86.6,1.8,68.3,D
1157,15,70.6,6.3,71.8,C
1158,25.3,79.9,7.9,87.6,B
1159,0,100,7.8,74.2,C
1160,5.1,96.2,7.4,80.4,B
1161,6.7,83.5,8.1,77.8,C
1162,12.5,100,0.5,75,C
1163,13.2,74,9.2,72.6,C
1164,4.4,99,6.7,73.1,C
1165,8.1,66.6,8.7,70.4,C
1166,9,82.1,3.7,66,D
1167,32.2,68.8,2.5,80.8,B
1168,27.6,88.1,9.6,98.2,A
1169,12.1,85.7,4.1,75.9,C
1170,12.5,81.3,5.4,75.2,C
1171,7,98.1,7.1,75.9,C
1172,1.6,78.2,7.5,69,D
1173,14.2,88.9,8.2,81.7,B
1174,8,94.8,6.4,78.6,C
1175,14.4,67.2,3.9,71.8,C
1176,3.8,76,7.4,71.8,C
1177,9.7,85.6,7.4,77.4,C
1178,16,92.6,2.4,79.7,C
1179,17.6,100,8.8,88.2,B
1180,17.9,82.4,1,77.7,C
1181,5.8,81.2,8.1,70.6,C
1182,21,74.5,4.7,77.6,C
1183,9.4,89,7.4,81.7,B
1184,19.4,81.4,7,80.9,B
1185,14.9,81.7,5.9,73.7,C
1186,5.4,83.9,6.9,71.3,C
1187,12.8,91.6,5.8,83.7,B
1188,17.6,78.2,7.4,73.4,C
1189,19.3,75.7,10,84,B
1190,14,90.2,3.3,75.1,C
1191,25.7,48.7,0,66.3,D
1192,22.1,77.8,5.2,79.7,C
1193,13.2,71.2,5,74.4,C
1194,20.3,99.4,5.2,87.4,B
1195,28.5,79.7,4.1,88.1,B
1196,28.7,78.3,7.7,92.9,A
1197,6.4,84.4,3.2,69.2,D
1198,8.5,77.9,6.9,71.6,C
1199,25.4,80.2,7.3,87.8,B
1200,7.6,86.2,6.6,76.4,C
1201,5.7,79.9,7,68,D
1202,11.6,79.8,7.9,77.6,C
1203,17.9,72.9,6.1,76.3,C
1204,14.3,71.2,5.3,71.4,C
1205,10.4,85.7,7,75,C
1206,10.3,88.7,7.2,76.4,C
1207,10,67.9,7.8,75,C
1208,8.8,94.1,2.6,72.5,C
1209,31,94.2,5.6,97.3,A
1210,17.1,96.7,3.9,82.7,B
1211,21.2,88.6,7.1,82.9,B
1212,11.6,92.6,7.5,81.6,B
1213,13.7,100,5.5,79.3,C
1214,10,81.4,4.5,74.1,C
1215,0,72.5,7.2,64.1,D
1216,5.4,66.6,5.7,67.4,D
1217,2.3,100,8.9,82.7,B
1218,0,100,9.5,72.2,C
1219,6.6,73.9,8,69.8,D
1220,24.3,76.3,6.5,79.8,C
1221,14.7,81.1,9.7,88.3,B
1222,24,99.7,6.5,90.4,A
1223,17.9,69.6,5,70.6,C
1224,20.5,61.4,4.6,79.8,C
1225,8.7,100,4.6,75.9,C
1226,18.7,88.7,6,78.3,C
1227,20.1,90.5,6.9,82.5,B
1228,11,82.5,3.2,72.2,C
1229,18.9,90.6,5.1,83.1,B
1230,19,66.8,6.4,73.5,C
1231,11.2,74.9,7.3,72.6,C
1232,7.1,86.3,5.9,73.7,C
1233,6.7,57.7,6.5,67.6,D
1234,15.6,81.4,3.5,76.2,C
1235,17.3,80.6,4.2,75.3,C
1236,9.5,81.4,5.9,72.8,C
1237,15.2,78.4,7,80.3,B
1238,19,73,6.5,83.3,B
1239,19.3,63.1,4.3,69.1,D
1240,25.9,86.7,5.5,90.6,A
1241,23.9,81.4,9,87.1,B
1242,8,68.5,7.1,64.3,D
1243,26.8,85.8,5.7,82.3,B
1244,11.3,81.5,3.9,76.5,C
1245,22.3,79.5,4.6,85.2,B
1246,15.5,59.1,6,68.4,D
1247,12.1,93.2,6.6,79.9,C
1248,2.3,70.2,7.1,60.2,D
1249,13.8,85.8,6.8,81.6,B
1250,4.1,75.3,5.3,66.4,D
1251,21.8,80.3,5,76.6,C
1252,25.6,98.8,10,97.4,A
1253,9.4,91.4,4.9,71.7,C
1254,17.1,98.6,3.4,84.1,B
1255,9.9,89,2.7,69.5,D
1256,10.6,89.8,5.3,77.6,C
1257,20.4,63.6,7.9,75.7,C
1258,14.7,81.2,4.8,69,D
1259,27.2,82.3,9,93.7,A
1260,11.6,99.7,6,84.9,B
1261,22,78.9,8.2,83.2,B
1262,15.7,88.2,4.5,79.7,C
1263,20.6,87.7,4.5,83.7,B
1264,11.9,98.9,6.2,83.3,B
1265,14.7,83.4,7,84.5,B
1266,14.2,94.9,5.6,82.8,B
1267,9.1,64.5,6.6,66.9,D
1268,19.6,65.6,7.2,78.2,C
1269,19.6,57.6,3.2,67.9,D
1270,19.2,94.4,5.3,81.5,B
1271,25.8,93.1,5,92.4,A
1272,25.1,95.8,5.1,91,A
1273,12.4,76.9,6.8,69.5,D
1274,17.6,78.2,5,75.3,C
1275,10.6,83.5,2,72.7,C
1276,15.2,100,5.5,79.3,C
1277,10.8,100,3.9,76.5,C
1278,26.3,94.5,7,100,A
1279,17.5,89,7.6,83.3,B
1280,13.5,100,1.7,81.3,B
1281,23.4,81.9,4.5,86.9,B
1282,0,80.3,6.7,64.2,D
1283,0.9,83.5,3.2,65.3,D
1284,20.6,73.3,7.6,87.1,B
1285,15.4,82.9,8.1,82.5,B
1286,16.8,71.6,5.7,82.2,B
1287,5.7,97.3,4.5,72.7,C
1288,14.8,91.5,1.4,81.1,B
1289,29,100,7.6,97,A
1290,20.8,65.4,10,80.2,B
1291,16.2,100,9.6,91.6,A
1292,11.9,66.1,5.6,69.1,D
1293,12.2,70.6,3.8,68.9,D
1294,0.1,77.6,7.7,68.7,D
1295,16.8,100,5.7,80.1,B
1296,20.9,87.7,7,83.2,B
1297,4,82.1,6.6,72.6,C
1298,10.4,75.5,6.2,75.4,C
1299,6.9,68.5,8.1,70.6,C
1300,8.2,98.6,8.1,82.3,B
1301,15.4,94.6,5,82.7,B
1302,0.4,100,4.2,74.2,C
1303,19.3,89.8,1,73.7,C
1304,20.3,53.3,5.3,69.2,D
1305,13.2,70.1,3.8,69.5,D
1306,0,90.6,6.8,71.4,C
1307,8,80.6,5.3,65.1,D
1308,23.6,78.3,5.5,78.8,C
1309,0,71.8,7.6,64.9,D
1310,12.6,96.4,6.8,85.3,B
1311,6.7,90.5,5.8,73.3,C
1312,20.6,91,9.4,87.5,B
1313,10.3,77.4,7.5,76.1,C
1314,17.8,87.1,5.2,80,B
1315,19,68.9,5.3,78,C
1316,27.9,83.4,7.6,89.4,B
1317,13.6,54.7,6.4,64.2,D
1318,17.6,66.2,3.8,75.8,C
1319,4.6,81.1,7.8,75.7,C
1320,23.3,100,8.5,90.9,A
1321,9.7,63.4,8.4,71.3,C
1322,11.1,70.1,9.1,73.5,C
1323,14.8,87.6,10,86.5,B
1324,4.1,100,9.5,77.8,C
1325,16.6,87.4,6.7,84.6,B
1326,21.8,93.4,5.6,90.2,A
1327,17.1,80.9,2.3,71.9,C
1328,3.9,78.9,6,68.7,D
1329,14.1,86,7,83.6,B
1330,20.2,77.1,6.1,77.2,C
1331,1.9,93.7,2.2,65.8,D
1332,7.5,65.7,5.4,67.8,D
1333,21.1,95.7,7.3,88.6,B
1334,16.9,85.5,3.9,73.4,C
1335,17.9,82.4,6.3,79.7,C
1336,28,65.3,6.9,88,B
1337,18.3,73.2,8.2,86.1,B
1338,19.6,99.4,9.4,89.9,B
1339,34,82.5,5.2,88.7,B
1340,13.5,88.3,6.4,78.2,C
1341,9.4,74.4,6.4,77,C
1342,18,84.7,7.3,85.3,B
1343,18.1,68.5,7.1,81.1,B
1344,11.3,86.2,8.9,83.1,B
1345,7.8,89.4,1.3,65.7,D
1346,31.2,88.8,6.8,90.7,A
1347,17.3,74.2,7,75.9,C
1348,9.9,80.9,5.5,71.6,C
1349,21.4,91.4,1.5,78.7,C
1350,14.2,82.5,5.9,75.7,C
1351,13.2,81.6,4.6,76.7,C
1352,18.9,100,9.4,91.8,A
1353,6,73.6,6.8,72.7,C
1354,17.5,98,4.4,84.4,B
1355,28.4,71.1,1.9,77.1,C
1356,18.3,92.9,7.2,86.3,B
1357,12.4,93.5,7.4,77.3,C
1358,11.5,78.9,5.6,66.7,D
1359,12.1,70.4,7.2,75,C
1360,13.2,61.4,5.3,71.4,C
1361,12.4,77.6,8.1,77.2,C
1362,21.4,91.3,8,87.3,B
1363,2.9,72.1,2.7,57.3,F
1364,21,86.2,3.2,84.1,B
1365,12.3,67.3,10,77,C
1366,17.6,82.2,7.9,83.1,B
1367,7.1,71.2,3.5,65.1,D
1368,24.3,84.1,2.9,80.5,B
1369,23.7,79,6.4,80.6,B
1370,21.7,70.7,3.7,77,C
1371,4.4,77.1,5.4,65.9,D
1372,20.8,73.8,5.9,78,C
1373,17.8,69.2,5.8,80.4,B
1374,3.8,98,8.3,77.9,C
1375,14.8,80.7,9.7,74.4,C
1376,17.6,58.6,5,68.7,D
1377,18.9,77.5,3.7,73.6,C
1378,16.2,96,6.8,84.4,B
1379,17,75.9,9.3,76.9,C
1380,25.3,100,5.2,92.5,A
1381,23.6,74.7,7.7,82.9,B
1382,0,91,4.3,66.5,D
1383,12.8,97.4,6,82.4,B
1384,13.8,90.4,3.7,77.1,C
1385,2.7,68.5,6,63.5,D
1386,15.7,73.7,5.8,74.5,C
1387,23.7,99,7.2,92.1,A
1388,7.4,75.3,9.6,75.2,C
1389,17.4,96.7,5.2,84.8,B
1390,8.6,79.8,2,71,C
1391,10.3,86.7,5.6,74,C
1392,25.3,68.4,6.6,82.3,B
1393,11.2,77.7,6.4,81.4,B
1394,18.2,74.5,5.7,77.2,C
1395,1.9,87.7,9,73.8,C
1396,28,86.1,6.3,85.8,B
1397,19.2,90.6,5.8,81.8,B
1398,13.7,79.1,4.4,73.8,C
1399,19,73.8,2.5,75.5,C
1400,5.1,87.2,6.7,75.2,C
1401,23.3,72.6,6.5,82.4,B
1402,12.7,97.9,3.9,81.9,B
1403,13.6,83.6,5.9,74.4,C
1404,11.6,81.1,5.7,76.2,C
1405,10.9,90.5,4.8,76.5,C
1406,19.9,84.1,4.4,80.8,B
1407,16.8,65.1,6.8,73.1,C
1408,19.6,72.3,5.5,74.5,C
1409,14.9,97.7,4.8,78.5,C
1410,18.6,86,4.3,81,B
1411,12.1,64.8,5.7,70.8,C
1412,30.6,89.2,7.8,94.1,A
1413,4,78.3,6.4,68.9,D
1414,23.8,74.5,5.5,79.2,C
1415,24.6,71.3,6.6,83.5,B
1416,9,97,8.7,82.4,B
1417,30.6,61.4,7,82.3,B
1418,22,74.9,6.5,83.9,B
1419,21.8,86.4,7.3,88.1,B
1420,15.2,100,5.7,79.6,C
1421,13.5,91.6,6.4,80.9,B
1422,13.5,74.8,5,70.2,C
1423,17.7,100,2.9,83.2,B
1424,24.8,68.7,6.7,71.9,C
1425,16.3,88.2,6.7,82.6,B
1426,8.6,90.9,5.4,77.8,C
1427,20.8,74.4,8.1,81.7,B
1428,21.4,93.4,4.6,81.7,B
1429,19.6,78.8,2.5,81.9,B
1430,20.2,93.3,4.6,87.8,B
1431,13.1,62.9,2.9,64.4,D
1432,8.5,89,6.7,75.6,C
1433,8.9,80.1,4.5,65,D
1434,3.6,98.8,8,79.2,C
1435,16.7,84.5,7.9,78.3,C
1436,14.4,100,4.2,83.8,B
1437,11.9,91.1,4.4,80.1,B
1438,0,83.5,7.1,68.3,D
1439,6.3,94.5,8,75.1,C
1440,22.8,94.5,2,87.3,B
1441,10.3,90.7,6.6,78.3,C
1442,17.5,57.5,1.6,66,D
1443,5.3,73.2,4.9,63.4,D
1444,25.1,100,8.2,95.2,A
1445,14,69.9,10,77.1,C
1446,17,95.6,5.5,79.8,C
1447,31.3,93.5,3.5,95.3,A
1448,25.6,76.3,5,87.9,B
1449,12.9,61.1,6.1,72,C
1450,10.8,78.2,4.7,74.5,C
1451,12.7,100,4.2,85.8,B
1452,18.6,74.6,5.1,73.8,C
1453,14.3,75.5,6.8,72.8,C
1454,12.2,73,5.7,71,C
1455,25.3,99.6,4.2,90.8,A
1456,14.2,82.1,4.7,74.9,C
1457,31.1,77.5,5.2,84.4,B
1458,15.6,100,4,82.5,B
1459,27.5,92,4.6,88.9,B
1460,17.5,74,7.3,81,B
1461,21.7,70.3,5.5,78.4,C
1462,9.9,98.9,2.5,70.3,C
1463,9,85.2,8,78.3,C
1464,18.2,66.4,6.8,80.5,B
1465,21.9,63.6,3.2,73.3,C
1466,15.3,71.6,5.3,76.5,C
1467,6,70.1,4.4,63.5,D
1468,5.5,60.4,7.4,66.4,D
1469,5,71.8,5.3,63.7,D
1470,2.6,74,5.9,64.9,D
1471,15.8,79.4,5.6,76.5,C
1472,22.9,100,3,88.2,B
1473,14.9,81.8,8.8,78.7,C
1474,0,83,7.3,64.3,D
1475,13.7,91.1,4.5,79.9,C
1476,13.9,82.2,6.4,78.9,C
1477,29.7,89.8,7.9,94.5,A
1478,4.8,88.4,6.1,75.5,C
1479,12.3,86.5,9.1,80.7,B
1480,26.9,100,10,99,A
1481,18.1,95.9,5.7,84,B
1482,18.9,72,4.8,75.2,C
1483,15.8,89.4,4,79.9,C
1484,17.3,75.5,1.6,78.8,C
1485,20.4,90.4,8.5,90.3,A
1486,9.3,68.5,5.3,69.7,D
1487,21.1,71.7,7.8,83.3,B
1488,5.4,89.1,8.2,68.9,D
1489,17.3,97,3.8,83.4,B
1490,16.3,91,4.1,82.7,B
1491,10.7,95.2,9.5,83.9,B
1492,14.8,89.5,5.9,80.2,B
1493,10.6,87.1,4.7,72.1,C
1494,7.5,79,3.9,67.4,D
1495,12.5,94.8,5.7,77.9,C
1496,7.3,97.3,9,84.3,B
1497,17.3,84.2,7.4,86.6,B
1498,6.9,83.6,6.4,78.7,C
1499,20,100,9.2,89.5,B
1500,6.7,84.8,8.8,74.1,C
1501,11,85.9,6.7,75,C
1502,10.6,90.8,10,79.6,C
1503,24.3,83.8,5.5,82,B
1504,17.3,75.2,8.2,78.3,C
1505,13.5,89.5,5.2,81.3,B
1506,18.5,84.5,7.8,81.5,B
1507,0.2,100,5.5,76,C
1508,14.7,94.5,6.9,87.4,B
1509,29,77.9,10,92.6,A
1510,15.9,93.7,7.9,88.9,B
1511,15.5,88.7,7,77.8,C
1512,18.8,100,4.5,83.8,B
1513,21.3,78.7,6.4,82.5,B
1514,1,87.3,4,67.6,D
1515,3.2,83.8,7.8,76.2,C
1516,16.5,85.7,7.7,79.5,C
1517,10,74.4,5.6,69.4,D
1518,24.2,91.9,9.3,92.2,A
1519,12.8,90,9,81.3,B
1520,1.5,100,6.3,71.5,C
1521,6.1,84.9,7.1,72.3,C
1522,0,80.1,4.8,63.9,D
1523,13.4,94.5,5.5,84.9,B
1524,13.7,75.5,3.8,69,D
1525,12,98,5,82.8,B
1526,22.6,98,5.8,93,A
1527,23.4,100,2.7,85.2,B
1528,13.8,89.5,7.2,81.9,B
1529,0.1,79.2,8,69.9,D
1530,19.3,86.3,6,84,B
1531,18.9,89.6,0.6,77.4,C
1532,17.2,78.3,5.5,75.6,C
1533,21.9,100,3.2,88.2,B
1534,6.8,92,4.8,72.9,C
1535,29.1,74.3,8.9,89.3,B
1536,8.3,100,1.1,74.1,C
1537,20.2,86.2,4.4,84,B
1538,3.2,71.9,7.7,73.2,C
1539,8.5,75,4.6,66.7,D
1540,25.6,100,4.4,90.7,A
1541,13.2,100,10,83.4,B
1542,20.9,97.1,6.8,93.2,A
1543,16.7,100,7.9,88.1,B
1544,14.3,99.6,7,84,B
1545,24.5,91.7,6.3,89.2,B
1546,13.3,88.9,8.5,82.6,B
1547,2.5,91.5,9.8,74.4,C
1548,9.4,93.8,2.6,77.5,C
1549,18.9,76.1,5.9,80.6,B
1550,17.8,93.8,5.9,86.5,B
1551,4,100,5.1,73.2,C
1552,9.9,82.5,8,74.5,C
1553,10.9,81.2,6.5,74.9,C
1554,12.4,90.7,9.9,86.2,B
1555,5.4,77.2,8.2,73.2,C
1556,10.6,69.2,8.7,71,C
1557,9.9,98.8,3.6,79.3,C
1558,20.4,79.6,4.4,76.3,C
1559,20.7,85.2,4.6,79.7,C
1560,14,77.7,8.6,79.3,C
1561,12.3,100,4.1,76.6,C
1562,16,95.2,4.1,78.3,C
1563,9.3,82.1,3.8,75.7,C
1564,7,70.8,10,76.8,C
1565,8.4,80.8,5.7,79.1,C
1566,10.6,91.8,7.1,80.8,B
1567,6.9,87.3,3.7,73,C
1568,16.1,86.3,7.9,82.2,B
1569,20.1,87.5,2.5,78.5,C
1570,3.9,94.1,4,74.3,C
1571,15.2,84.5,4.5,81.3,B
1572,13.5,90.4,6.4,82.7,B
1573,17.4,73.2,4.4,72.2,C
1574,14.9,100,9,89.2,B
1575,4.8,81.6,7,69.1,D
1576,6.2,87.4,4.6,70.7,C
1577,15.2,91.8,8,89,B
1578,22.2,80.1,5.2,78.1,C
1579,0,85.1,4.8,72.9,C
1580,17.4,84.9,7.8,84.6,B
1581,23.3,74,1.1,74.1,C
1582,13.9,90.3,7.5,82.1,B
1583,18.9,65.2,4.6,71,C
1584,10.1,100,4.6,77.4,C
1585,14.2,94.5,9.9,86.8,B
1586,3.7,92.7,4.9,71,C
1587,0,64.2,7.9,59.8,F
1588,21.6,75.5,6.6,80.6,B
1589,8.1,100,6.8,76.3,C
1590,11.8,100,5.5,77.6,C
1591,5.3,99.3,5.4,72.4,C
1592,5.1,97.4,9.1,84.8,B
1593,13.8,91.3,7.9,83.9,B
1594,9.9,74.8,5,72.1,C
1595,17.6,96.9,3.9,82.9,B
1596,18.2,71.8,4.8,76.8,C
1597,17.2,70.5,8,81.4,B
1598,16.7,69.7,8.4,78.9,C
1599,26,96.7,7.1,97.8,A
1600,7.5,84.3,2.8,69.2,D
1601,14.6,86.2,7.5,82.8,B
1602,22.9,84.8,8.6,90.2,A
1603,23.9,71.5,6.3,78.4,C
1604,5,77,10,73.6,C
1605,12.8,77.6,3.4,66,D
1606,24.5,68.1,7.4,81.4,B
1607,18.6,78.9,4,76.3,C
1608,16.4,72,8.1,76.9,C
1609,13.5,91.9,7.2,80.7,B
1610,12.3,92.9,9.6,85.7,B
1611,17,69.5,7,73.5,C
1612,13.2,81.4,5.2,81.1,B
1613,14.7,100,5,84.8,B
1614,15.6,73.2,5.5,72.2,C
1615,10.3,90.1,5,78,C
1616,18.7,86.3,8.7,88.5,B
1617,35.4,98.1,8.6,100,A
1618,2.6,88.5,3,64.4,D
1619,17.3,79.8,6.1,85.7,B
1620,9.7,85.8,6.1,77.4,C
1621,19,86,4.4,76.8,C
1622,15.3,83.9,6.9,80.6,B
1623,20.3,69.2,8.9,80.2,B
1624,23.2,99.9,7.8,92.8,A
1625,16.3,97.8,8.7,84.3,B
1626,22.9,72.5,4.6,78.9,C
1627,0,81.4,6.1,64.1,D
1628,26.1,82.3,4.5,83.5,B
1629,17.6,71.1,6.5,77.8,C
1630,22.5,62.6,6.7,76,C
1631,6.5,77,7.9,71.2,C
1632,9.2,80.7,8.6,78.8,C
1633,16,67.7,7.4,72.6,C
1634,14.9,87.1,4.3,75.7,C
1635,17,99,3.3,78.6,C
1636,22.6,95.1,7,87.2,B
1637,2.6,83.5,9,73.2,C
1638,21.8,62.9,6,78.1,C
1639,15.1,93.6,2.9,76.1,C
1640,13.6,86.8,10,85.2,B
1641,4.7,90.1,7,74.7,C
1642,18.5,100,6.3,83.4,B
1643,0,75.1,3.7,62,D
1644,19.5,50.5,6,73.7,C
1645,4.6,72.4,7.4,62.6,D
1646,15.4,90.8,7,88.7,B
1647,14.2,85.3,4.6,75.1,C
1648,23.2,70.4,5.9,74.9,C
1649,13.7,68,4.8,70.9,C
1650,10.1,80.7,9.3,80.4,B
1651,11.5,70,7.8,72.3,C
1652,23.9,91.2,5,87.7,B
1653,18.8,80.1,3.7,83.6,B
1654,12.3,77.5,6.6,75.6,C
1655,13.3,75.9,5,82.3,B
1656,4,88.2,5.2,74.7,C
1657,17.7,85.5,3.7,78.7,C
1658,2.7,87.4,4,69.1,D
1659,20.3,87.2,6.3,83.2,B
1660,15.9,84.1,5.5,79.5,C
1661,31.7,72.6,10,93.6,A
1662,7.3,76.2,7.2,70.3,C
1663,14.3,80.3,3.7,69.9,D
1664,27.6,100,2.9,94.2,A
1665,23.3,68.8,6.8,83.4,B
1666,10.1,80,5.2,68.4,D
1667,16.6,86.2,8.7,84.4,B
1668,15,81.4,6.6,81.5,B
1669,17,97.9,2,83.2,B
1670,10.1,81.3,4,69.5,D
1671,14.4,82.2,4.6,78.9,C
1672,3.8,94.8,6.9,75.3,C
1673,15.9,100,3.9,83.8,B
1674,18.2,100,6.3,84.4,B
1675,13.4,83.4,3.3,61.3,D
1676,3.7,84.4,6,68,D
1677,21.9,85.6,6.7,86.9,B
1678,17.6,86.8,8.9,84.5,B
1679,9.9,74.8,6.5,74.1,C
1680,13,96.2,4.4,83,B
1681,4.5,87.5,9,74.7,C
1682,7.8,84.5,5.6,71.7,C
1683,11.2,69.7,7.5,66,D
1684,23.6,85.7,4.8,79.7,C
1685,10.5,62.3,6.2,63.7,D
1686,19.5,78,4.4,79.6,C
1687,11.2,78.2,6.6,73.6,C
1688,16.7,88.4,7.6,81.9,B
1689,14,100,5,80.6,B
1690,21.1,91.9,4.9,82.4,B
1691,11.3,100,6.7,85.3,B
1692,4,92.7,4.3,71.9,C
1693,5.3,98.5,3,76,C
1694,11.3,100,6.7,75.9,C
1695,6.3,76.2,5.8,70.7,C
1696,17.9,75.4,5.7,76,C
1697,11.7,93,7,79.9,C
1698,31.6,85,7.3,97.1,A
1699,2.8,87.6,5.7,69.3,D
1700,16.4,82,3.8,77.8,C
1701,7.1,77.8,4.7,66,D
1702,11.5,100,7.2,83.4,B
1703,16,71.8,6.3,70.6,C
1704,0,93.2,4.9,69.3,D
1705,16.7,91.3,4.4,81.8,B
1706,28.3,66.1,7.2,87,B
1707,11.8,75,5.6,70.1,C
1708,16.8,77,7.5,77.8,C
1709,22.2,91.8,7.8,87,B
1710,13.9,80.6,5.4,75.1,C
1711,10.9,84,7.9,75,C
1712,0,67.5,6.3,55.4,F
1713,19.5,100,6.5,85.3,B
1714,14.2,85.9,1.6,73.4,C
1715,7.9,91,4.1,73.1,C
1716,15.9,78.5,4.2,76.8,C
1717,10.9,77.2,5.4,74.9,C
1718,11.3,100,6.2,80.6,B
1719,19.2,62,6.3,69.6,D
1720,5.6,88.3,6.6,75.1,C
1721,22.3,70.5,4.6,77.6,C
1722,5.2,80.1,7.4,70.8,C
1723,10.4,77.3,9.6,80.8,B
1724,28.5,73.2,5.3,85.4,B
1725,22.9,85.4,4.7,83.9,B
1726,15.7,54.2,4.6,67.3,D
1727,8.4,81.2,6.2,75.5,C
1728,11.3,83.9,4.9,72.6,C
1729,15.5,68.7,2.5,66.8,D
1730,15.3,100,3.1,80.4,B
1731,14.4,77.9,8,74.9,C
1732,14.8,82.2,8.6,80.8,B
1733,13.5,77.9,9.2,79.5,C
1734,4.9,84,6.5,71.5,C
1735,11.4,100,4,78.3,C
1736,21.4,100,5.1,93.2,A
1737,5.4,93.9,3,74.3,C
1738,13.7,98.1,2.9,78.8,C
1739,9.3,100,6.5,81,B
1740,15.8,88,7.1,86.1,B
1741,12.3,100,9.9,85.4,B
1742,25.3,94.5,5.8,87.1,B
1743,18.5,86.7,3.3,79.8,C
1744,5.8,89.2,5.8,74.6,C
1745,19.7,63.1,5.4,75.5,C
1746,9.6,88.5,5,77.5,C
1747,11,66.5,6.7,68,D
1748,17.2,65.5,3.6,66.5,D
1749,11.6,87.3,6.3,75.9,C
1750,21.2,71.6,7.3,82.2,B
1751,9.6,84.9,8.8,75.6,C
1752,10.7,86.7,6.6,71.3,C
1753,10.4,87.2,8.1,79.3,C
1754,11,74.2,5.1,69.4,D
1755,22.7,95.8,5.4,82.8,B
1756,19.4,83.9,8.7,85.4,B
1757,27,90.3,3.3,85.5,B
1758,30.9,70.6,5.2,89.8,B
1759,7.8,82.9,8.3,75.8,C
1760,15.5,98.2,5.6,85.4,B
1761,6.8,96.6,5.4,76.3,C
1762,9.6,75.4,5.5,69.1,D
1763,10.6,78.5,6.2,72.2,C
1764,7.6,73.1,8.2,75.1,C
1765,7.6,77.1,7.8,75.2,C
1766,14,68.2,6,67.8,D
1767,6.5,83.3,8.2,70.9,C
1768,20.9,92.6,6.7,83.4,B
1769,8.6,75.6,7.7,76.1,C
1770,34.7,83.9,3.9,85.7,B
1771,11.8,82.4,9.5,82.3,B
1772,15.5,97.7,6.4,85.7,B
1773,5.9,77.7,0.5,63.5,D
1774,26.9,78.1,9.3,88.1,B
1775,22.8,74.8,6,84.9,B
1776,17.1,71.3,5.2,75.1,C
1777,5.6,91.4,4.8,68.5,D
1778,16.5,83.4,6.9,77,C
1779,7.1,85.7,4.2,66.3,D
1780,25.2,100,4.8,94.3,A
1781,20.7,100,4.9,91.6,A
1782,15.7,65.2,5.4,75,C
1783,0,92.8,5,68.9,D
1784,8.1,87.7,7.7,72.6,C
1785,19.8,79.5,6.5,78.2,C
1786,23.5,88.9,6.8,84.8,B
1787,22.8,64.3,7.2,78.7,C
1788,3.9,100,5.8,80,B
1789,17.1,91.2,4,84.6,B
1790,22.1,74.6,9.6,83.5,B
1791,3.4,78,7.9,63.3,D
1792,14.9,64.6,9.2,72,C
1793,16.9,81.2,8.1,85.2,B
1794,12.9,79.2,5.1,75,C
1795,2,69.1,1.3,56.9,F
1796,12.7,94.3,3.5,76.5,C
1797,12.7,100,7.3,82,B
1798,14,84.7,5.8,74.3,C
1799,11.1,81.3,5.2,80,B
1800,11.9,90.2,1,77.8,C
1801,14.7,84.8,6,76.3,C
1802,18.1,72,3.8,68.8,D
1803,12.9,77.2,4.6,73.4,C
1804,12.1,81.4,7.7,77.2,C
1805,15.6,88,3.9,80,B
1806,1.6,85.1,4.1,69.3,D
1807,18.3,87.5,6.4,79.4,C
1808,15,66.7,7.7,78.4,C
1809,15.3,93,5.2,80.1,B
1810,21.7,85,8.9,89.5,B
1811,1.3,100,3.4,70.3,C
1812,1.2,80.3,3.1,66.3,D
1813,16.9,88.9,2.9,71.1,C
1814,15,100,2.7,82.7,B
1815,16.2,87.3,6.7,79.1,C
1816,11.8,84.2,4,74.2,C
1817,19.7,73.2,3.2,78.6,C
1818,21.5,100,6.8,87.8,B
1819,18.4,71.1,7.6,75.7,C
1820,13.2,90.1,8.1,80.9,B
1821,0.2,79.3,7.8,66.7,D
1822,20.4,82.7,4.2,76.9,C
1823,23.6,67.9,6.6,80.3,B
1824,19.5,100,7,89.5,B
1825,8.8,81.7,5.1,73.5,C
1826,19.7,70.4,6.3,75.3,C
1827,21,100,3.5,83.1,B
1828,25.9,79,4.7,83.2,B
1829,8.9,89,6.7,76.1,C
1830,13.4,95.1,9,84.4,B
1831,20.2,90.7,8.3,85.7,B
1832,15.4,58.6,7.3,72.4,C
1833,7.2,93.3,6.2,73.6,C
1834,17.9,83.8,5.8,80.2,B
1835,19.1,81.1,3.1,76.3,C
1836,15.6,83.7,4.3,76.9,C
1837,16.5,65.7,4.4,74.9,C
1838,13.2,87.3,7.1,76,C
1839,25.3,68.6,7.9,76,C
1840,8.7,81.6,7.5,73.1,C
1841,10.9,86.9,8.4,76,C
1842,15.1,97.9,6.1,74.9,C
1843,21.2,75.2,4,83,B
1844,4.5,100,5.9,78.1,C
1845,5.8,96.4,4.6,76.5,C
1846,0.7,79.8,7.3,67.2,D
1847,15.2,71.7,5.3,74.8,C
1848,7.2,67.7,5.8,65.4,D
1849,12.3,88.3,7.4,82.3,B
1850,19.6,76.2,4.5,78.1,C
1851,10.5,99.4,7.9,83.1,B
1852,16.6,76.8,3.3,74.2,C
1853,12.9,74.2,6.6,78.7,C
1854,19.7,87.8,5.8,83.9,B
1855,18.3,76.8,7.7,77.5,C
1856,10.2,85.1,3.3,73.2,C
1857,13.8,96.8,2.9,80.2,B
1858,22.3,86.4,7.5,86.4,B
1859,17.8,86.5,5.2,80.5,B
1860,5.2,87.5,5.8,69.2,D
1861,19.6,64.7,4.7,73.9,C
1862,7.4,89.7,7.8,73.6,C
1863,24.9,86.9,6.6,87.1,B
1864,22.2,95.7,6.5,86.9,B
1865,17,92.3,3.7,83.3,B
1866,16.1,82.6,7,84.9,B
1867,13.5,97.4,4,76.6,C
1868,19.7,81.5,4.7,79.8,C
1869,12.4,88,3.3,74,C
1870,16.6,81.3,5.7,80,B
1871,21.1,90.5,8.1,88.5,B
1872,11.1,80.5,6.5,73.9,C
1873,10.7,100,5.1,80.4,B
1874,6.6,100,6.2,77.8,C
1875,7.5,95.5,6.2,82.3,B
1876,2.2,100,6.1,72.6,C
1877,20.1,66.5,6.4,77.4,C
1878,27.7,67.9,3.9,81.4,B
1879,25,81.1,6.2,86.7,B
1880,3.6,85.5,2.5,65.6,D
1881,20.1,82.6,7.2,87.5,B
1882,25,65.3,3.8,70.5,C
1883,11.8,98.8,8.4,81.2,B
1884,15.7,100,1.1,81.1,B
1885,0.9,100,9.3,75.3,C
1886,16.9,98,2.7,78.4,C
1887,7.6,87.7,3.6,70.2,C
1888,16.4,74.9,6.6,74.8,C
1889,4.1,85.9,7.2,74.6,C
1890,18.8,100,5.4,89.3,B
1891,22.2,80.8,7.8,85.3,B
1892,9.5,79.5,4.4,74.2,C
1893,7,98.3,5.2,72.7,C
1894,0,99.1,5.4,72.4,C
1895,13.1,74.8,4.9,76.7,C
1896,10.9,81.9,2.1,73.2,C
1897,4.1,79,6,73,C
1898,18.2,85.8,5.8,79.7,C
1899,11.9,98.2,8.2,86.8,B
1900,7.5,75.4,3.4,65.6,D
1901,11.1,98.1,4.7,81.1,B
1902,22.5,86.2,8.4,91.9,A
1903,19.2,100,6.6,85.9,B
1904,14.1,88.8,7.1,75.5,C
1905,19.3,83.8,6.9,88.5,B
1906,6.9,91.9,6.9,78,C
1907,15.2,81,9.6,81.8,B
1908,16,63.5,6.2,71.8,C
1909,11.7,82.1,4,66.8,D
1910,18,81.9,7.3,82.4,B
1911,9.5,65.9,4.9,65.1,D
1912,18.6,84.1,5.8,81.3,B
1913,18.9,60.2,6.7,74,C
1914,0,80.8,4.4,54.2,F
1915,23.3,87.9,5,86.6,B
1916,0,86.2,7,69.9,D
1917,10.7,80.1,4.9,73.7,C
1918,22.2,84,7.9,85.8,B
1919,12.8,75.6,4,71.8,C
1920,4.7,85.1,4,69.5,D
1921,7.3,85.7,9.8,79,C
1922,22.2,74.2,2.9,78.3,C
1923,1.5,88.2,5.9,70.9,C
1924,22.9,88.1,9.7,96.1,A
1925,14.6,83,5.9,75.8,C
1926,6.7,100,8.7,80.3,B
1927,10.9,83.3,7.3,82,B
1928,7.9,81.6,6,72,C
1929,21.1,79.9,5.7,84.3,B
1930,20.1,73.3,1.8,74,C
1931,3,93.2,5.4,71.5,C
1932,12.2,76.8,6.5,77.5,C
1933,9,78.2,6.5,74.2,C
1934,24.1,78.5,10,83.7,B
1935,5.5,73.2,6.6,68.9,D
1936,26.2,64,7.3,78.4,C
1937,14.8,79.4,8.3,83.5,B
1938,6.9,95.5,7.1,83.3,B
1939,10.3,87.4,5.8,81.8,B
1940,9.4,100,5.8,81.1,B
1941,6.1,94,5.3,73.4,C
1942,15.7,91.3,6.9,83.8,B
1943,6.4,100,5.7,74.8,C
1944,0,83.8,7.2,75.9,C
1945,12.3,85.8,4,78.5,C
1946,2.4,84.9,6.3,70.8,C
1947,9.7,100,9.1,87.2,B
1948,8.6,85,5.6,72.3,C
1949,8.9,77.2,9.7,72.8,C
1950,29,92.1,6.3,85.8,B
1951,15.4,75.2,5.9,75.9,C
1952,16.7,91.4,6.2,82.3,B
1953,2.6,90,5.4,72.3,C
1954,10.4,82.7,2,70.1,C
1955,16.5,91.8,7.8,86.2,B
1956,7.8,67.1,10,74.5,C
1957,21.4,87,7,81.3,B
1958,6.6,79.4,7.1,74.6,C
1959,13,100,5.6,81.3,B
1960,10.9,86.9,8.3,81,B
1961,16.2,77.8,5.9,80.3,B
1962,10.5,68.5,6.5,73.5,C
1963,13.1,100,2.9,79.7,C
1964,13.3,80.8,4.9,75.6,C
1965,9.9,75.5,6.7,75.3,C
1966,18.4,89,7.8,80.7,B
1967,16.7,92.8,7.9,82.5,B
1968,14.4,92.6,2.8,76.7,C
1969,12,85.2,3,69.3,D
1970,20.6,86.9,7.2,84.5,B
1971,13.3,87.8,4.5,76,C
1972,12.9,89,7.8,81.3,B
1973,15.7,90.1,2.7,77.4,C
1974,26.9,98.1,5.8,95.7,A
1975,5.6,85.7,5.9,73.9,C
1976,20.4,75.2,7,80.5,B
1977,1.7,83.3,3.9,65,D
1978,16.5,94,2.1,78.6,C
1979,26,63.6,6.3,79.9,C
1980,18.4,63.6,7.1,82.7,B
1981,16.2,96,8,82,B
1982,11.1,100,5.3,77.9,C
1983,15.2,69.8,7.6,72.4,C
1984,13.2,86.2,7,80.1,B
1985,9.5,80.2,8.6,77.1,C
1986,13,81.9,5.9,74.5,C
1987,16.4,88.7,2.5,79.9,C
1988,9.6,69.5,5.9,70.4,C
1989,9.4,71.7,6.2,73.1,C
1990,5.5,81.4,7,75.5,C
1991,17.7,83.3,2.9,70.4,C
1992,18.8,71.5,5.4,78.4,C
1993,16.6,94.5,7.7,81.9,B
1994,21.8,80,5.8,82.8,B
1995,15.6,79.9,5.4,76.7,C
1996,17.7,88.4,9.8,86.8,B
1997,17.1,83.5,3.9,73.9,C
1998,14.4,95,8.5,88.2,B
1999,11.3,73.8,8,70.8,C
2000,30.5,68.2,5.5,86.3,B
2001,11.8,81.3,5.9,71,C
2002,10.3,85.7,5.9,75.7,C
2003,18,70.1,6.4,81.8,B
2004,16.8,68.3,4.8,80,B
2005,5.2,87.2,5.1,66.6,D
2006,22.9,75.9,5.3,78.7,C
2007,14.3,67.6,5.4,69.9,D
2008,7.2,96.6,5.4,83.4,B
2009,23.3,77.4,1.5,77,C
2010,19.4,98.8,6.2,90.8,A
2011,6.1,85.3,4.9,72.2,C
2012,27.4,88.5,2.3,81.6,B
2013,19.6,82.5,5.3,75.2,C
2014,14.9,53.1,5.2,64.8,D
2015,26.1,71.4,8.6,92.5,A
2016,16.1,83.5,4.9,78.8,C
2017,14.8,89.4,7.3,85.2,B
2018,10.4,63.5,8.8,66.9,D
2019,19.1,84.4,4.7,79.4,C
2020,18.3,71.5,5.9,78.9,C
2021,15.1,87.8,9.5,81,B
2022,9.5,84.8,6.5,75.2,C
2023,15.9,93.9,6.7,81.2,B
2024,14.5,97.8,5.2,84.8,B
2025,5.7,90.5,7.4,76.9,C
2026,4.7,95.3,5.9,77,C
2027,19,80.8,2.3,78.7,C
2028,0,100,5.3,71.7,C
2029,16.4,70.4,3.6,75,C
2030,11.7,78.7,6.2,72.8,C
2031,24.2,95.8,4.2,89.5,B
2032,11.5,94,7,74.9,C
2033,19.6,90.8,6.1,82.5,B
2034,12.2,93.1,3.5,83.8,B
2035,15.8,60,5,71.3,C
2036,20.2,100,7.2,91.6,A
2037,11.8,82.6,8.3,76,C
2038,22,100,4.2,84.2,B
2039,8,60.6,3.8,61.6,D
2040,17.1,88.1,9.9,86.2,B
2041,21.5,78.2,6,87.2,B
2042,19.6,91.9,6.2,88.3,B
2043,28.4,88.8,4.5,89,B
2044,9.7,89.4,6.4,77.3,C
2045,5.3,72.3,9.4,73.6,C
2046,8,84.3,6.5,70.2,C
2047,19.6,82.8,8.1,78.5,C
2048,18.5,90.9,6.1,86.1,B
2049,15.7,96.9,3.9,81.6,B
2050,7.1,86.8,4.6,68.2,D
2051,20.4,69.7,3.8,68.6,D
2052,6.4,86.3,6.4,76.3,C
2053,23.1,100,8.4,91.9,A
2054,35,100,6.3,100,A
2055,17.6,49.3,5.4,66.6,D
2056,19.1,85.8,4.4,80.4,B
2057,11.5,96.2,6.7,79.6,C
2058,2.3,82.8,3.5,65.6,D
2059,10.8,79.5,3.7,72.9,C
2060,7.3,81.8,7.8,73.5,C
2061,4.9,91.6,5.4,72.2,C
2062,27.1,71.2,5.4,84.2,B
2063,16.9,99.3,5.7,87.2,B
2064,17.7,84.3,7.5,79.1,C
2065,12.8,73.8,6.3,73.7,C
2066,13.8,98.5,4.5,79.6,C
2067,21.8,66.5,4.6,75.8,C
2068,14.8,78.3,5.6,80.3,B
2069,18.7,78.1,6.6,81.2,B
2070,13.6,100,5.9,89.8,B
2071,12.6,76.8,5.8,74.7,C
2072,5.2,59.1,6.1,62,D
2073,1.2,78,5.9,66,D
2074,13.2,90.5,4.4,78.2,C
2075,15.4,94.4,8.2,86.4,B
2076,6,100,5,73.6,C
2077,14.8,100,6.3,83.9,B
2078,15.4,87.3,1.9,73,C
2079,0,74.3,5.6,66.5,D
2080,8.6,100,3.8,71.2,C
2081,17.9,80.6,4,77.7,C
2082,17.7,77.1,10,78.5,C
2083,6.9,80,6.5,73.1,C
2084,16.1,70,8.5,76.2,C
2085,22.2,79.4,7.7,79,C
2086,20.4,82.2,8,87.3,B
2087,14.3,93.8,5.6,73.7,C
2088,11.7,80.3,9.2,78.7,C
2089,10.6,69.8,7.7,74.4,C
2090,18.3,65.8,6.1,78.8,C
2091,16.4,87.5,6.5,76.8,C
2092,19.4,85.9,5.7,80.8,B
2093,15.9,78.3,6.1,80.7,B
2094,20.7,79.4,5.9,84.7,B
2095,15.7,89.7,6.8,86,B
2096,20.5,100,9.5,100,A
2097,21.1,75.6,3.6,75.8,C
2098,9.4,86.1,8.3,79.1,C
2099,2.3,96.5,5.3,71.8,C
2100,25.8,75.7,8.5,80.9,B
2101,16.8,84.8,5.3,79.3,C
2102,3,84.5,6.8,64.9,D
2103,10,69.3,5.7,67.7,D
2104,20.4,87,2.5,75.3,C
2105,13,85.4,9.5,83.2,B
2106,11.4,91.7,4.1,74.2,C
2107,24.8,70.8,6.2,76.1,C
2108,7.7,85.1,3.9,73.7,C
2109,9.4,100,3.3,75.2,C
2110,16.5,100,5.6,83.8,B
2111,17.7,100,4.8,82.1,B
2112,18.5,70.9,3.7,77.2,C
2113,21.4,90.4,5.9,86.5,B
2114,16.4,79.2,3,72.6,C
2115,18.4,88.4,6.3,77.4,C
2116,13.2,75.7,5.7,81.6,B
2117,15.4,64.4,1,72,C
2118,15.8,80.9,5,81.2,B
2119,16.5,93.7,6.9,82.3,B
2120,20.4,88.5,3.9,80.3,B
2121,18.9,89.8,7,86.1,B
2122,15.3,87.6,6.9,78.6,C
2123,9.3,89.9,4,71.1,C
2124,15.5,91.4,6,86,B
2125,14.8,81.7,7.6,79.5,C
2126,16.4,86,4.2,75,C
2127,30.4,100,5.6,98.4,A
2128,11.3,86.7,8.3,78,C
2129,18,85.5,4.3,73.5,C
2130,22.5,86.2,6.9,82.8,B
2131,15.7,82.4,3.8,74.5,C
2132,31.4,79.8,5.7,89.7,B
2133,12.4,87.5,6.9,79.6,C
2134,17.3,78.9,1.2,76.5,C
2135,9.4,83.3,4.9,72.2,C
2136,12.5,75.5,6.9,73.4,C
2137,16.7,86.3,6.5,85.1,B
2138,20.9,92,5,87.7,B
2139,17.2,82.5,3.8,76.5,C
2140,23.8,60.9,7.3,79.4,C
2141,14.3,92.1,5.4,78.9,C
2142,12.7,86.4,7.1,75.6,C
2143,33.9,73.1,6.8,96.5,A
2144,17.8,94.3,5.1,81.8,B
2145,10,68.2,8.1,72.7,C
2146,10.1,97.5,4.8,73.9,C
2147,8.4,84.3,8.4,78.9,C
2148,21.6,57.8,8.6,73.7,C
2149,12.4,87.1,8.1,85.5,B
2150,15.9,80.1,5.6,82.9,B
2151,14.6,78.3,10,82.8,B
2152,20.1,76.1,6.3,80.4,B
2153,9.1,83.5,6.5,74.1,C
2154,7.5,79.2,6,71.1,C
2155,16.6,62.7,3.7,70.7,C
2156,19.2,100,8.6,91,A
2157,17.3,82.1,4.9,81.3,B
2158,9.3,76.2,7.8,71.1,C
2159,19.7,71.5,8.3,85.1,B
2160,9.8,94.2,7.2,78.7,C
2161,11.3,69.4,4.6,66.8,D
2162,8.4,86.6,5.3,74.9,C
2163,24.1,78,0.6,78.2,C
2164,19.4,78.7,5.8,74.6,C
2165,19.2,71.8,7.6,77.9,C
2166,23.7,77.6,5.5,75.8,C
2167,34.7,85.1,4.8,90.4,A
2168,3,87.8,5.4,68.5,D
2169,9.8,75.6,8.4,75.6,C
2170,10.7,83.9,5.9,72.9,C
2171,9,95.7,9.7,81.2,B
2172,7.5,65,4.9,68.8,D
2173,12.9,84.9,6.4,84.2,B
2174,6.5,73.6,5.1,64.8,D
2175,17.3,72.4,10,84.1,B
2176,15.4,88.1,6.4,82,B
2177,18.4,78.5,10,78.8,C
2178,18.6,70.4,5.2,73.1,C
2179,19.2,100,9.1,82.2,B
2180,12.4,96,6.2,82.3,B
2181,29.8,61.8,7.7,80.6,B
2182,16.6,67.3,3.6,71.4,C
2183,2,92.1,6.7,80.4,B
2184,8,81.6,3.9,74.8,C
2185,2.8,100,6.5,73.6,C
2186,15.1,92.4,3,75.1,C
2187,14.1,88.6,5.8,83.4,B
2188,11.7,72.7,8.2,71.8,C
2189,29.1,90.9,7.1,96,A
2190,18.8,69.7,3.5,81.7,B
2191,20.1,100,2.2,85.7,B
2192,8.5,90.1,7,80.7,B
2193,8,75.1,9.2,77.2,C
2194,15.3,94.7,4.1,78.7,C
2195,16.2,100,10,91,A
2196,2,82.4,6,65.5,D
2197,13.7,91.6,2.1,79.7,C
2198,15.1,79.8,2.9,70.3,C
2199,13.5,86,7.5,82.2,B
2200,9.3,66.9,6.3,72,C
2201,11.2,85,9,78.3,C
2202,13.8,85.5,3.6,73.3,C
2203,15.6,100,6.2,84.7,B
2204,19.2,63.5,6,71.8,C
2205,22.6,81.6,5.7,83.6,B
2206,12.9,100,5.2,79.2,C
2207,11.8,82.1,5.3,72.2,C
2208,18.1,82.9,6.3,82.7,B
2209,19.3,75,6.6,81.2,B
2210,12,73.8,6.5,72.5,C
2211,20.5,63.1,8.4,73.3,C
2212,21.9,77.4,3.6,82.1,B
2213,24,73.1,2.4,75.9,C
2214,27.4,86.4,8,97.5,A
2215,8.9,75.5,4.1,68.4,D
2216,15.1,79.2,5.2,76.5,C
2217,15.1,79.6,4.8,74.4,C
2218,14.3,84.4,4.7,77.5,C
2219,10.5,78.7,3.1,80.3,B
2220,4.6,72.3,4.9,64.3,D
2221,15.6,86,7.3,85.3,B
2222,9.6,97.8,6,79.9,C
2223,15.6,86.5,7,84.8,B
2224,9.4,77.7,5,65.3,D
2225,7.3,83.5,7.8,80.7,B
2226,16.6,60.4,5,71.2,C
2227,16.1,83.3,1.8,73.4,C
2228,19.1,80.2,6.6,83.8,B
2229,30.3,73.8,7.5,88.8,B
2230,16.9,76,4.9,72.5,C
2231,18.4,80.1,8.4,75.4,C
2232,7.5,96.9,4.3,81.1,B
2233,6,98.1,7.3,78,C
2234,26.1,73.9,9.5,85.7,B
2235,8.5,78.8,6.1,70.4,C
2236,7.7,79.1,5.5,75.3,C
2237,14.7,94.7,5.8,80.6,B
2238,14.4,86.7,9.3,85,B
2239,8.7,86.1,6.8,74.7,C
2240,12.9,91.4,10,80.8,B
2241,23.6,77.8,6.6,86.3,B
2242,9.4,100,4.7,82,B
2243,5.2,85,4.8,68.3,D
2244,21.6,74.7,6.1,80.3,B
2245,18.4,82.2,1.9,76,C
2246,10.7,99.8,5.1,81.3,B
2247,3.9,79.9,5.1,73.7,C
2248,9.8,96.4,6.5,78.8,C
2249,14.6,77.5,9.9,79.7,C
2250,23.2,75.8,6.1,81.5,B
2251,7.7,92.9,2.2,69,D
2252,14.4,74.5,4.2,67.5,D
2253,19.7,94.9,6.5,87.2,B
2254,0,89.2,6.2,71.1,C
2255,22.2,74.5,9.2,84.6,B
2256,6.7,84.1,7.9,74.6,C
2257,17.3,78.4,7.9,78,C
2258,16.7,89.2,5.6,82.1,B
2259,22.6,100,8.2,93.3,A
2260,18.9,80.6,4.2,79.6,C
2261,0,91.4,7.9,73.4,C
2262,9.5,85.3,5.4,75.5,C
2263,16,85.3,3.1,80.4,B
2264,13.6,83,7.2,80.5,B
2265,18.3,74.7,8.8,82.6,B
2266,20.5,89,5.2,78.4,C
2267,19.3,81.5,9.1,87.9,B
2268,13.5,74.1,2.7,69.1,D
2269,2.1,97.2,3.6,71.1,C
2270,11.8,86.2,5.7,72.9,C
2271,17.9,82.3,5.3,85.6,B
2272,7.4,100,4.7,69.7,D
2273,19.4,63,6.3,79.2,C
2274,21.4,100,4.9,89.2,B
2275,15.9,74.4,5.3,69.3,D
2276,0,87.5,6.6,75.5,C
2277,6.1,77.9,4.7,69.7,D
2278,28.2,73.9,5.8,77.6,C
2279,11.2,100,4.7,78.8,C
2280,1.1,100,3.6,72.7,C
2281,23.6,82.3,7.5,91.6,A
2282,15.1,89,9.4,83.4,B
2283,22.7,85.7,8.1,79.7,C
2284,16.9,100,6.7,91.1,A
2285,18.2,59.6,4.7,72.3,C
2286,17.5,89.5,5.4,75.2,C
2287,19.9,76.3,8.1,83.1,B
2288,30.9,56.7,1.4,76.7,C
2289,21.8,80.7,5.3,80.7,B
2290,3.9,100,7.5,75.4,C
2291,18.1,77.1,3.7,74,C
2292,23,94.5,6.8,88.5,B
2293,23.4,99.4,6.8,92.5,A
2294,12,84.8,3.1,75.6,C
2295,23.2,86.4,6.2,79.5,C
2296,21.5,64.4,4.8,75.8,C
2297,33,76.4,6.8,91.9,A
2298,9.7,95.9,7.3,81.1,B
2299,11.4,85.7,6.8,76.4,C
2300,12.9,89.4,6.1,83.5,B
2301,11.6,86.6,6.6,81.8,B
2302,8.8,100,3.6,75.9,C
2303,0,79.8,5.9,65.6,D
2304,12,100,4.4,82.6,B
2305,17.6,86.6,8.1,87.9,B
2306,11.5,100,7.4,81.1,B
2307,28.5,70.3,7.4,82.4,B
2308,15.1,87.2,9.4,84.9,B
2309,24,80.3,5.3,80,B
2310,16.8,86.7,4.9,73.9,C
2311,20.8,99.7,5.3,85.4,B
2312,17,89.5,2.8,79.6,C
2313,24.6,99.6,3,92.5,A
2314,15.4,77,7.2,75.8,C
2315,18.5,75.1,3.2,74.4,C
2316,17.6,85.2,3.9,78.9,C
2317,13,84.5,5.8,75.2,C
2318,17.8,82.8,5.2,77.2,C
2319,30.6,73.5,7.8,89.8,B
2320,13.1,99.4,6.1,79.4,C
2321,17.9,80.6,4.4,75.5,C
2322,23.8,100,7.9,92.8,A
2323,23,85.2,7.5,87.8,B
2324,15.1,92.8,3.2,74,C
2325,0,91.7,6.5,70.4,C
2326,18.6,75.1,4.6,72.6,C
2327,0,89.4,4.5,65.6,D
2328,25.3,100,9.7,99,A
2329,16.2,88,6.2,81.1,B
2330,22,95.8,5.6,92.7,A
2331,8.7,93.3,6.2,77.3,C
2332,4.1,88.7,7.7,77.2,C
2333,16.8,87.2,4.6,81.9,B
2334,14.8,91.6,4.9,79.9,C
2335,11.6,94.2,7.3,77.4,C
2336,15.6,68.8,3,69.7,D
2337,34.4,88,8,95.4,A
2338,20.8,82.8,2.8,77.1,C
2339,22.3,80.3,5.5,82.7,B
2340,20.9,100,2.8,80.7,B
2341,25.4,76.2,3.9,78.5,C
2342,13.7,68.3,8.6,72.1,C
2343,0.6,94.5,8.1,73.4,C
2344,13.7,68,8.3,72.4,C
2345,20.7,61.9,3.1,69.4,D
2346,8.2,95.9,3.9,75.8,C
2347,13.8,86.9,6.7,78.3,C
2348,10.2,90.7,7.4,79.2,C
2349,25.5,79.7,4.4,79.8,C
2350,20.2,68.4,4.8,73.1,C
2351,19.6,70.8,3.7,80.8,B
2352,19.4,81.7,9.3,83,B
2353,14.7,69.7,5.1,65.9,D
2354,16.4,88.7,6.1,82.5,B
2355,6.7,79.5,6.2,68.9,D
2356,0,87.2,8.2,72,C
2357,16.1,86.9,4.1,78,C
2358,17.3,89.6,8.3,86.9,B
2359,23.5,91,3.4,84.2,B
2360,26,80.9,8.3,87.9,B
2361,26,87.2,2.6,87.4,B
2362,8,87.8,5.8,67.9,D
2363,12.5,55.9,9.3,66.6,D
2364,18.4,92.8,7.4,83.6,B
2365,32.7,86.8,6.8,88.9,B
2366,25.4,91.8,3.9,85.3,B
2367,22.8,69.6,4.5,75.9,C
2368,12.3,81.2,8.7,81.8,B
2369,8.8,71.9,6.9,70.6,C
2370,20.5,93.9,7.8,87.9,B
2371,7.3,68.1,6.1,66.2,D
2372,13.3,73.9,5.4,70,C
2373,14.2,91.4,7.5,85.3,B
2374,26.2,77.4,6.5,88.9,B
2375,12.5,73.9,5.7,69.1,D
2376,0,95.9,3.2,73.2,C
2377,18.5,96.4,7.9,86.1,B
2378,10.1,93.7,6.9,77.3,C
2379,15.3,95.2,4.8,82.9,B
2380,14.4,82.2,8.4,82.1,B
2381,13.1,82.5,6.5,77.1,C
2382,20.5,77.2,6.5,80,B
2383,4.3,87,7.8,77.4,C
2384,11.4,78.7,7.3,73.8,C
2385,19.8,79.8,6.6,81.3,B
2386,10.7,92.2,5.6,83,B
2387,3.7,99.2,10,76.5,C
2388,19.7,89.8,4.5,81.1,B
2389,22.9,100,7.5,95.2,A
2390,14.7,76.5,5.8,77.1,C
2391,1.3,62.9,6.9,64.6,D
2392,19.9,93.6,8.5,84.8,B
2393,3.4,75.7,5.4,67.2,D
2394,17.2,81.7,7.2,80.1,B
2395,8.8,63.8,6.5,74.2,C
2396,6.9,74.2,4.7,70,C
2397,11.9,67,8.5,73.2,C
2398,13.7,79.8,7.4,78.8,C
2399,10.5,80.3,5.1,73.1,C
2400,19.1,86.1,8.2,87.3,B
2401,11.9,99.9,4.3,77.5,C
2402,21.9,93.1,5.9,91.1,A
2403,17,65.5,5.1,68.5,D
2404,10.1,92.3,7.5,80.4,B
2405,8.9,86.3,5,71.4,C
2406,3.5,83.8,7.5,71.9,C
2407,17,84.7,7.2,84.9,B
2408,12.5,87.5,5.2,72,C
2409,0,76.7,9.7,68.7,D
2410,11.2,82.8,4.5,69.3,D
2411,8.7,99.2,3.2,75.2,C
2412,26,76.6,7.7,82,B
2413,3.1,72.6,1.7,61,D
2414,4.9,84.3,9,73.5,C
2415,22.8,71.4,6.2,82.5,B
2416,24.5,64.3,3.1,79,C
2417,9.8,80.9,4.1,71.4,C
2418,10.6,100,2.7,79.9,C
2419,19.3,84.5,6.8,87.2,B
2420,0,87.1,3.3,62.6,D
2421,2,59.4,7,65.6,D
2422,13,90.3,5.4,78.6,C
2423,25.8,86.1,5,83.5,B
2424,11.9,77,7,76,C
2425,15.7,87.2,7.2,81.6,B
2426,22.9,87,8.3,84.3,B
2427,29.7,72.3,4.7,80.7,B
2428,11,89,5.9,82.3,B
2429,14.9,99.4,4.7,83.4,B
2430,27.8,82.3,6.3,92.5,A
2431,4.3,74.6,4.4,64.2,D
2432,22.2,82.9,5.2,80.3,B
2433,7.9,95.3,5.2,71.3,C
2434,15.7,70.3,6.6,77.9,C
2435,13.3,91.9,6,81.5,B
2436,8.3,76.9,7,71.1,C
2437,8.1,87.9,5.8,72.3,C
2438,16.9,78.2,4.8,80.1,B
2439,22,78.2,6.4,81.8,B
2440,14.1,100,4.2,81.1,B
2441,15.5,68.1,7.1,72.9,C
2442,19,90.8,5.4,82.2,B
2443,8.2,100,6.4,81.5,B
2444,20.2,93.2,6.4,82.2,B
2445,20.7,69,9.2,81.7,B
2446,33.2,69.6,6.8,91,A
2447,12.4,76,6.1,73.7,C
2448,11.8,86.9,4.6,78.8,C
2449,20.4,87.7,7.6,90,A
2450,20.7,69.7,5.5,79.9,C
2451,11.3,74.5,2.9,67.2,D
2452,12.2,75.3,5.6,72.9,C
2453,18.8,82.8,6.4,82.6,B
2454,9.2,100,4.4,76.7,C
2455,12.1,73.8,5.8,71.1,C
2456,15.6,73.3,5.9,73.4,C
2457,22,71.4,5.9,86.9,B
2458,10.8,92.6,8.5,80.8,B
2459,2.1,84.5,3.4,69.3,D
2460,1.6,74.2,10,67.3,D
2461,6.2,80.6,5.9,75.9,C
2462,5.8,75.5,7.2,69,D
2463,13.9,88.6,6.3,80,B
2464,6.7,100,2.5,68.6,D
2465,10.1,91.6,3.9,78.6,C
2466,9.6,83.9,5,77.3,C
2467,11.9,77,8,72.7,C
2468,24.3,68.9,3.2,80.4,B
2469,19.6,93.8,4.3,79.6,C
2470,15.1,93.2,6.3,84.4,B
2471,11.8,79.4,6.9,74.9,C
2472,12,99.6,6.9,87.1,B
2473,17.3,85.3,4,79.2,C
2474,19.1,94.3,2.8,84.4,B
2475,8.6,88.6,7.1,80.6,B
2476,15.3,82.9,8.9,81,B
2477,0.8,73.5,5.3,63.3,D
2478,16.5,83.3,3.7,73.5,C
2479,20.3,95.1,5.1,84.8,B
2480,13,78.9,6.8,82.1,B
2481,27.7,90.3,5.5,92.2,A
2482,8.8,72,8.8,70,C
2483,16.5,94.4,7.8,90.7,A
2484,14.7,88.8,6.4,81.8,B
2485,14.3,70.6,2.1,71.1,C
2486,14.2,82.3,4.6,77.3,C
2487,15.7,96.2,4.9,83.6,B
2488,20.9,69.9,4.5,70.3,C
2489,24.6,72.1,6.4,85.4,B
2490,15,84.2,6.4,72.5,C
2491,20.7,100,2.7,87.8,B
2492,10.1,76.9,7.6,74.7,C
2493,20.4,90.9,6,87.8,B
2494,9.7,88.1,6.7,77.5,C
2495,22.6,77.9,7.5,87.1,B
2496,30.5,86.9,4.5,89.6,B
2497,14.1,79.6,8.5,80.3,B
2498,0,80.7,5.7,67.1,D
2499,11.2,65.1,9,78.3,C
2500,23.6,84.7,4.2,85.1,B
2501,18.9,95.8,8.9,85.3,B
2502,16.7,85.7,4.2,76.7,C
2503,22.1,98.1,10,95.7,A
2504,18.4,92,4.1,85.6,B
2505,23.5,84.3,8.1,85.6,B
2506,21.4,77.5,5.3,87,B
2507,25.7,79.2,7.4,87.2,B
2508,17.5,67.4,5.9,75.7,C
2509,21.3,81.8,3.8,76.3,C
2510,12.9,86.8,0.4,74.7,C
2511,10.8,100,10,84.8,B
2512,26.9,91.3,6.1,88.2,B
2513,16.5,74.6,0.1,68.4,D
2514,20.6,67.7,6.6,81.9,B
2515,15.9,82.5,7.4,81.9,B
2516,10.9,94.7,4.6,75.1,C
2517,15.1,82.4,4.6,74.9,C
2518,25.1,91.5,6,93.1,A
2519,18.9,82.8,8.4,83.4,B
2520,3,93.6,6.2,75.1,C
2521,13.5,65.8,8.9,76.9,C
2522,27.5,100,8.3,86.3,B
2523,13.5,71.7,5.5,76.4,C
2524,2.4,94.5,2.9,66.7,D
2525,28.3,81.7,5.5,86.2,B
2526,19.8,83.6,7.1,88,B
2527,14.5,82.1,6.1,82.1,B
2528,12.4,88.1,7.3,81.2,B
2529,22.6,90.5,7.7,91,A
2530,11.2,97.7,7.1,85,B
2531,23,100,5.4,94.1,A
2532,18.8,89,7,89.2,B
2533,16.7,100,10,90.9,A
2534,16,86.1,3,74.4,C
2535,13.8,97.9,7,83.2,B
2536,22.3,90.1,9.7,91.2,A
2537,8.9,78.4,3.7,69.2,D
2538,3.6,87.2,8,70.7,C
2539,19.3,91,8.3,88.5,B
2540,19.4,84.6,3,74,C
2541,18.4,90,7.4,85.3,B
2542,17.9,95.4,5.5,84.7,B
2543,12.8,84.7,5.9,77.5,C
2544,20.5,49.7,5.4,72.2,C
2545,14.7,100,8.6,89.5,B
2546,11.6,81.4,5.8,81.6,B
2547,12.8,75.1,5.1,71.2,C
2548,29.1,71.5,5.1,84.6,B
2549,2.9,81,5.3,68.3,D
2550,18.5,78.2,3.8,77.2,C
2551,3.2,76.2,5.1,62.1,D
2552,14.2,76.8,6.2,72.3,C
2553,12,91.4,6.8,80.1,B
2554,0.4,100,8.4,71.7,C
2555,17.7,94.8,6.5,84.2,B
2556,12.3,98.5,5.1,78.8,C
2557,0.3,80.5,4,63.1,D
2558,20.9,86.3,6.6,88,B
2559,25,90.1,5.8,84.9,B
2560,25.4,77.1,5.8,86.4,B
2561,17.5,79.9,6.5,78,C
2562,15.3,95.3,7,82.9,B
2563,24.3,98.1,6.5,92.8,A
2564,26.8,85.8,5.7,86.9,B
2565,22.9,70.7,4.4,75.2,C
2566,8.4,81.5,4.8,70.2,C
2567,16.4,67.7,7.7,70.6,C
2568,18.1,85.9,5.2,81.8,B
2569,2.3,88.1,3.3,58.1,F
2570,18.3,81.8,8.3,85.8,B
2571,30.9,87.9,4.1,91.6,A
2572,19.5,90,6.1,89.1,B
2573,25.3,88.1,7,95.6,A
2574,16.3,70.6,6,77.6,C
2575,14.5,82,1,69.7,D
2576,17.7,89.9,6.8,90.3,A
2577,9.3,100,8.7,79.8,C
2578,8.3,81.7,7.6,69,D
2579,23.9,91.6,1.8,88.5,B
2580,24.6,95.5,10,96.7,A
2581,8.1,82.6,3.3,64.2,D
2582,21.8,98.8,3.8,82.4,B
2583,14.4,99.4,7.6,87.3,B
2584,17.4,100,6.9,84.7,B
2585,18.2,90.5,6.2,81.5,B
2586,22,100,4.9,94.2,A
2587,15.6,77.6,8.7,86.5,B
2588,24.9,100,5.9,92.2,A
2589,17.2,94.2,2.9,79.8,C
2590,19.4,100,8.5,93.4,A
2591,9.2,81.2,6.4,72.1,C
2592,30.1,95.1,8.2,90,A
2593,18.3,100,7.1,80,B
2594,20,72,10,82.7,B
2595,3.7,83,5.4,71.8,C
2596,9.2,59.3,6,65.6,D
2597,23.7,82.9,7.4,88.9,B
2598,17,75.2,5.4,79,C
2599,1.6,82.4,7.6,74.1,C
2600,22.3,100,0.1,83.4,B
2601,11.2,100,5.9,82.2,B
2602,24.9,67.7,5.8,79.9,C
2603,14.4,91.7,5.7,79.9,C
2604,16.4,94.6,4.2,76.8,C
2605,23.3,80.9,7.8,89.5,B
2606,8.7,87.1,5,72.7,C
2607,8.1,88.3,6.4,74.2,C
2608,13.6,68.8,5.9,70.5,C
2609,20.8,72.6,7,76.1,C
2610,5.7,87.1,8.9,76,C
2611,3.3,86.2,6.4,72.7,C
2612,20.8,76.5,7.7,80.2,B
2613,10.8,75.5,6.3,75.9,C
2614,12.3,83.9,5,74.3,C
2615,2,95.6,5.7,68.2,D
2616,10.2,84.1,5.4,78.6,C
2617,14.9,100,7.1,86.4,B
2618,21.5,76.7,6.2,83.8,B
2619,9.6,87.3,4.4,76.6,C
2620,26.6,80.7,5.6,82.8,B
2621,10.2,92.1,2.9,72.8,C
2622,10.2,75.6,5.6,74.7,C
2623,25.8,100,6,98,A
2624,16.5,64.7,9.6,77.4,C
2625,11.1,100,8.7,82.9,B
2626,13.9,86.1,3.9,81.2,B
2627,24.5,91.6,6.4,87.1,B
2628,25.3,100,6.4,93.7,A
2629,9.3,95.3,5.5,76.6,C
2630,14.7,76.2,5.7,76.1,C
2631,15.6,92.2,5.3,78.4,C
2632,8.1,100,9.7,82.6,B
2633,14.6,74.4,5.2,72,C
2634,15,100,6.7,87.3,B
2635,23,89.6,0.9,81.1,B
2636,23.5,79.8,7.6,88.1,B
2637,12.7,74.3,8.4,73.8,C
2638,13.5,82.3,3.9,73.8,C
2639,19.7,61.5,5,74.7,C
2640,10.9,80,6.9,77.8,C
2641,19.1,81.8,6,76.7,C
2642,14.4,72.1,6.9,76,C
2643,8.2,94,5.4,74.1,C
2644,8.3,82.4,9.7,80.3,B
2645,25.1,77.4,4.7,87.9,B
2646,13.9,81.1,10,73.8,C
2647,26.5,89.3,8.5,90.2,A
2648,11.4,85.9,7.7,79.5,C
2649,17,76.6,3.9,75,C
2650,31.7,86.5,7.8,97.2,A
2651,7.6,84.4,7.2,75,C
2652,1.7,71.3,1.8,57.5,F
2653,24,81.5,3.2,78.1,C
2654,9.2,92,6.7,74.5,C
2655,14.9,91.9,5.7,78.9,C
2656,10.9,82.2,5,72,C
2657,16.9,93.1,8.2,87.1,B
2658,8.3,73.2,4.2,67.2,D
2659,13.7,73.6,5.1,71,C
2660,18.1,82,4.7,75.7,C
2661,7.9,100,7,78.3,C
2662,10.1,87,2.6,70.3,C
2663,12.6,81.7,5,72.6,C
2664,5,100,2.6,74.8,C
2665,12,81.6,5.4,78.9,C
2666,15.8,100,7.4,83.3,B
2667,12.2,78.9,7.5,79.9,C
2668,13.1,72.9,4.5,73.6,C
2669,14.9,83,7.1,80,B
2670,10.4,82,5.6,78.7,C
2671,19.8,75.3,8.7,81.9,B
2672,25.1,100,5.7,92.9,A
2673,11.7,88.8,0.1,71.2,C
2674,18.4,90.6,7.8,85.9,B
2675,13.3,79.5,5.1,76.1,C
2676,17.6,78.1,5.5,78,C
2677,26,97.3,6.7,93.9,A
2678,18.6,64.9,3.2,69.1,D
2679,2.6,71.3,6.1,63.1,D
2680,18.2,82,7.1,79.6,C
2681,23.6,100,6.7,90.7,A
2682,13.4,80.5,4.8,77.9,C
2683,22,90,8,87.1,B
2684,10.2,85.3,4,75.1,C
2685,4.6,100,4.7,75.9,C
2686,16,66,5.7,71.3,C
2687,2.7,93.8,6.6,77.6,C
2688,13.3,82.6,5.4,78.4,C
2689,24,96.1,8.5,92.8,A
2690,1.6,75.2,6.6,65.9,D
2691,6,85.3,6.2,72.9,C
2692,7.8,83.8,6.5,69.2,D
2693,14.6,73,7.5,73.7,C
2694,12.4,69.6,6.5,73.6,C
2695,24.8,78,2.4,74.8,C
2696,21.7,86.6,8.2,85,B
2697,18.5,75.9,6.2,77.5,C
2698,16,81,7.4,88.7,B
2699,17.8,62.4,5.2,74,C
2700,9,80.6,2.3,71.8,C
2701,21,97.3,1.4,80.1,B
2702,7.2,93.5,4.1,75.1,C
2703,20.8,84,7,79,C
2704,23.3,87.9,8.6,88.5,B
2705,16.5,75.1,6.6,78.8,C
2706,13.8,100,3.9,76.7,C
2707,17.8,100,4.4,85.8,B
2708,0,87,8.7,73.2,C
2709,17.1,100,3.4,81.1,B
2710,14.2,76.8,10,77.8,C
2711,14.6,70,9.8,75.7,C
2712,19.9,76.5,10,83.5,B
2713,14.5,82.4,6.8,77.7,C
2714,7,100,5.3,79.2,C
2715,14,81.6,6.7,76.3,C
2716,15.5,74.7,7.8,82.7,B
2717,15.8,74.2,4.7,79,C
2718,16.1,98.7,3.8,82.9,B
2719,22.3,97,5.4,87.1,B
2720,7.4,79.2,4.5,67.8,D
2721,16.2,62.5,8.5,75.8,C
2722,24,71.5,4.8,80.9,B
2723,2.9,100,6.2,75,C
2724,16.3,93.3,8,84.1,B
2725,10.9,85.8,8.6,80.4,B
2726,12.4,100,6.4,83.2,B
2727,8.7,100,6.8,78.9,C
2728,13.8,84.6,4,75.9,C
2729,27.9,84.8,8,89.3,B
2730,6.1,78,8.5,70.7,C
2731,6.8,81.6,2.3,67.2,D
2732,5.9,67.2,9.5,68.3,D
2733,27.1,67.1,4.6,77.8,C
2734,11.8,64.3,7.2,73.7,C
2735,14.8,98,6.2,82.6,B
2736,12.2,66.3,5.9,75.6,C
2737,8.4,100,5.6,80.9,B
2738,13.4,76.2,4,69.8,D
2739,32.2,100,7,100,A
2740,24.7,80.6,5.4,81.9,B
2741,9,66.2,3.4,70.6,C
2742,19.5,100,3.9,86,B
2743,9.2,100,3.4,78.6,C
2744,2.6,74.1,5,64.6,D
2745,22.1,81,7,84.9,B
2746,23.1,74.1,4.6,78.8,C
2747,22.3,83.6,8,83.6,B
2748,11.7,86.3,5.8,77.8,C
2749,13.8,80.8,5.4,79,C
2750,20.2,63.2,6,71.6,C
2751,17.7,78,8.8,86.6,B
2752,12.2,93.4,3.3,78.5,C
2753,3.7,82.5,9.3,72.3,C
2754,15.8,81.1,7.9,79.2,C
2755,22.6,73.8,6,86.2,B
2756,6.6,77.7,8.4,75.8,C
2757,19.5,100,5.4,90.4,A
2758,17.3,71.3,6.6,75.8,C
2759,20.3,93.6,4.9,86.5,B
2760,21.1,85.6,7.9,87.2,B
2761,10.1,87.9,4.6,74.2,C
2762,3.7,76.2,5.9,67.6,D
2763,11.3,80.8,7.4,79.7,C
2764,21.2,84.9,8.1,91,A
2765,11.2,78.8,4.4,71.2,C
2766,10.1,89,7.5,74.7,C
2767,2.3,90.5,4,74,C
2768,27.3,100,1.7,93.5,A
2769,20.8,88.3,4.5,84,B
2770,20.4,62.1,7.7,82.2,B
2771,21.8,99,6,90.1,A
2772,19,82.6,4.9,77.2,C
2773,13.3,100,6.1,79.4,C
2774,13.9,100,6,79.7,C
2775,12,78.9,7.2,76.1,C
2776,33.4,93.7,2.8,90.7,A
2777,18.9,77.9,5.8,77.4,C
2778,11.8,85,6.2,76.6,C
2779,18.3,93.1,3.3,83.7,B
2780,7.9,98.4,3.2,73.6,C
2781,25.5,95.7,5.3,87.8,B
2782,10.4,85.9,6,74.5,C
2783,18.5,100,6,89.9,B
2784,22.5,80.6,4.9,81.5,B
2785,17.7,65.7,4.8,73.5,C
2786,15.7,68,5.2,77.1,C
2787,15.1,100,6.6,93.8,A
2788,14.6,84.1,8.5,83.3,B
2789,11,86.9,1.6,73,C
2790,11.9,78.5,7.2,72.3,C
2791,25.4,79.6,5.8,85.7,B
2792,14.2,75.6,7.1,76.5,C
2793,9.5,90.7,8.4,82.5,B
2794,11.4,83.8,4.5,72.9,C
2795,22.7,90.2,7.9,89.6,B
2796,19.7,89.1,3.5,82.9,B
2797,18.9,79.9,6.3,86.2,B
2798,13.2,67.5,5.5,75.5,C
2799,19,66.5,6.1,79.3,C
2800,10.5,100,4,80.9,B
2801,13.2,100,6.9,82.8,B
2802,21.8,100,9.2,95.5,A
2803,21.1,76.9,4.1,76.1,C
2804,8.1,85.1,6.4,73.8,C
2805,9,75.2,7.7,78.4,C
2806,15.8,69.3,5.4,74.9,C
2807,27.1,77.9,8.7,89.5,B
2808,1.6,100,5.1,74.4,C
2809,16.9,95.1,5.8,83.6,B
2810,5.4,73.4,4,58.8,F
2811,10.6,81.2,6.3,70.9,C
2812,12.4,94,6,82.2,B
2813,12.1,78.1,7.3,73.1,C
2814,11.3,86,4.7,74.7,C
2815,15.1,89.8,4.6,75.5,C
2816,11.3,89.7,6.9,76.9,C
2817,4.8,88,8.8,75.8,C
2818,20.5,77.2,7.3,84.6,B
2819,20.3,78.4,9.7,88.4,B
2820,20.9,71.4,7.1,77.7,C
2821,4.2,66.3,7,66.4,D
2822,17.1,83.6,7.4,77.5,C
2823,19.7,94.8,9,89.9,B
2824,7.8,68.4,8.5,73.5,C
2825,15.1,88.3,3.8,77.5,C
2826,14.2,94.4,7.6,87.7,B
2827,27.9,63,6.5,83.9,B
2828,28.5,81.8,5.6,88.2,B
2829,3.3,100,2.5,70.7,C
2830,32.5,91.6,2.9,89.2,B
2831,8.6,62.6,5.3,60.9,D
2832,21.9,92.9,3.1,79.6,C
2833,21.8,76,5.3,83.1,B
2834,8,93.3,7.4,83.1,B
2835,18.5,76.7,4.8,74,C
2836,14.2,84.4,6.2,78.7,C
2837,18.9,78.5,3.9,72.3,C
2838,16.6,85,6.6,78.1,C
2839,23.4,78.2,7,84.9,B
2840,15.5,82.3,3.2,73.5,C
2841,13.8,70.9,4.5,65.5,D
2842,22.7,90.9,3.5,89,B
2843,19.1,87.1,7,83.9,B
2844,20.1,65.6,6.3,73,C
2845,10.3,96.9,5.9,80.1,B
2846,7.7,82.9,5.7,72.3,C
2847,11,86.9,6.6,78.8,C
2848,10.7,94.2,6.7,78.9,C
2849,20.5,88.9,5,84.3,B
2850,21.8,99,4.7,90.5,A
2851,13.9,81.5,5.9,72.9,C
2852,25,97.4,5.6,88.5,B
2853,24.6,86.5,10,94.1,A
2854,16.7,91.1,5.2,79.9,C
2855,9.2,89.8,6.6,76.9,C
2856,26,99.9,6.9,92.4,A
2857,14.6,93.7,8.8,84,B
2858,15.9,79.7,4.4,74.4,C
2859,12.6,77.3,8.7,73.9,C
2860,8.8,84.4,5.7,75.2,C
2861,4.7,75.9,10,76,C
2862,19.4,72.4,6.7,78.2,C
2863,9.5,59.5,3.5,65.6,D
2864,36.4,66.4,5.6,86.5,B
2865,7.4,100,8.7,80.3,B
2866,6.2,77.1,6.2,71,C
2867,18.6,100,5.9,88.3,B
2868,25.7,89.8,7.4,90.2,A
2869,15.5,84.4,5.3,80.4,B
2870,19,67,5.6,71.2,C
2871,2.1,85.1,4.1,66.2,D
2872,10.3,100,9.5,87.9,B
2873,7.5,100,3.6,78.8,C
2874,1.7,88.3,6.3,73.2,C
2875,15.8,71.2,7,78.9,C
2876,0,73.5,6,62.5,D
2877,5.7,74.8,3.5,60.3,D
2878,11.2,100,4,78.5,C
2879,9.2,100,7,83.2,B
2880,17.8,87.4,4.4,82.5,B
2881,17.1,81.4,1.9,72.8,C
2882,21.3,100,6.8,87.2,B
2883,20.3,73.3,4.3,74.1,C
2884,23,85.6,7.3,85.1,B
2885,15,90.6,5.6,74.9,C
2886,17.1,74.6,5.5,74.7,C
2887,18.6,77.4,6.1,79.3,C
2888,16,76.4,3.7,73.7,C
2889,12.2,100,4.3,79.4,C
2890,12.7,100,5.5,80,B
2891,9.3,86.4,3.7,70.8,C
2892,18,81.8,7.4,80.2,B
2893,14.3,77.8,5.4,77.3,C
2894,10.4,85,3.1,72.1,C
2895,10.4,78.4,4.9,81.4,B
2896,6.5,83.8,6.2,71.5,C
2897,21.9,90,5.1,86.2,B
2898,15.6,80.1,6.8,77.7,C
2899,9,82.7,7.1,74.1,C
2900,20.7,82.8,10,92,A
2901,11.1,81.2,8.3,80.5,B
2902,5.2,79.7,2.7,60.6,D
2903,22.1,94.1,5.3,83.8,B
2904,11.2,63.8,5.5,67.5,D
2905,12.1,100,7.2,82.1,B
2906,15.3,86.6,4.1,73.1,C
2907,23,92.3,4.9,86.8,B
2908,15.1,93.7,3.5,73.7,C
2909,6.6,76.5,4.8,68.6,D
2910,18.8,74,4.9,78.8,C
2911,11.6,72.6,5.4,73.9,C
2912,28.2,82,3.6,84.6,B
2913,15,93.4,8,89,B
2914,0,78,6.9,67.4,D
2915,17.5,92.3,3.1,82.6,B
2916,28.6,56.6,6.1,76.9,C
2917,26,80.4,2.9,86.5,B
2918,27.8,99,8.7,96.9,A
2919,7.9,82.9,9.2,81.6,B
2920,21.4,75.1,5.9,84.2,B
2921,9.9,77.1,4.3,71.1,C
2922,16.6,48.7,4.7,66.8,D
2923,6.1,72.9,5.1,66.4,D
2924,10.5,97.7,5.8,77.5,C
2925,10.3,78,8.7,78.1,C
2926,21.3,79.4,7.9,85.7,B
2927,20.6,57,7.9,70.7,C
2928,16.9,65.4,6.3,73.6,C
2929,5.5,99.3,3.7,76.9,C
2930,12.8,92.4,4.5,82.6,B
2931,9.8,69.4,6.1,71.8,C
2932,21.1,77.4,3.6,73.5,C
2933,23.2,84.6,6.6,82.7,B
2934,22.4,70.6,7.6,80.3,B
2935,9.7,61,7.1,71.9,C
2936,0,83.1,7,66.5,D
2937,2.6,91.9,2.3,70.9,C
2938,25,92.1,8.7,90.4,A
2939,12.2,95.5,2.9,78.6,C
2940,9.7,66.4,5.7,65.2,D
2941,26.5,85.7,7.2,88.8,B
2942,23.9,81.8,6.7,82,B
2943,15.2,84,3.4,80.1,B
2944,12.9,82.5,3.8,71.9,C
2945,14.1,77.1,6.6,71.6,C
2946,16.6,48.8,7,63.6,D
2947,26.2,98.9,3.8,89.6,B
2948,18,89,6.8,82.3,B
2949,20.1,67.2,3,74.8,C
2950,23.2,90.7,7.2,88,B
2951,6.8,79.6,4.2,72.4,C
2952,20.3,80,6.2,80.2,B
2953,12.9,75.8,5.8,77.1,C
2954,0,91.4,8.3,70,C
2955,0.1,75.4,6.5,60.5,D
2956,7.9,71.8,4.8,65.1,D
2957,18.7,98.6,6.7,84.2,B
2958,15.8,82.9,10,80,B
2959,16.3,83.2,7.5,82.4,B
2960,28.7,93.3,5.9,91.3,A
2961,6.1,77,4.3,67.9,D
2962,14.8,79.4,4.8,77,C
2963,17.1,88.7,7.4,78.5,C
2964,9.8,66.5,4.2,68.1,D
2965,15.2,87.7,6,76.5,C
2966,3.8,75.9,8.9,69.1,D
2967,24.9,95.3,6.3,84.8,B
2968,10.2,91.6,3.8,77.2,C
2969,29.2,90,10,91.2,A
2970,14.8,65.7,9.5,72.6,C
2971,22.2,83.8,7,81.8,B
2972,14.6,70.9,8.6,76.4,C
2973,14.8,84.6,5.5,77.6,C
2974,10.9,57.2,7.4,70.2,C
2975,15.8,66.5,5.2,71.7,C
2976,17.2,99.3,3.3,85.5,B
2977,9.5,89.4,10,82.5,B
2978,14.1,80.8,3.2,70.7,C
2979,10.7,74.1,6.6,70.6,C
2980,31.1,72,6.6,91.7,A
2981,14.4,87.4,7,84.4,B
2982,25.8,80.9,5.8,87.9,B
2983,13.6,100,5.8,86.1,B
2984,16.8,82.8,6.3,81.3,B
2985,5.8,85.7,7,74.5,C
2986,11.9,68.3,6,70.8,C
2987,16.5,80.7,5.9,83.5,B
2988,26.1,87.1,3.4,83.6,B
2989,16.6,80.5,10,84.1,B
2990,24.7,79.2,7.1,80.4,B
2991,19.5,88.9,6.4,80,B
2992,26.4,100,4.8,96.9,A
2993,14.6,86.7,4,78.8,C
2994,31.7,98.7,7.7,98,A
2995,11.6,92.5,5.7,79,C
2996,9.6,98,7.2,77.1,C
2997,6.5,77.7,3.3,65.5,D
2998,31.3,82.5,9.1,89.7,B
2999,20.7,82.6,7.8,83.8,B
3000,12.7,91.6,5.8,81.5,B
3001,23.7,94.5,6.9,91.5,A
3002,19.8,86.5,7.5,89.7,B
3003,28.8,95.5,3.3,90.8,A
3004,4.2,78.2,9.4,65.1,D
3005,13.1,95.6,7,88.5,B
3006,11.8,97.2,4.6,76.8,C
3007,1.2,93.1,3.8,69.5,D
3008,22.4,86.6,8,87.9,B
3009,13.1,93.6,6.4,81.9,B
3010,20.2,74.3,7,80.4,B
3011,31.5,87.4,6.1,92.6,A
3012,12.5,88.6,4,72.1,C
3013,12.1,69,7,80.1,B
3014,15.8,90.7,5.6,83.2,B
3015,21.9,70,6,78.9,C
3016,11,79.9,10,84.6,B
3017,10.6,85.5,7.7,74.8,C
3018,22.4,76.2,7.9,86.3,B
3019,17.7,86,10,84.5,B
3020,0.7,85.8,6.8,70.7,C
3021,6.4,75.2,6.2,70.6,C
3022,25.5,91.8,4.6,80.7,B
3023,17.8,75.8,5.1,72.5,C
3024,9.7,100,1.9,80.3,B
3025,13.8,83.7,7.6,78.8,C
3026,15.1,70.9,3.5,77,C
3027,20.2,73.2,7.8,84.8,B
3028,5.5,98.8,5.9,76.1,C
3029,9.1,80.1,6.3,72.2,C
3030,16.9,68.6,5.9,79.4,C
3031,14.3,95.2,8.8,91.8,A
3032,19,80,8.4,82.3,B
3033,6.4,92.8,5.9,80,B
3034,17.5,96.2,4.2,85.9,B
3035,22.6,88.3,7.8,91.8,A
3036,18.4,100,4.1,85,B
3037,16,64.3,2.9,66.6,D
3038,14.3,75.2,7,73,C
3039,9.2,81.9,8.4,72.6,C
3040,14.5,100,5.2,88.8,B
3041,23.8,100,6.8,92.1,A
3042,14.2,100,5.2,79.4,C
3043,8.8,75.5,7.4,75.7,C
3044,11.6,76.9,8.2,74.7,C
3045,16.4,75.1,5.5,73.9,C
3046,12.4,75.6,3.9,77.4,C
3047,18.4,100,3.1,79.5,C
3048,18.7,82.1,7.9,83.7,B
3049,21.2,83.7,3.7,78.7,C
3050,25,94.3,6.7,88.5,B
3051,22,65,7.6,74.6,C
3052,8.5,85.6,5,73.3,C
3053,8.7,71.8,5.7,66.5,D
3054,14.5,81.5,8,81.6,B
3055,11.8,78,4.4,72.1,C
3056,7,77.3,4.2,67.2,D
3057,11.9,87.7,5.5,74.5,C
3058,11.7,87.7,8.6,84.9,B
3059,10.3,82.4,9.2,80.6,B
3060,12.8,89.4,5.8,76.7,C
3061,23.2,74.6,4.6,75.7,C
3062,16.4,93.2,8.1,79.9,C
3063,32.3,82.5,2.7,90.5,A
3064,16.2,79.2,6.5,81.2,B
3065,13,75.5,5.9,77.1,C
3066,15,82.1,8.6,80.8,B
3067,16.8,100,8.8,91.6,A
3068,18,84.2,4.1,81.9,B
3069,29.5,71.3,6.3,85.2,B
3070,9.1,96,4.9,76.1,C
3071,21,79.3,5.4,77.9,C
3072,16.5,88.4,7.2,84.1,B
3073,4,77.7,5.3,69.1,D
3074,20.4,100,6.4,87.7,B
3075,23.9,77.9,7.9,84.6,B
3076,9,100,9,82.9,B
3077,14.9,72.4,6.6,77.5,C
3078,2.9,81.5,6.2,64.9,D
3079,6.2,100,3.8,71.9,C
3080,22.3,87,9.2,85.8,B
3081,11.7,100,7,82.7,B
3082,7.2,81.8,6.3,73.3,C
3083,16.6,88.1,6.2,78.4,C
3084,11.3,100,6.7,85.3,B
3085,11.7,66.8,7.5,76.3,C
3086,20.2,65.3,7.8,79.2,C
3087,6.9,75.5,9.2,76.7,C
3088,8.7,94.8,6.5,75.6,C
3089,16.1,65.7,9.5,74.4,C
3090,21.8,92.2,8.1,90.8,A
3091,23.7,91.3,5.9,87.6,B
3092,10.3,100,2.7,74.3,C
3093,21.6,97.5,6.2,93,A
3094,9.5,89.4,9.1,81.1,B
3095,27.8,100,4.4,94.3,A
3096,7.1,91.5,6.2,73.6,C
3097,24.3,79.5,6.3,89.5,B
3098,10.4,71.3,7.9,72.5,C
3099,29.1,78.2,5.2,89.3,B
3100,19.1,84.5,4.3,78.1,C
3101,7.9,87.1,7.1,76.3,C
3102,11.3,59.4,4.5,67,D
3103,20.5,82.4,2.3,83.8,B
3104,22.4,85.3,9.7,87.8,B
3105,14.5,91.6,7.9,83.9,B
3106,15.3,100,9.8,91,A
3107,20.3,87.2,7.7,81.7,B
3108,15.9,74.1,7.4,70.9,C
3109,5.9,63.2,6.7,62.3,D
3110,9.3,93.2,5.6,80.2,B
3111,16.6,74.6,7,82.9,B
3112,23.5,95.4,4.9,85.1,B
3113,26.3,100,3.9,86.7,B
3114,20.5,66.5,5.3,80.3,B
3115,17,91.6,8.6,84.4,B
3116,20.2,100,3.5,84.3,B
3117,10.3,97.2,3.6,81.4,B
3118,13.9,59.8,7.2,74.5,C
3119,9.2,74.8,5.2,72.8,C
3120,6.3,69.6,7,63,D
3121,17.3,91.3,8,81.7,B
3122,16.3,90,6.9,86.3,B
3123,19.8,52.6,4.7,70.4,C
3124,18.8,81.4,8.6,81.4,B
3125,16.7,94.6,7.5,84.5,B
3126,18.9,86.8,6.1,86,B
3127,14.7,86.8,6,84,B
3128,17.9,80.6,6.7,80.5,B
3129,9.9,72.3,5.4,67.9,D
3130,17.6,84.8,2.7,76.2,C
3131,19.7,85.6,7.5,88.6,B
3132,10.3,92.4,7.4,83.8,B
3133,15.4,93.4,1.4,77.4,C
3134,10.6,86,7,75.8,C
3135,11.3,98.1,9.5,88.5,B
3136,7.1,80.5,3.7,73.7,C
3137,23.9,67.7,5.9,74.9,C
3138,22.5,90.7,5.6,85.6,B
3139,18.8,86.5,9.3,89.9,B
3140,28.8,91,8.2,94.5,A
3141,13.7,69.8,4.2,69,D
3142,36.2,100,6.7,100,A
3143,13.4,93.5,10,86.8,B
3144,16.8,81.5,4.8,74.3,C
3145,12.2,73.8,6,73.2,C
3146,17.6,97.9,7,88,B
3147,20.8,71.8,4.8,75.7,C
3148,14.2,100,9.5,85.7,B
3149,27.4,77.6,5.1,83,B
3150,16.7,100,3.2,79.5,C
3151,16.9,82.8,5,81,B
3152,8.6,100,7.3,78.3,C
3153,17.9,76.2,4.4,76.7,C
3154,14.1,85.2,6.6,78,C
3155,10.7,94.7,7.1,78.6,C
3156,9.6,92.9,3.6,79,C
3157,33.7,98.2,4.9,96.1,A
3158,13.2,79.2,6.7,74.4,C
3159,4.8,86,7.4,71.2,C
3160,10.1,100,4.9,80.5,B
3161,14.6,76.5,6.3,78.6,C
3162,18.8,91.9,5.4,87.5,B
3163,18.9,82.4,7.5,82.3,B
3164,19.7,87.5,7,84.1,B
3165,10.5,86,5.3,75.5,C
3166,17.4,75.5,7,79.1,C
3167,8.9,81.9,5.2,70,C
3168,10.7,86.7,6.9,81.9,B
3169,8.6,83.8,6.9,75,C
3170,6.7,100,10,84.6,B
3171,22.4,97.1,5.3,89.5,B
3172,19.8,88.5,5.7,84.8,B
3173,21.8,75.8,4.7,76.3,C
3174,15.3,75.1,3.9,73.2,C
3175,20.4,100,5.1,94.3,A
3176,2.7,72.9,7.3,71.8,C
3177,21,86.4,7.5,86.3,B
3178,16.2,89.3,6.6,81.1,B
3179,19.4,81.3,5.4,73.6,C
3180,17.7,73,5,74,C
3181,8.1,75.6,4.2,68,D
3182,4.5,78.4,4.9,66.5,D
3183,10,76.5,3.4,68.4,D
3184,19,100,8.7,92.5,A
3185,19.8,84.9,9.7,84,B
3186,5.4,78.7,2.1,65.8,D
3187,8.1,86.3,6.6,74.7,C
3188,9.9,93,6.5,76.1,C
3189,12.5,80.9,6.4,81.2,B
3190,5.5,95.8,4.8,76.6,C
3191,5,69.7,8,66.2,D
3192,9.2,99.1,6.8,82.3,B
3193,15.6,84.9,8.1,77.8,C
3194,6.7,84.4,4.5,68.9,D
3195,14.2,76.7,3.2,76.1,C
3196,22.4,70.3,6.9,81.4,B
3197,5.9,65,4.1,63.5,D
3198,13.6,75.8,8.1,80.2,B
3199,22.2,92.1,1.7,83.7,B
3200,12.1,73.5,5.1,70.8,C
3201,11,66.4,4.8,70.7,C
3202,23.1,74.1,5.3,75.4,C
3203,12.9,80.4,6.5,74.4,C
3204,22.7,80.9,6.8,84,B
3205,18,83.5,7.3,83.9,B
3206,12.6,97.4,7.5,82.5,B
3207,18.4,100,5.7,81.2,B
3208,17.2,100,10,85.2,B
3209,22.1,65.5,8.8,80.5,B
3210,11.2,74.7,5.4,70.3,C
3211,15.3,93.4,5.7,79.2,C
3212,14.6,79.6,5.3,72.7,C
3213,19.9,95.3,6.7,87.7,B
3214,7.8,87.5,4.1,76.1,C
3215,22.1,100,4.4,88.3,B
3216,18.3,97.5,1.7,84.7,B
3217,5.8,97.7,5.2,74.6,C
3218,23.5,80.1,8.1,87.5,B
3219,30.6,83.8,5.7,94,A
3220,22,81.3,5.8,82.3,B
3221,25,66.9,6.6,80.8,B
3222,15.6,100,4,81.4,B
3223,3.4,93.9,6.1,75.4,C
3224,2.1,80.9,7.8,72.7,C
3225,16.8,100,6.6,87.6,B
3226,10.9,77.4,8,74.9,C
3227,8.6,62.9,8.5,64.8,D
3228,14.6,97.1,7.3,84.5,B
3229,19.3,69.7,4.6,74.5,C
3230,4.8,82.7,5.3,70.5,C
3231,11.9,87.5,9.9,82.6,B
3232,25.6,89.6,6.6,94.1,A
3233,7.5,95.2,6.4,75.4,C
3234,21.1,92,4.3,79.3,C
3235,11.6,91.6,5.8,75.2,C
3236,18.8,75.5,7.4,78.3,C
3237,22.7,88.5,6,89.4,B
3238,20.2,66.9,5,71.3,C
3239,21.4,100,5.4,85,B
3240,6.9,68.2,8.4,71,C
3241,22.8,80.8,7.3,87.6,B
3242,9,69.2,7.1,65.5,D
3243,16.8,76.2,6.9,73,C
3244,16.8,85.2,3.6,75.3,C
3245,18.4,78.7,6.5,81.9,B
3246,17.4,98.7,8.1,88.8,B
3247,9.1,87.7,5.5,72.7,C
3248,5.6,79.4,8,74.5,C
3249,21.1,83.4,7.1,84.7,B
3250,16.3,99.6,7.7,87,B
3251,23,95.9,6.1,84.3,B
3252,14.7,71.3,7.8,73.7,C
3253,5.2,76.8,3.1,71.1,C
3254,21.8,90.7,6.1,85.2,B
3255,12.4,89.2,7.4,77.5,C
3256,17.4,72.4,6.6,75.9,C
3257,10.5,94,8.2,81.9,B
3258,26.5,74.3,5.7,86.1,B
3259,8.9,100,4.9,80.4,B
3260,12.6,91.4,2.7,73.6,C
3261,15.8,71.4,5.5,77.9,C
3262,7.4,78.7,7,74.7,C
3263,17.3,78.4,7.5,78.9,C
3264,26.3,86.9,3.2,84.5,B
3265,11.6,82.6,8.4,80.2,B
3266,17.8,71.3,4.1,77.1,C
3267,0,68.3,5.8,56.9,F
3268,14.7,91.6,4.9,80.1,B
3269,12.8,88.4,6.8,79.6,C
3270,9.3,86.3,6.2,73.7,C
3271,22.6,88.2,7.4,85.8,B
3272,12.7,77.6,9.7,82.3,B
3273,13.8,87.2,6.8,81.5,B
3274,12.4,100,4.8,87.4,B
3275,1.6,99.1,6.9,73.5,C
3276,7.1,81.5,9.9,76.9,C
3277,21.7,78.7,7.3,84.3,B
3278,0.2,50.7,7.9,60.6,D
3279,9.6,97.8,2.8,79.9,C
3280,12.2,94.4,6.8,81.6,B
3281,27.2,78.5,5.5,81.9,B
3282,20.4,67.8,4.6,73.1,C
3283,11.1,71.1,6,71.5,C
3284,24.1,90.3,6.2,91.4,A
3285,9.8,83.9,4.8,68.9,D
3286,22.1,93.3,6.4,84.3,B
3287,5.5,86,5.7,74.1,C
3288,22.5,96.6,7.4,86.7,B
3289,12.2,89.4,6.5,75.7,C
3290,7.8,94.9,6.8,81.5,B
3291,13.5,59.9,8,70.6,C
3292,16.9,70.2,7.1,75.6,C
3293,11.5,80.6,6,79,C
3294,18.9,98,1.8,78.4,C
3295,10.9,100,7,78.8,C
3296,19.3,83,4.2,84.3,B
3297,18.1,77.7,5.8,79.2,C
3298,14.6,61.5,6.7,73.2,C
3299,11.9,95.4,8.7,82.7,B
3300,16.1,78.4,9.7,81.6,B
3301,18.9,100,4.2,83,B
3302,29.4,76.1,3.4,84.5,B
3303,21.6,100,6.7,92.7,A
3304,21.8,94,6.5,88.6,B
3305,36.6,72.7,3.6,91.1,A
3306,18.6,87.8,6,84.7,B
3307,18.4,94.3,7.2,83.2,B
3308,19.9,82.3,3.5,78.4,C
3309,7.9,95.1,4,73.6,C
3310,11.9,94.8,4.7,81,B
3311,11.5,92.2,5.6,79.8,C
3312,19.5,84.8,7.4,84.4,B
3313,13.8,70.9,5.3,75.3,C
3314,16,84.1,6.1,74,C
3315,22.6,87.1,10,88.5,B
3316,21,62.5,4.1,71.6,C
3317,13.9,87,4.7,78.1,C
3318,10.3,83.8,7.4,78.4,C
3319,22.9,69.4,8,81.8,B
3320,20.4,81,6.8,78.7,C
3321,3.8,81.3,9.6,74.8,C
3322,12.8,100,6.6,84,B
3323,16.2,87.6,2,71.7,C
3324,20.5,97.4,6.2,87,B
3325,21.4,83.6,4.9,83.1,B
3326,17,62.5,8.8,80.7,B
3327,19.1,93.1,7.9,84.1,B
3328,15.4,77.1,2.8,75.1,C
3329,10.3,81,8.7,74.1,C
3330,13.2,72.4,7.9,71.6,C
3331,15.1,85.9,5.4,75.1,C
3332,14.8,97.8,5.8,85.1,B
3333,1.8,96.2,8.8,76.9,C
3334,12.2,100,2.1,76.7,C
3335,15.4,100,6.9,87.2,B
3336,13,60.4,8.2,71.5,C
3337,13.3,70.7,5.8,72.7,C
3338,18.4,63.3,7.3,74.4,C
3339,7.4,92.6,6.2,73.3,C
3340,3.6,76.7,4.4,70.7,C
3341,12.6,79.1,4.4,77.4,C
3342,20.3,82.4,7.4,88.6,B
3343,26.8,89.6,4.7,86.4,B
3344,20.5,67.2,3,71,C
3345,4.7,69.9,6.2,65,D
3346,13.4,85,5,79.8,C
3347,16.8,99.4,3.6,82.7,B
3348,16.2,84.7,6.1,78.4,C
3349,18.8,75.5,7.5,81.4,B
3350,8.6,59.2,6,62.8,D
3351,15.5,96.4,3.9,76.9,C
3352,17.9,76.2,7,79.6,C
3353,20.8,71.2,8.1,79.4,C
3354,9.4,64.4,10,72.2,C
3355,12.6,67.7,8.9,66.4,D
3356,0,73.5,4,58.6,F
3357,10.6,82.1,7.7,76.7,C
3358,11.3,70.5,6.5,67.1,D
3359,7.9,87.2,3.7,67.3,D
3360,16.2,82,6.6,79.7,C
3361,14.6,100,9.8,90.9,A
3362,0,64.5,8.4,60.6,D
3363,16.5,86.9,4,77.7,C
3364,8.5,87.1,6,74.2,C
3365,18.4,72.6,7,73.6,C
3366,6,86.1,2.5,72.1,C
3367,15.2,94.2,2.6,77.9,C
3368,13,86.2,6.3,77.8,C
3369,17.1,100,6.3,87.6,B
3370,15.9,58.9,2.3,61.2,D
3371,13.2,74.9,6.8,77.8,C
3372,4.2,100,8.2,82.1,B
3373,4.7,95.9,5.6,75.1,C
3374,10.9,91.5,6.1,79.8,C
3375,14.9,99.8,7.1,84.7,B
3376,10.7,62,6.9,71.2,C
3377,19.4,94.5,2.7,79.3,C
3378,13,97.8,4.2,79.9,C
3379,8.2,77.1,5.2,70.3,C
3380,13.1,100,4.3,80.8,B
3381,16.6,87.4,8.9,87.8,B
3382,17.3,58.7,7.3,79.4,C
3383,28.1,89.6,3.8,87.6,B
3384,10.3,76.4,5.6,73.3,C
3385,14.5,99,8.3,84,B
3386,18,91.6,4.7,85.2,B
3387,14.8,77.8,7.7,76.8,C
3388,11.5,100,8.8,94.6,A
3389,4.2,96.3,8.4,72.9,C
3390,11.4,75.1,6.4,79.7,C
3391,7.5,83.2,8.5,78.7,C
3392,2.9,91.2,5,67.6,D
3393,9.4,80.6,10,85.1,B
3394,7.7,81,6.5,69.9,D
3395,19.1,85.4,8.3,84.1,B
3396,19.2,72.2,5.3,72.8,C
3397,8.7,58.2,7,65.4,D
3398,13.2,87.9,7.1,79.9,C
3399,2,61.1,4.1,61,D
3400,11.5,73.1,4.1,77.2,C
3401,17.8,63.7,5.6,71.5,C
3402,20.8,65.2,8.2,70.7,C
3403,10,90.1,2.3,74.7,C
3404,22.4,82.3,5.3,81.1,B
3405,4.4,81.9,8.6,78.6,C
3406,6.3,69.2,3.5,63.8,D
3407,20,77.1,8.5,80.7,B
3408,26.7,89.5,3.7,83.7,B
3409,18.5,84.4,4.2,81.1,B
3410,14.7,94.9,5.7,81.2,B
3411,0,96.6,9.7,80.9,B
3412,0.8,82,4.7,65.2,D
3413,15.9,62.8,2.5,71.8,C
3414,12.5,75.9,3.2,66.4,D
3415,7.3,83.8,7.9,69.8,D
3416,15.5,75.7,3.3,75.3,C
3417,15.8,72.3,8.4,76.6,C
3418,21.6,85.8,6.1,83.7,B
3419,16,100,5.9,82.1,B
3420,23.6,79.1,6.6,80.8,B
3421,15.1,85,4.4,79.1,C
3422,14.2,69.3,6.3,73.1,C
3423,22.5,99.9,3.6,84,B
3424,8.2,95.5,8.7,83.3,B
3425,34.7,94.7,3.9,98.4,A
3426,17.6,100,6.9,87.1,B
3427,17.7,79.9,3.9,79.7,C
3428,18.7,81.4,4.9,76.2,C
3429,28.1,100,5.3,95.1,A
3430,20.5,92.6,10,91.2,A
3431,3.8,58.4,6,58.6,F
3432,24.8,90.5,4.4,92.6,A
3433,12.6,78,5.1,74.4,C
3434,15.8,95.8,3,78.1,C
3435,6,89.9,5.7,73.8,C
3436,18.7,64.1,9.7,76.1,C
3437,10.4,88.2,6.7,74.1,C
3438,15.7,87.5,7.8,81.3,B
3439,13,89.4,4.2,75.8,C
3440,28.5,91.9,5.6,88.7,B
3441,28.9,100,6.4,99.1,A
3442,15.3,90,4.5,77,C
3443,15.4,85.3,6.8,77.6,C
3444,12.4,98.8,7.2,80,B
3445,22.7,100,7.1,87.7,B
3446,12.7,96,5.7,84,B
3447,12.1,87.5,8.2,81.1,B
3448,21.9,90.2,5.5,87.5,B
3449,11.2,88.1,5.3,79.5,C
3450,14.7,85.2,8.9,81.4,B
3451,3.9,100,3.8,77.9,C
3452,19.9,76,2.6,73.5,C
3453,28.6,98.9,4.3,88.9,B
3454,20,83.5,6.8,84.3,B
3455,25.2,67.2,8.6,83.8,B
3456,9.1,82.7,4.7,72.6,C
3457,16.7,78.4,9.6,85.3,B
3458,8.4,91.9,6.1,77,C
3459,13.4,86.1,5.8,78.9,C
3460,20.4,72.7,4.3,80.7,B
3461,15.7,100,9.9,90.5,A
3462,5.1,98.1,5.7,77.5,C
3463,5.8,100,3.3,70.1,C
3464,5.3,87.8,10,88.8,B
3465,18.4,84.6,6.8,77.6,C
3466,29.4,93.4,7.6,93.2,A
3467,24.5,78.1,9.4,86,B
3468,1.7,86.6,7.2,77.5,C
3469,24.9,82.9,7.9,86.3,B
3470,21.6,67.5,6.1,79.1,C
3471,4.2,86.5,7.5,71.6,C
3472,12.9,79.7,5.9,72.4,C
3473,22.7,82.1,6,85.4,B
3474,18.9,89.4,6.2,81.6,B
3475,5.8,100,5.2,77.2,C
3476,19.3,74.8,7,81.7,B
3477,0,81,7,73.3,C
3478,13.4,75.8,7.6,72.8,C
3479,23,75,7.3,82.5,B
3480,15.1,77.9,10,81,B
3481,11.5,82.6,8.1,78.1,C
3482,21.2,92,5.6,93.5,A
3483,21.8,88.8,6.9,86.1,B
3484,24.2,72.3,8.8,77.2,C
3485,21.1,100,4.1,86.2,B
3486,22.6,96.3,10,93.3,A
3487,20.1,74.2,4.5,76.4,C
3488,16.9,99.7,7.8,85.7,B
3489,15.6,88.9,6,77,C
3490,13.3,83.1,5.9,83.5,B
3491,6.5,89.3,3.4,72.1,C
3492,8.3,84.7,7.8,75.5,C
3493,13,91.5,3.4,83.2,B
3494,16.7,87.2,3.1,75.1,C
3495,25.1,81,8.3,89.7,B
3496,14.7,60.7,9.6,70.6,C
3497,22,91.3,4.7,87.2,B
3498,22.6,80.5,8,82.1,B
3499,13.4,94.3,7.6,84.5,B
3500,19.2,90.8,5.8,89.9,B
3501,13.3,80.8,8.7,79.8,C
3502,24.3,97.3,5.7,83.4,B
3503,19.5,87.5,7,84.6,B
3504,6.7,87,3.5,71.9,C
3505,16.1,83.3,3.6,79.1,C
3506,26.5,100,8.3,100,A
3507,13.7,76.4,7.1,80.9,B
3508,18.1,81.1,5.7,79.3,C
3509,18.8,70.2,9.8,79.2,C
3510,7.7,93.7,9.8,77.9,C
3511,18.6,78,6.9,78.7,C
3512,5.2,79.4,3.1,67.6,D
3513,10.6,78.8,5.8,69.2,D
3514,22.5,85.8,4.3,80.2,B
3515,17.5,70,6.2,77.4,C
3516,12.9,58.1,4.1,63.6,D
3517,18.1,90.5,3.6,81.6,B
3518,14.6,59.6,1.5,61.7,D
3519,15.1,95.2,6.3,84.1,B
3520,19.6,100,1.4,80.1,B
3521,9.9,83,5.4,68,D
3522,15.3,100,7.4,89.2,B
3523,12.8,84.7,4.6,73.5,C
3524,3.9,100,3.8,72.8,C
3525,8.6,79.5,5.9,70,C
3526,26,56.6,4.3,76.7,C
3527,17.7,84,6.4,82.2,B
3528,5.7,100,3.9,76.6,C
3529,4.2,91.4,5.8,71.4,C
3530,14.2,78.8,5.3,75.3,C
3531,25.9,88.9,6,89.9,B
3532,13.7,96.7,9.3,90.8,A
3533,24.1,84,6.4,86.9,B
3534,17.5,100,7,84.5,B
3535,18.3,78.8,4.8,78.6,C
3536,5.6,97,6.4,76.4,C
3537,21.6,94.1,5.5,80.6,B
3538,12.7,76.6,6.1,68.8,D
3539,21,79.9,7.3,83.1,B
3540,9.3,97.2,5,78,C
3541,16.2,86.7,5.2,78.8,C
3542,17.5,89.1,5,83.8,B
3543,13.9,65.4,5,67.2,D
3544,17.8,92.9,6.3,80.3,B
3545,13.1,88.4,5.3,75.5,C
3546,10.5,84.2,9,77.1,C
3547,26.2,89.3,10,93.7,A
3548,22.3,80.1,4.9,79,C
3549,9.7,77.9,6.6,66.8,D
3550,19,82.1,8.1,75.8,C
3551,9.8,79.4,5.5,72.9,C
3552,6.7,100,4,72.5,C
3553,22.2,95.9,9.5,86.6,B
3554,3.1,73.4,7.4,69.4,D
3555,21.5,100,6.6,94.7,A
3556,13.2,79.8,8.9,79.1,C
3557,13.5,85.4,7.5,80.7,B
3558,17.9,95.8,5.9,85.8,B
3559,19.1,61.4,4,64.3,D
3560,9.2,82.2,5,75.2,C
3561,20,78.1,8.4,87,B
3562,15.8,87.5,7.4,87.7,B
3563,6.2,89.4,5.6,72.3,C
3564,13.8,84.1,9.5,78.7,C
3565,24.7,83.5,5.7,89.5,B
3566,26.7,97.8,8,96.3,A
3567,20,88.6,6.4,87.3,B
3568,6.7,85.5,9.9,75.7,C
3569,18.4,86.8,7.5,84.9,B
3570,21,100,6.1,85.9,B
3571,20.1,87.1,5.6,83.2,B
3572,20.5,78.8,6,79.9,C
3573,17.5,62.1,4.5,78,C
3574,14.5,67.8,3.3,70.8,C
3575,10.7,79.4,6.6,68.1,D
3576,1.7,83.7,4.9,67.3,D
3577,17.4,78.3,4.9,78.3,C
3578,16.3,89.2,5.8,79.9,C
3579,18.9,78.2,6.1,76.3,C
3580,5.6,74,6,70.1,C
3581,19.5,92.4,9.5,86.4,B
3582,29.4,100,7.3,98.6,A
3583,15.5,71.7,10,76.3,C
3584,14.6,87.9,5.1,77.1,C
3585,17.2,62.1,7.6,77.2,C
3586,29.2,67.3,5.2,83.9,B
3587,7.8,77.9,4.9,69.9,D
3588,16.4,98.6,10,89.7,B
3589,9.4,75.7,4.5,69.9,D
3590,11.2,75.2,1.5,64.9,D
3591,14.7,85.4,4.6,72.7,C
3592,24.4,85.4,2,83.2,B
3593,27.6,75.6,4.1,87.4,B
3594,18.1,100,4.3,86.6,B
3595,12.4,81.8,6.1,76.8,C
3596,32.4,86.4,1.9,84.1,B
3597,12,80.2,8.4,80.6,B
3598,11,90.3,2.2,74.9,C
3599,2.6,99.8,5.7,77,C
3600,24.8,100,5.4,94.1,A
3601,21.8,75.9,7.7,87.6,B
3602,31.9,98.2,6.7,94,A
3603,5.3,91.6,8.4,73.1,C
3604,25.2,96.7,5.3,90.5,A
3605,15.5,83.9,5.1,75.1,C
3606,20.6,82.8,6.8,80.2,B
3607,3.5,96.2,8.1,80.6,B
3608,25.3,96.5,7.7,89.8,B
3609,20.5,100,6.6,89.3,B
3610,14.7,87.4,6.5,75.4,C
3611,19.5,83.7,5.9,82.1,B
3612,9.6,55.5,6.8,68.9,D
3613,10.9,65.7,10,77.5,C
3614,11.8,80.3,5.5,77.5,C
3615,2,71.8,5.3,63.5,D
3616,21,94.8,5.1,89.4,B
3617,23.3,69.3,6.8,81.9,B
3618,10.1,79,1.8,66.8,D
3619,17.4,79.5,5.7,79.7,C
3620,13.1,99.5,7.8,87.6,B
3621,17.3,77.7,4.9,72.9,C
3622,10.6,90.4,6.4,75,C
3623,8.8,87.3,10,79.6,C
3624,22.4,95.8,6.7,85.6,B
3625,14.6,95.2,1.5,73.3,C
3626,29.2,84.6,3.2,84.9,B
3627,15.3,64.6,5.5,74.3,C
3628,8.5,82.2,4.4,74.2,C
3629,23.6,84.8,6.2,86.6,B
3630,19.4,88.4,5.4,83.4,B
3631,20.1,76.1,8.3,88.7,B
3632,23.3,98.7,3.8,86,B
3633,10.4,85.2,5.6,75.9,C
3634,14.1,74,6.4,73.2,C
3635,13.8,79.5,6.7,73.1,C
3636,6,100,6.3,81.6,B
3637,13.2,93,1.2,73.8,C
3638,24.4,97.6,6.2,92.9,A
3639,16.7,72.5,5.7,74.7,C
3640,5.6,76.7,7.7,74.8,C
3641,4.1,76.8,7.4,66.7,D
3642,26.7,87.2,6.5,92.7,A
3643,14.4,82.9,6.6,81.3,B
3644,10.5,79.1,8.7,71.4,C
3645,13.1,80.6,8.3,77.2,C
3646,4.7,75.5,6.6,71.6,C
3647,25,82.8,10,95.5,A
3648,12.2,98.4,4.7,82.4,B
3649,24.6,66.8,3.6,75.7,C
3650,15.4,89.2,6,77.9,C
3651,25,100,5.3,92.8,A
3652,16.8,82.8,1.1,72.4,C
3653,21,78.7,4.7,78.5,C
3654,20,96.1,6.7,87,B
3655,19.4,73.2,5.9,80.6,B
3656,17.4,84.7,4.4,84.3,B
3657,13.4,72.5,6.1,76.5,C
3658,28.4,62.6,6.2,81.4,B
3659,8.7,83.2,7.4,72.7,C
3660,15,69.8,4.7,74.1,C
3661,15.1,84.9,7.7,86.2,B
3662,17.8,98.4,3.8,86.4,B
3663,12,100,5,81.6,B
3664,17.2,86.1,9.4,83.7,B
3665,13.8,97.2,4,81.1,B
3666,3.9,89.8,4.7,74.4,C
3667,15.1,80.4,3.5,75.1,C
3668,7.3,61.9,4.3,62.7,D
3669,2.9,100,6.3,73.6,C
3670,16,72.4,7.4,84.7,B
3671,18.4,100,6,84.3,B
3672,18.7,91.4,5.4,80.4,B
3673,19,73.3,3.5,75.3,C
3674,1.5,88.7,4.5,67.9,D
3675,5.5,100,2.9,76.7,C
3676,28.8,100,7.5,99.8,A
3677,7.7,78.8,7.6,69.6,D
3678,19.3,76.5,5.9,76.8,C
3679,10.2,86.2,6.9,74.3,C
3680,15.6,83,7.8,83.2,B
3681,10.6,99.4,6.2,82.4,B
3682,18.9,93.9,8.8,87.4,B
3683,16,64.7,4,70.6,C
3684,11.9,90.5,5.3,74.5,C
3685,7.6,82.9,5.1,69.4,D
3686,16.9,85.4,7.3,78.3,C
3687,6.5,88,3.1,70.8,C
3688,18,99.4,8.9,90.4,A
3689,33.4,96.7,7.1,95.5,A
3690,24.5,76,9.5,88.4,B
3691,20,84.3,5.9,85.6,B
3692,14.4,79.6,4.9,72.3,C
3693,1.4,64.8,7.3,62.2,D
3694,5.7,83.7,8.1,75.6,C
3695,24,100,4.6,89.5,B
3696,9.5,64.5,2,58.6,F
3697,10.1,84.7,2.3,69.6,D
3698,13.8,84.3,6.5,77.1,C
3699,7.6,88.5,9.1,77.9,C
3700,6.4,73.4,3.4,64.9,D
3701,14.6,67.9,5.5,76.7,C
3702,8.8,68.5,5.3,67,D
3703,9.8,100,9.8,80,B
3704,9.5,73.2,10,75.8,C
3705,18.7,79,6.8,85.9,B
3706,13.4,100,7.8,84.9,B
3707,13.7,76.2,7.7,75.7,C
3708,19.2,89.1,3.4,79.7,C
3709,14,97.8,7.4,86.3,B
3710,13.1,97.2,4,78.6,C
3711,18.3,69,5.7,70.8,C
3712,19.7,76.4,8.3,80.2,B
3713,14,88.6,6.2,79.6,C
3714,15.6,100,8.2,89.1,B
3715,9.5,75.9,8.6,73,C
3716,9,79.1,2.5,67.3,D
3717,20.4,90,1.6,79.8,C
3718,18.1,92.4,8.3,84.5,B
3719,18.2,93.2,8.4,87,B
3720,17,74.8,6.5,78.9,C
3721,15.3,78.6,6.8,74.4,C
3722,19.9,87.6,7.8,86.7,B
3723,21.5,100,7.7,88.2,B
3724,21.4,82.1,5.4,78.9,C
3725,14.3,84.7,7.9,78.7,C
3726,24.7,72.7,5.3,85.2,B
3727,16.6,100,6.5,81.1,B
3728,19.4,86.9,6.4,82.1,B
3729,17,97.9,4.3,83,B
3730,16.7,85.4,4.5,82.2,B
3731,9.8,86,10,86.2,B
3732,19.9,67,4.2,72.8,C
3733,34.9,59.2,6.7,87.2,B
3734,12.4,100,7.2,83.6,B
3735,15.5,85.9,5.9,79.3,C
3736,11.9,87.5,7.3,80,B
3737,11.6,70,6.7,67.1,D
3738,25.8,74.2,4.3,81,B
3739,10.3,97.7,7.1,82.7,B
3740,11.7,100,4.9,78.1,C
3741,3.9,77.5,9.5,73.6,C
3742,9.7,93.1,6.9,73.8,C
3743,3,87.3,4.6,69.5,D
3744,19.4,83.6,6.7,86.7,B
3745,34.6,100,4.2,96.3,A
3746,12.4,79.6,6.5,72.9,C
3747,3.3,99.9,5.5,70.8,C
3748,21.3,89.6,4.3,84.6,B
3749,9.9,84.8,4.3,75.9,C
3750,24.1,100,10,95.9,A
3751,13,88.5,6.2,77.7,C
3752,10.6,83.8,5.1,68.5,D
3753,13.8,100,4.8,82.4,B
3754,20.3,100,6.9,87.5,B
3755,13.4,99.4,4.7,79.6,C
3756,11.5,38.3,3.8,61.9,D
3757,13.6,90.3,5.9,74.4,C
3758,6.1,87.5,5.9,68.2,D
3759,17.8,84.6,5.2,80.7,B
3760,2.5,92.3,4.2,69,D
3761,11.9,88.1,5.2,75.3,C
3762,20.3,93.1,5.1,85.7,B
3763,17.1,81.8,4.8,78.8,C
3764,19.1,100,6.6,85.3,B
3765,14.5,94.3,10,85.1,B
3766,23.2,91.5,8.7,90.9,A
3767,21.5,90.9,9.9,91.2,A
3768,18.1,98.9,4.9,86.5,B
3769,21.5,97.3,9.3,90.6,A
3770,20.3,83.6,6.5,84.1,B
3771,11.9,96.9,8,86.2,B
3772,5.6,87.1,6.9,74,C
3773,17.9,100,5.3,85.5,B
3774,18.8,98.2,7.4,87.7,B
3775,22.6,77.5,7,81.4,B
3776,8.4,100,2.5,72.5,C
3777,8.7,59.8,5.8,64,D
3778,18.2,92.6,7.7,87.7,B
3779,14.5,76.6,6.6,73.7,C
3780,1.8,100,6.9,75.5,C
3781,17.6,88,4.5,79.7,C
3782,2,75.5,6.5,71.8,C
3783,8.4,81.8,5.8,74.9,C
3784,24.5,76.4,5.6,84.7,B
3785,27.8,81.3,4.6,88.4,B
3786,6.5,81.1,7.8,71.8,C
3787,12.7,76,6.7,79,C
3788,15.3,88.2,6.5,81.5,B
3789,27.5,89.7,10,94.8,A
3790,11.5,73,6.9,69.7,D
3791,11.7,65.1,8.4,71.1,C
3792,25.8,88.7,6.5,83.9,B
3793,12.4,91.4,5.3,77.8,C
3794,20.1,93.8,3.9,81.7,B
3795,4.7,91.6,6.5,73.1,C
3796,13.8,100,0.7,73,C
3797,3.4,97,6.5,77.4,C
3798,7.6,100,6.6,81.4,B
3799,20.9,100,5.6,93.4,A
3800,14.7,63.9,5.8,76,C
3801,12.8,58.6,3.5,65.3,D
3802,9.8,84.9,8.8,81.5,B
3803,13.5,91.1,5.3,80,B
3804,17.1,84.1,4.1,76.7,C
3805,21.9,93.4,7.1,87.7,B
3806,0,81.8,6.2,68.8,D
3807,9.2,76.7,5.3,83.1,B
3808,16.1,78.5,5.1,79.9,C
3809,14.3,82.6,6,78.4,C
3810,17.8,95.1,8.7,89.5,B
3811,16.9,79.2,6.9,80.9,B
3812,12.9,81.5,5.9,75.8,C
3813,11.3,91.8,7.7,83.1,B
3814,13.3,82.6,6.1,76.5,C
3815,23,98.4,6.8,87.8,B
3816,9.9,74,6.3,73,C
3817,14.6,71.4,7.2,77.1,C
3818,16.3,88.7,5.1,79.8,C
3819,25.9,89.9,3.7,87.2,B
3820,12.9,74.6,7.8,78.8,C
3821,21.7,100,9,92.9,A
3822,23.6,100,3.8,87,B
3823,14.6,77.5,6.4,74.3,C
3824,13.5,100,5.1,81.5,B
3825,12.7,56.4,7.8,73.8,C
3826,13.2,97.9,6.5,82.4,B
3827,21,74.7,10,85.7,B
3828,16.6,96.7,5.4,82.8,B
3829,16.6,73.5,9.1,78.6,C
3830,7.1,84.2,9.3,74.1,C
3831,8.2,75.3,7.1,72.1,C
3832,30,82.4,6.1,87.9,B
3833,13.8,100,6.2,87.6,B
3834,9.6,83.7,6,74.2,C
3835,25,100,8.3,94.5,A
3836,17,80.4,4.3,76.2,C
3837,19,100,5.7,88.2,B
3838,14,65.5,5.4,75.1,C
3839,12.8,81.6,2.5,68.9,D
3840,13.8,78.6,7.7,78.7,C
3841,5.3,100,8.1,75,C
3842,14.4,87.2,4.7,81.5,B
3843,17.1,59.9,8.1,73.7,C
3844,28,69.3,2.8,74.8,C
3845,15.6,72.8,6,71.4,C
3846,0,96.2,5.7,74,C
3847,14.3,94.7,6.2,77.3,C
3848,34.2,81.4,6.2,93.2,A
3849,21.1,78.4,5.8,79.8,C
3850,9.3,93.6,5.2,76.4,C
3851,19.1,71.4,5.8,75,C
3852,9.8,90.5,8.7,77.5,C
3853,5.5,89.5,4.8,70.7,C
3854,12.6,81.7,10,82.6,B
3855,15.6,89.8,4.7,78.8,C
3856,1.9,86.2,6.5,71.5,C
3857,7,91,7.1,75.8,C
3858,15.1,69,5.4,74.5,C
3859,12.1,92.4,8.8,84.1,B
3860,17.8,97.3,7.1,85.2,B
3861,6.5,88.9,5.6,70.7,C
3862,20,92.2,8.7,91.6,A
3863,6.7,83.7,4,67.5,D
3864,26.5,95.7,4.9,91.7,A
3865,3,85.8,7.1,71.8,C
3866,7.4,71.2,7.6,68.9,D
3867,17.9,94.8,6.6,86.8,B
3868,26.6,65.4,5.7,84.5,B
3869,17.2,88.4,5.5,83.2,B
3870,18.9,80.4,8.3,83.4,B
3871,15.1,79.6,6.5,82.6,B
3872,7.8,87.1,4.3,67.3,D
3873,11.6,76.5,4.1,67.8,D
3874,6.5,91.1,9,77.1,C
3875,6,85.7,4.6,75.1,C
3876,17.8,77.6,6.5,82,B
3877,7.1,100,8.7,76.6,C
3878,17.2,87.5,7.1,81.6,B
3879,5.9,92.6,4.5,69.2,D
3880,17.1,100,4,83.4,B
3881,11.6,100,9.7,89.1,B
3882,24.8,92,3.9,89.4,B
3883,17.3,81.4,4.9,78.9,C
3884,23.7,67.8,6.7,79,C
3885,9.7,87.5,5.6,75.2,C
3886,15.4,98.1,7.1,87.5,B
3887,8.1,89.3,3.1,78.9,C
3888,12.1,43.7,5.6,57.9,F
3889,13.2,95.4,7.4,87.8,B
3890,9.9,96.2,7.4,81.6,B
3891,6.5,81.4,4.9,72.5,C
3892,5.1,96.9,4,74,C
3893,0,92.5,6.4,75.2,C
3894,7.6,76.8,3.4,68.4,D
3895,19.4,100,8.6,88.9,B
3896,3.8,69.8,6.3,66.9,D
3897,5.4,84.3,4.6,73.3,C
3898,27.5,83.1,3.9,85.2,B
3899,10.5,75.1,4.7,64.4,D
3900,17.2,88.6,2.9,78,C
3901,19.5,100,7,89.3,B
3902,19.6,100,4.4,85.9,B
3903,4.3,93.7,6.8,73.7,C
3904,13.4,64.6,7.1,75.8,C
3905,3.7,69,7.9,60,D
3906,32.1,87,6.5,93.5,A
3907,3.8,84.6,8.3,73.6,C
3908,7.7,79,8.8,81,B
3909,7.7,100,6.5,79.6,C
3910,4.5,86.3,6.6,73.8,C
3911,24.5,91.5,4.9,87.5,B
3912,32,96.9,4,93.9,A
3913,11.7,85.7,8.6,85.2,B
3914,5.8,100,7.2,75.6,C
3915,0,73.7,7.4,63.4,D
3916,13.3,77.7,4.8,76,C
3917,12.8,73.7,9.2,78,C
3918,10.4,100,5.5,79.6,C
3919,16.5,94.6,4.4,81.5,B
3920,17.8,78.5,4.9,80.1,B
3921,17.3,74.6,9.1,82.2,B
3922,12.8,100,3.8,78,C
3923,7.3,89.3,4.5,73.7,C
3924,19.7,100,10,92.6,A
3925,15.1,84.3,7.9,82.5,B
3926,21.2,91.1,4.5,83.2,B
3927,20.5,88.6,3.8,78.3,C
3928,5,77.5,2.7,66.9,D
3929,5,83.3,6.2,72.8,C
3930,9.7,70.8,7.5,76,C
3931,7.6,90.9,9,75.3,C
3932,20.3,94.1,2.2,81.5,B
3933,17.5,96.9,3.3,81.3,B
3934,22.7,93,5.8,86.2,B
3935,17.8,83.5,10,80.8,B
3936,16.5,100,7.8,84.5,B
3937,23.4,95.7,6.7,90.9,A
3938,18.3,100,3.6,82.5,B
3939,15.5,100,1.8,77.2,C
3940,25.4,83.5,6.1,90.7,A
3941,15.8,89.7,5.8,88.2,B
3942,12.9,94.3,5.5,80,B
3943,9.1,71.2,5.2,64.3,D
3944,19.9,71.5,4.5,77.3,C
3945,23.7,69.4,4,71.3,C
3946,14.6,83.7,8.8,77.6,C
3947,24.2,81,4.2,83.6,B
3948,1.2,67.8,5.4,57.7,F
3949,14.6,86.8,5.9,78.4,C
3950,14.7,83.9,7.4,75.7,C
3951,9.9,99.2,4.3,78.5,C
3952,31.7,100,8,100,A
3953,14.5,90.5,4.8,77.4,C
3954,12.1,76.6,5.7,73.5,C
3955,15.2,92.8,9.3,83.5,B
3956,1,85.1,4.1,64,D
3957,9.7,82.1,7.4,73.3,C
3958,21.9,74.7,8,85.3,B
3959,10.6,79.4,6.6,70.2,C
3960,9.2,82.9,5.8,72.7,C
3961,24.2,94.6,10,95.4,A
3962,24.4,91.1,6,91,A
3963,18.6,100,6.4,89,B
3964,11.8,93.1,5.3,78.5,C
3965,13.3,90.1,6.3,78.3,C
3966,9.4,81.3,7.9,78.6,C
3967,8,72.6,5.4,66.1,D
3968,7.7,78.2,1.8,63.5,D
3969,10.7,76.6,7,78.1,C
3970,7.8,54.3,3.8,61,D
3971,4.1,72.9,7.5,69.5,D
3972,16.5,100,6,87.4,B
3973,16.6,89.4,7.9,83.9,B
3974,26.9,80.5,4.1,79.8,C
3975,10.3,89.8,4.9,76.7,C
3976,17.1,61.6,5.3,71.3,C
3977,17.2,88.4,3,75.8,C
3978,13.2,100,8.2,82.5,B
3979,20.2,83.5,2.7,78.4,C
3980,20.4,63.7,8.2,74,C
3981,17.3,80,6.8,79.6,C
3982,13.2,100,5.6,81.8,B
3983,12.5,88.1,6.7,78.8,C
3984,5.4,68,6.6,67.7,D
3985,9.4,100,5.2,81.1,B
3986,10.6,70,6.6,68.9,D
3987,7.1,82.1,7.5,76.5,C
3988,18.1,72.6,4.1,74,C
3989,23.4,72.6,6.7,86.9,B
3990,8.6,79.6,0.7,64.3,D
3991,17,92.6,2.1,73.8,C
3992,7.8,100,7.1,82.9,B
3993,12.9,80.4,5.2,76.1,C
3994,10.2,72.9,4.3,72.6,C
3995,19.2,90.7,5.9,85.1,B
3996,10.2,91.1,5.2,83.8,B
3997,22.1,87.9,4,82.5,B
3998,13.3,88.3,2.7,78.2,C
3999,10.5,83.6,2.1,68.9,D
4000,6.2,86.2,7.5,76.1,C
4001,16.8,82.8,5.2,80.6,B
4002,21.3,97.8,7.9,93.2,A
4003,16.9,100,5.1,87.2,B
4004,30.7,87.2,6.7,82.7,B
4005,25,84.9,5.7,86,B
4006,12.8,88.1,6.1,76.9,C
4007,12.8,77.1,6.2,73.6,C
4008,18.3,94.2,5.1,82.9,B
4009,9.1,90.3,3.5,76.5,C
4010,23.2,80,7.5,85.8,B
4011,17.5,95.8,9.2,87.1,B
4012,16.8,85.2,9.3,80.1,B
4013,19.8,73.4,4.9,81.7,B
4014,27.1,89.2,4.5,85.9,B
4015,16.2,87.8,4.9,79.2,C
4016,14.2,96.5,5.6,88.6,B
4017,25.6,95,5.9,88.6,B
4018,21.8,83.7,4,80.4,B
4019,12.8,79.3,3,72.5,C
4020,15,85,6.1,74.4,C
4021,16.4,89.4,0,69.3,D
4022,17.5,90.8,5.8,81.4,B
4023,5.5,88.6,4.1,69.6,D
4024,4.2,83.9,7.6,72.8,C
4025,8.8,97,8.1,78.3,C
4026,8.2,76.9,8.1,74.9,C
4027,10.5,100,5.3,73.8,C
4028,19.4,94.2,3.7,82.7,B
4029,13.8,71.5,4.4,72.4,C
4030,16.4,87.2,6.6,82.6,B
4031,6.4,94.3,2.7,71.5,C
4032,11.8,80.8,8.8,76.5,C
4033,19.1,67.1,5.3,74.3,C
4034,19.2,72.5,7,82.6,B
4035,9.9,91.5,2.4,71.5,C
4036,16.1,63.9,4.1,73,C
4037,30.4,67.6,2.2,83.2,B
4038,14.9,91.4,8,78.5,C
4039,10.1,82.3,5.7,73.7,C
4040,13.8,76.7,7.1,73.6,C
4041,15.6,79.1,6.1,73,C
4042,13.9,67.4,6.9,75.4,C
4043,14.8,90.8,5.3,81.6,B
4044,4.9,75.3,5.6,68.3,D
4045,8.3,78.6,5.8,68.2,D
4046,14,89.2,6.8,81.4,B
4047,13.8,81.9,6.9,74.2,C
4048,11,76.5,10,78.1,C
4049,13.8,61.1,9.4,71.6,C
4050,15.4,89.4,2.4,79.8,C
4051,21.2,85.9,5.7,82.6,B
4052,14.3,78.8,5.2,76,C
4053,17.8,72.6,8.6,80.4,B
4054,11.2,85.2,5.4,75.3,C
4055,19,90.8,6.9,85.6,B
4056,17.6,86.2,1.3,76.7,C
4057,21.1,100,3,82.7,B
4058,20,93.5,10,91.8,A
4059,19.1,83.7,6.1,84.4,B
4060,14.3,93.9,4,80.5,B
4061,16.7,85.6,6.5,80.1,B
4062,22.4,85.5,3.9,82.8,B
4063,10.4,100,5.4,79.3,C
4064,10.6,74.2,3.1,68,D
4065,16.3,85.3,4.4,74.6,C
4066,17.9,99.3,5.2,89.5,B
4067,9.2,88.7,8.2,84.6,B
4068,14.5,80.6,6.9,76.1,C
4069,14.3,64.5,7.3,75.1,C
4070,0,57.8,5.9,62.3,D
4071,13.5,100,7.6,82.4,B
4072,13.9,88.7,4.3,71,C
4073,13.9,78,4.5,78.5,C
4074,24.9,89.2,6.8,88.9,B
4075,6.5,73.6,5.4,66.3,D
4076,9.2,81,6,73.4,C
4077,0,73.7,5.7,62.2,D
4078,11.6,68,8.5,82.3,B
4079,12.2,59.7,8.6,69.4,D
4080,11.4,65.8,4.7,68.9,D
4081,22.8,97.3,2.5,88.9,B
4082,21,73.2,4.6,81.5,B
4083,15.5,91.4,4.2,82.9,B
4084,12.4,96.5,7.7,82,B
4085,22.2,85.2,7.8,86.3,B
4086,14.9,81.4,3.9,68.7,D
4087,9.3,86.6,4.5,73.3,C
4088,3,80,3,64.8,D
4089,11.9,99.4,6.3,84.5,B
4090,20.3,100,5.9,93.7,A
4091,30.9,100,7.6,100,A
4092,15.4,59.2,7,74.5,C
4093,9.6,79.8,7.2,74.6,C
4094,6.7,85,2.9,73,C
4095,18.9,90.6,4.7,82.5,B
4096,2.6,64.3,7.9,68,D
4097,18.9,64.1,4.9,75.5,C
4098,20.7,100,2.7,86,B
4099,18.1,78.3,7.6,76.2,C
4100,13.5,67.2,4.8,73.4,C
4101,19,71.8,8.1,80.9,B
4102,16.2,89.7,6,83.7,B
4103,9.6,75.1,5.4,71.7,C
4104,28,87.9,8.7,94.5,A
4105,12.5,73.3,3.4,73.8,C
4106,20.4,64.1,8.9,77.6,C
4107,0,100,4.7,73.1,C
4108,23.9,89.8,6.3,85.5,B
4109,25.3,81,6.3,87.5,B
4110,15.2,78.7,5.1,76.7,C
4111,18.9,100,4.5,83.7,B
4112,18.9,92.1,5.3,83.9,B
4113,10.5,98.8,4,76.5,C
4114,18.8,78,9.9,83,B
4115,9.3,85.6,5,74.9,C
4116,10.7,89.8,8.3,81.2,B
4117,22.9,78.4,8.1,79.3,C
4118,21.8,83.9,6.7,85.7,B
4119,10.1,78,5.7,71.6,C
4120,9.9,89.8,6.4,76.1,C
4121,10.5,69.1,7.1,67.9,D
4122,20.1,91.9,6.2,85.5,B
4123,8,88.7,2.9,69.8,D
4124,17.5,82.6,2.4,79.5,C
4125,20.2,90.4,9,83.3,B
4126,14.4,80.6,0.7,67.8,D
4127,22.1,77,6.4,78.8,C
4128,12.9,91.5,5.5,80,B
4129,13.5,92,6.3,84.4,B
4130,8.2,78.9,3.7,70.5,C
4131,22.1,77.9,6.7,79.4,C
4132,9.6,82.8,6.4,73.4,C
4133,17.4,78.4,10,80.9,B
4134,14.5,100,6.3,85.9,B
4135,7.6,88.8,8.7,76.8,C
4136,10.7,85.2,3,68.1,D
4137,24.7,73.8,8,86.5,B
4138,16.4,93.9,6.5,87.6,B
4139,7.9,77.7,6.5,71.2,C
4140,17.1,77.2,6.6,78.9,C
4141,14,94.3,9.4,81.2,B
4142,39.2,89.6,6.5,93.3,A
4143,17,55,4.4,62.3,D
4144,12.3,83.1,4.8,74.8,C
4145,24.9,86.5,7.6,88.1,B
4146,2.1,80.9,6.9,70.6,C
4147,15.7,86.9,2.9,76,C
4148,29,63.3,7,85.9,B
4149,14.2,51,3.8,66.2,D
4150,2.9,73.3,6.9,65.8,D
4151,12.2,88.4,4.4,73.2,C
4152,25.2,46.3,5.4,66.3,D
4153,17.6,74.9,4.9,80.4,B
4154,9.1,61.9,9,67.2,D
4155,10.2,82.1,6.8,70.9,C
4156,11.1,100,8.5,84.9,B
4157,17.5,82.4,10,80.3,B
4158,24.4,83.7,6.1,86.1,B
4159,22.4,95.1,9,90.8,A
4160,18.2,85.3,4.6,82.6,B
4161,5.7,82.4,8.5,76.7,C
4162,5.7,96.1,4.4,77.5,C
4163,18.7,90.7,6,84.5,B
4164,5.6,88.5,7.1,71.9,C
4165,13.4,83.3,7.4,75.8,C
4166,17.1,80.8,3.5,74.5,C
4167,7,96,4.3,80.9,B
4168,7.8,81,7.2,72.9,C
4169,14.3,99.8,5.3,83.5,B
4170,18.5,72.4,3.2,78.4,C
4171,22.4,100,5.9,90.6,A
4172,19.2,90.7,5.8,81.7,B
4173,15.5,73.4,6.4,77.9,C
4174,9.8,91.1,7.1,77.3,C
4175,7.5,77.2,6.9,72.6,C
4176,11.4,85.4,4.5,76.2,C
4177,17.9,79.2,5.2,76.6,C
4178,17.4,83.4,7.9,83,B
4179,0.3,96.3,4.9,75.6,C
4180,9.5,91.2,5.2,74.3,C
4181,23.4,71.5,3,80.9,B
4182,15.6,72.2,5.9,73,C
4183,5.1,88.2,6.7,79,C
4184,31.5,89.1,2,85.6,B
4185,14.8,76.9,3.9,72.2,C
4186,17.7,100,3.2,87.6,B
4187,17.8,94.8,7.6,91.2,A
4188,12.4,77.5,2.2,72.3,C
4189,9.9,76.3,5.8,68.7,D
4190,29.9,82.3,7.4,91.2,A
4191,22,81,6.4,83.3,B
4192,20.8,100,5.1,85.1,B
4193,19,96.8,6.7,89.3,B
4194,8,85.4,8.1,74.1,C
4195,23.9,93.1,5.8,84.6,B
4196,9.1,94.9,1.5,67.9,D
4197,17,85.7,8.3,88.7,B
4198,3.5,89.8,6.8,71.6,C
4199,0.7,92.1,5.9,69.4,D
4200,17.2,90.9,2,75,C
4201,9.3,75.7,5.4,74.8,C
4202,1.1,76.9,4.2,59.4,F
4203,18.8,81.5,3.6,74.1,C
4204,29.8,76.5,5.7,85.8,B
4205,24.7,67.3,4.9,78.6,C
4206,13.2,93.1,5.1,81.5,B
4207,15.1,89.2,7.5,80.3,B
4208,21.2,68.9,6.5,83.2,B
4209,22.9,82.1,5,80.7,B
4210,12.6,82.8,4.8,71.9,C
4211,15.2,87.2,5.1,75.6,C
4212,17.1,72,5.5,73,C
4213,18.9,68.8,7.2,74,C
4214,14.1,91.2,3.9,80.3,B
4215,14.2,66.6,8.9,72.3,C
4216,24.7,82.2,7.2,86.3,B
4217,23.5,81.1,0.5,74.3,C
4218,18.3,83.5,6.2,77.7,C
4219,27,88,8.1,95,A
4220,12.3,100,6.8,88.2,B
4221,26.4,65.8,5.2,83.5,B
4222,18.8,95.5,5.9,81.1,B
4223,37.9,54.9,6.4,81.8,B
4224,6.7,100,7.5,86,B
4225,10.2,60.5,3.2,62.4,D
4226,17.9,100,4.8,81.1,B
4227,17.8,80.3,9.3,86.6,B
4228,28.7,100,6.1,95,A
4229,10.3,98,9.1,85.6,B
4230,21.3,79.8,10,80,B
4231,23.1,80.7,5,81.4,B
4232,19.9,75,3.6,79.1,C
4233,8.3,94.4,5.5,74.8,C
4234,24.9,79.9,8.2,91,A
4235,23.6,75.2,8.5,81,B
4236,19.2,91.4,10,89,B
4237,16.4,74.2,5.9,81.1,B
4238,16.6,81.1,7,76.5,C
4239,14.4,86.3,4.6,78.2,C
4240,19.5,77.3,1,75.4,C
4241,15.2,79.1,5.9,77.3,C
4242,9.1,100,3.7,76.5,C
4243,7.7,82.5,7.3,71.6,C
4244,9.7,80.7,2.2,69.6,D
4245,16.6,82.9,4.5,77.4,C
4246,14.8,90.5,6.5,77.2,C
4247,16.5,72.6,6.7,79.9,C
4248,18.5,90.1,5.9,80.7,B
4249,10.6,88.1,9.7,77.1,C
4250,25.3,63.5,9.1,81,B
4251,13.1,100,4.6,78.7,C
4252,12,100,9.2,85.3,B
4253,18.4,75.4,9.5,78.6,C
4254,2.1,71.5,5.8,65.6,D
4255,9.5,87.7,6.1,80.1,B
4256,21.9,67.9,5.9,78.2,C
4257,2.8,100,4.7,69.4,D
4258,22.8,79.4,4.9,78.8,C
4259,25.6,100,8.6,96.2,A
4260,12.4,75.1,6.9,68.7,D
4261,17,83.7,4.9,75.1,C
4262,22.8,100,4.1,83.2,B
4263,11.7,81.1,4.5,73.7,C
4264,21.1,88.3,5.7,90.9,A
4265,10.3,98.1,7.8,78.7,C
4266,11.7,78.3,4.3,74.5,C
4267,9.4,69.9,7.8,69.9,D
4268,17.4,67.5,6.4,71.1,C
4269,23.1,92,6.3,92.7,A
4270,13.7,89.7,8.1,88.7,B
4271,6.1,97.7,7.7,80.2,B
4272,7.4,81.7,3.2,69.9,D
4273,17.8,67.8,3.8,72.5,C
4274,27.9,56.8,5.5,77.6,C
4275,17.8,100,6.7,88.4,B
4276,12.3,91.3,8.7,84.6,B
4277,20.4,86.6,6.1,88.8,B
4278,13.3,88.3,9.4,81.5,B
4279,12.4,67.8,4.6,69.6,D
4280,8.3,75.5,4.9,69,D
4281,24.9,100,5.4,94.2,A
4282,0,92.9,4.4,75.9,C
4283,20.6,75.8,8.3,85.9,B
4284,11.8,70.3,0.5,67.1,D
4285,12.1,78.8,5,76.2,C
4286,26.8,81.2,8.3,93.1,A
4287,10,100,5.4,87.2,B
4288,10.2,82.7,8.1,72.2,C
4289,14.1,70.7,10,79.8,C
4290,17.9,84.3,6.2,73.4,C
4291,11.9,88.2,8.3,83.5,B
4292,4,69.6,10,71.7,C
4293,8.9,89.8,6.8,75.6,C
4294,24,99.5,5.9,82.9,B
4295,15.5,86.7,7.8,82.2,B
4296,18.2,75.4,8.4,81.5,B
4297,13.2,78.7,5.9,75.1,C
4298,10.4,65.1,5,65.4,D
4299,26.7,83.4,9.4,88.7,B
4300,13.7,88.7,5.5,78.6,C
4301,11.9,74.2,8.4,73.3,C
4302,22.7,100,6.5,93.3,A
4303,9.9,94.5,9.7,82.8,B
4304,10.8,63.5,4.3,61,D
4305,15.1,63.7,4.3,69.9,D
4306,15,73.2,7.7,78.1,C
4307,16.8,100,3.7,88,B
4308,29.6,95.7,6.2,96.9,A
4309,17.4,100,9.1,87.2,B
4310,0,85.1,2.4,67.8,D
4311,17.3,82.5,6.8,76.7,C
4312,15.3,70,8.4,76.9,C
4313,15.3,89.2,5.9,83,B
4314,16.7,82.6,4.1,81.6,B
4315,14.8,82.2,5.5,82.9,B
4316,14.6,100,4.3,86,B
4317,19.3,83.5,6.1,81.5,B
4318,11.2,100,5.4,82.7,B
4319,8.4,65.9,5,66.7,D
4320,36.2,100,6.9,99.3,A
4321,10,80.5,9.2,77.1,C
4322,15.7,93.5,6.7,88.8,B
4323,4.5,95.4,8.7,80.1,B
4324,15.8,79,9.2,87.5,B
4325,8.5,94.8,4.8,73,C
4326,11.9,95.5,6.5,80,B
4327,22.3,76.4,5.2,81.7,B
4328,18.3,76.6,3,77.2,C
4329,19,85.5,6.7,82.7,B
4330,2.6,83.6,3.9,69.1,D
4331,27.9,100,7,97.6,A
4332,6.7,93.4,2.9,67.9,D
4333,25.7,84.2,6.3,89.4,B
4334,22.2,92.3,2.9,86.5,B
4335,19,60.4,7.3,75.7,C
4336,9,77.6,5.2,65.4,D
4337,16.1,88.5,5,79.1,C
4338,11.7,98.4,8.3,85.4,B
4339,15.2,87.4,5.4,76.7,C
4340,13.3,100,6.2,86.2,B
4341,0.7,95.4,5.6,73.8,C
4342,22.9,79.1,7,84.5,B
4343,14.4,83.3,8.1,80.6,B
4344,11.6,89.9,7.7,80.9,B
4345,11.1,79.6,5.1,73,C
4346,17.5,100,8.4,85.4,B
4347,8.7,71.7,4.2,66.1,D
4348,0,88.8,4.5,67.6,D
4349,17.8,93.8,5.7,88.3,B
4350,18.6,81.2,8.1,85,B
4351,13.6,78.5,3.7,77.3,C
4352,7,84.1,7.8,70.6,C
4353,15.6,94.7,5.9,81.8,B
4354,4.7,79,5.1,74.4,C
4355,7.8,72.2,8.2,69.4,D
4356,9.7,98.8,4.4,75.9,C
4357,20.9,89.8,10,89.2,B
4358,12.5,97.1,5.6,87.1,B
4359,11.9,94.1,6.3,78.3,C
4360,28.7,100,9.1,100,A
4361,17.5,98.4,6.4,87.3,B
4362,17.4,76.3,8.4,74.8,C
4363,12.4,90.6,2.1,74.4,C
4364,10.8,78.3,5.1,70.8,C
4365,0,79.6,6.8,68.8,D
4366,21.8,68,8.2,85.8,B
4367,18.1,81.6,7.5,81,B
4368,13.7,91.5,7.4,81.1,B
4369,14,84.2,8.1,88.1,B
4370,20.2,71.8,7,77.2,C
4371,4.1,66.7,1.7,55.1,F
4372,10.9,100,8.9,88.9,B
4373,7,88.9,4.3,72.3,C
4374,27.4,75.1,6.6,86.4,B
4375,21.1,90.5,6.4,92.8,A
4376,0,100,6.1,69.1,D
4377,4.4,92.4,3.8,70.5,C
4378,14.1,51.6,2.1,58,F
4379,11.7,100,4,80.6,B
4380,5.7,62.8,7.7,64.4,D
4381,28.6,82.5,3.1,81.4,B
4382,17.2,71.4,4.2,75.9,C
4383,18.3,76.1,6.8,79.4,C
4384,10.2,88.4,3.9,70.4,C
4385,20.1,60.1,4.9,69,D
4386,12.3,83.9,6.2,77.5,C
4387,13,98.8,6.6,78.2,C
4388,19.3,74.9,3.9,76.8,C
4389,3.6,68.3,6.3,68.8,D
4390,26.2,83.3,6.8,89.8,B
4391,16.3,80.9,3.5,73.6,C
4392,24,77.9,6.4,84.5,B
4393,7.5,70.7,4.6,62.8,D
4394,8.5,91.2,6.2,77.2,C
4395,6.9,92.1,7.4,76.3,C
4396,16.8,72.2,5.6,72.2,C
4397,15.5,73.9,7.8,79.5,C
4398,11.7,86.6,7.6,73.2,C
4399,7.9,73.4,7.8,68.2,D
4400,6.1,87.1,6.8,70.9,C
4401,14.7,100,8.2,85.3,B
4402,11.7,84.3,6.8,81.2,B
4403,10.2,70.4,2.7,68.5,D
4404,25.8,89.7,4.4,87.3,B
4405,14.4,82.9,5.6,77.5,C
4406,23.9,83.2,5.8,84.8,B
4407,11.3,90.7,6.7,83.3,B
4408,16.7,93.3,4.4,75.9,C
4409,14.6,85.4,10,86,B
4410,3.1,84.3,5.8,68.1,D
4411,25,100,6,93.4,A
4412,14.1,99.4,4.7,83.4,B
4413,20.2,95,4,86.4,B
4414,9.7,86.6,5.7,80.1,B
4415,13.8,72.9,6.1,69.8,D
4416,8.9,98.5,5.8,82.2,B
4417,23.7,86.7,9.3,89.9,B
4418,17.2,78.1,5.7,76.5,C
4419,17.6,82.1,5.8,85.8,B
4420,24.5,73.4,7.6,86.1,B
4421,23.1,97.7,5.7,88,B
4422,20.4,93.2,7.1,90.2,A
4423,5,87.2,3.4,69.2,D
4424,10.1,84.5,3.5,70.9,C
4425,8,76.8,6.2,69.3,D
4426,20.1,59.4,5.5,74,C
4427,16.2,68,4.4,70.1,C
4428,5.3,76.1,6.2,69.3,D
4429,13.7,74.3,6.4,77.4,C
4430,4.5,88.5,4.6,71.1,C
4431,14.6,94.7,5,87,B
4432,3.4,83.5,6.4,70.4,C
4433,18.7,100,4,88.8,B
4434,17.6,75.6,4.8,79.1,C
4435,28.4,83.4,7.1,94.3,A
4436,20.9,84.4,6,89.1,B
4437,12,98.1,5,75.1,C
4438,20.7,86.3,4.2,82.4,B
4439,5.2,86.6,4,69.5,D
4440,8.3,65.1,5.7,66.9,D
4441,17.3,74.2,10,80.5,B
4442,0,98.2,7.1,72.3,C
4443,14.7,60.1,3.3,63.4,D
4444,7.9,100,7.4,81.1,B
4445,15.7,91,4.5,82.7,B
4446,7.5,76,6,68.7,D
4447,18,75,4.8,75.3,C
4448,15.1,100,10,87.3,B
4449,24.8,100,3.7,86.1,B
4450,15,83.6,6.6,78.6,C
4451,9.6,86.6,4.6,75,C
4452,13.3,77.2,7.5,80.5,B
4453,5.6,86.6,6.6,69.7,D
4454,17.8,76.9,8.5,81.2,B
4455,19.1,84.1,7.4,87.1,B
4456,32.3,100,4.6,92.2,A
4457,10.6,83.9,10,84,B
4458,13.1,72.4,7.1,73.1,C
4459,11,68.6,4.9,70.9,C
4460,16.5,86.5,6.4,80.6,B
4461,17.7,75.9,7.3,80.7,B
4462,14.6,88,7.2,86.1,B
4463,22.6,65.6,7,78.6,C
4464,10.7,93.3,7.9,84.1,B
4465,21.9,72.3,7.7,82.6,B
4466,18.8,85.6,4.3,77.7,C
4467,14.9,80.9,10,81.9,B
4468,12.8,100,9.9,86.9,B
4469,32,87.1,7.6,90.2,A
4470,9.3,100,6.1,81.6,B
4471,17.1,91.7,6.1,85.1,B
4472,9.7,100,5.4,82.2,B
4473,27.5,82.5,5.6,91.3,A
4474,21.2,89.1,1.6,82.8,B
4475,10.3,99.6,9.1,82.6,B
4476,18.6,95.9,8.4,87.3,B
4477,16.8,91.4,2.6,81.2,B
4478,11.4,81.1,7.8,78.2,C
4479,20.3,83.1,6,82.3,B
4480,17.7,98.7,5.6,82.9,B
4481,16.5,100,7,85.2,B
4482,14.7,77.9,2.5,73.8,C
4483,18,76.1,6,72.2,C
4484,16.6,74.2,6.2,69.5,D
4485,15.4,95,6.2,85.2,B
4486,10.5,73.8,3.3,66.8,D
4487,26.9,94.8,6.9,94,A
4488,7.6,91.5,8.1,83.2,B
4489,18,78.5,6.8,76.9,C
4490,12.8,100,5.5,77.2,C
4491,27.3,67.5,10,85.9,B
4492,8.7,100,4.2,75.4,C
4493,9.9,88.8,7.5,78.3,C
4494,8.2,60.1,6.5,67.2,D
4495,17.3,100,10,91.9,A
4496,5.4,96.7,6.8,77.1,C
4497,11.7,79.9,7.2,79.3,C
4498,0,73.4,7,66.9,D
4499,16.7,66.2,3.9,70.4,C
4500,11.5,100,4.3,81.6,B
4501,4.6,73.9,5.4,62,D
4502,22.6,69.8,7.9,84.8,B
4503,5.8,88.2,6.5,74,C
4504,20.6,65.3,5.6,72.1,C
4505,10.1,73.2,8.7,73.2,C
4506,26.2,96.9,2,90.1,A
4507,20.2,90.6,3.4,79.6,C
4508,7.9,80.4,1,67.3,D
4509,8.6,85.2,8.4,79.9,C
4510,19.2,79.7,5.8,80.2,B
4511,13.2,84.3,7.9,77.1,C
4512,13.8,75.9,5.8,74.4,C
4513,23.9,78,8,81.5,B
4514,9.8,77.7,5.7,70.7,C
4515,15.6,76.3,6.8,74.1,C
4516,21.7,97.5,6.5,89.1,B
4517,20.7,94.2,6.7,83.6,B
4518,13.9,73.8,9.4,78.5,C
4519,13,70.7,2.8,71.9,C
4520,2.8,83.1,5.9,72.7,C
4521,7.6,100,6.4,75.6,C
4522,17.2,72.7,6.1,74.4,C
4523,14,83.1,5.2,79.2,C
4524,15.5,86.1,4.9,80.7,B
4525,22.3,83.7,9.1,85.9,B
4526,6.7,79.5,5.9,69.2,D
4527,13.3,98.9,10,87.8,B
4528,16.3,90.5,7.1,77.8,C
4529,10.1,95.1,5.4,79.9,C
4530,25,92.1,7.1,93.7,A
4531,21.4,95.7,6.2,86.8,B
4532,17,100,8.7,84.9,B
4533,27.6,100,3.7,95.3,A
4534,4.5,100,2.4,72.9,C
4535,14.9,99.6,6.7,87.3,B
4536,17.6,77,7.7,76.1,C
4537,8.6,95.2,6.6,74.6,C
4538,17.1,93.5,7.3,86.6,B
4539,7.3,100,7.1,83,B
4540,19.8,73.4,3,71.6,C
4541,22.4,91.7,6.6,87.4,B
4542,16.9,76.8,8.6,75.9,C
4543,2,91.2,6.3,69.8,D
4544,8.2,82.4,3.4,69.1,D
4545,19,90.8,5.3,84.8,B
4546,15.1,68.1,7.1,68.1,D
4547,0,94.5,9.6,79.5,C
4548,23.7,87.5,2.1,81.3,B
4549,16,86.8,6.7,85.2,B
4550,9.3,100,4.1,80,B
4551,22,80.4,7,86.4,B
4552,10.3,89.1,7.2,84.4,B
4553,10.2,86.2,5.5,73,C
4554,17.5,87.4,7.3,83.7,B
4555,27.5,100,8.3,93.6,A
4556,26.4,85.8,5.7,87.1,B
4557,17.5,78.2,3.3,77.4,C
4558,18.2,100,8.9,93.7,A
4559,20.5,81.3,7.7,82.7,B
4560,6.2,65.7,7.1,63.3,D
4561,19.5,76.1,4.6,77.8,C
4562,9.9,70,8,69.6,D
4563,17.2,63.4,10,76,C
4564,13.4,80.6,5.8,78,C
4565,18.5,84.2,6.2,83.1,B
4566,15.8,99.2,3.9,84.7,B
4567,0,92.6,4.6,67.8,D
4568,16.3,92,3.9,83,B
4569,19.5,74.3,6.3,78.9,C
4570,18.1,95.6,5.3,83.5,B
4571,14.3,100,6.7,81.5,B
4572,26.5,89.7,4.2,81,B
4573,17.2,90.1,5.7,77.4,C
4574,18.1,69.8,4.1,74.2,C
4575,22.3,97.7,6.4,86.8,B
4576,17.5,100,2.7,77.5,C
4577,8.7,88.9,6.3,74.8,C
4578,0,77.9,5.4,65.4,D
4579,11.7,83.1,6.4,77.5,C
4580,20.3,80,2.7,77.2,C
4581,12.5,80.7,7.3,77,C
4582,20.6,92.8,5.4,83.7,B
4583,16,88.4,6.4,83.5,B
4584,24,97,2.3,85.1,B
4585,12.9,89.5,3.5,75.9,C
4586,18.3,74.6,5.2,79.9,C
4587,18.5,79,8.8,85.2,B
4588,25.5,78.2,7.1,85.2,B
4589,3.1,82.8,6.3,68.6,D
4590,11.8,100,4.2,78.8,C
4591,20.9,100,3.8,80.2,B
4592,25.8,95,6.6,94.7,A
4593,16.7,86.4,7.4,80.5,B
4594,13,68.7,6.4,74.7,C
4595,20.3,87.6,9.4,88.2,B
4596,21.1,75.5,4.6,82.7,B
4597,12.5,100,6.4,84.6,B
4598,17.3,65.7,2.6,72.5,C
4599,23.3,89.6,6.4,85.6,B
4600,28.2,74.5,8.9,84.9,B
4601,20.2,84.9,3.9,80.9,B
4602,15.3,93,7.7,78.4,C
4603,14.6,97.3,8.9,85.2,B
4604,18.9,84.3,4.6,76.5,C
4605,14.2,94.1,6.9,80.3,B
4606,16.3,77.1,9.2,82.8,B
4607,7.6,87.9,6.5,76.7,C
4608,24.1,97,7.6,91.6,A
4609,7,89,2.5,71.2,C
4610,12,78.6,7.2,74.3,C
4611,15.7,81.7,7,86.9,B
4612,28.9,97.2,3.3,91.6,A
4613,12,71.9,4.1,68,D
4614,10.3,73.7,7.2,75.5,C
4615,11.1,92.2,5.4,81.8,B
4616,26.6,79.7,8.2,86.2,B
4617,0,67.6,6.6,58,F
4618,8,100,6.1,75.7,C
4619,34.1,71.8,5.7,86.2,B
4620,19.1,82.6,6.6,81.8,B
4621,7.3,77.6,7.6,67.6,D
4622,14.7,81.4,7.1,77.6,C
4623,15.5,74.4,5.2,73.9,C
4624,20.9,93.6,8.5,90.5,A
4625,27.9,86.3,7.3,92.6,A
4626,17.7,96.8,6.8,87.5,B
4627,11.2,77.7,6.2,79.2,C
4628,20.5,100,7,93.1,A
4629,10.1,62.1,2.3,63.4,D
4630,7.8,66,6.5,64.4,D
4631,2.7,100,9.3,77.1,C
4632,4,90.7,6.4,69.1,D
4633,8.7,89.1,6.2,76.5,C
4634,6.8,90.2,4.8,74.3,C
4635,17.2,91.9,7,87,B
4636,6.6,88.6,5.6,74.4,C
4637,0,73.4,8.6,69.9,D
4638,7.7,94.8,4.3,78.3,C
4639,11.7,92.9,5.1,75.3,C
4640,10.8,100,4.8,78.3,C
4641,25.6,100,9.7,96.8,A
4642,10.7,89,5.6,74.7,C
4643,21.2,70.3,4.9,76.3,C
4644,14.9,100,1.8,80.2,B
4645,14.7,72.8,4.2,71.9,C
4646,9.2,89.1,7.1,77.4,C
4647,14.6,81.9,7,76.1,C
4648,9.6,79.8,4.7,73.1,C
4649,16.2,94.2,4.8,83.1,B
4650,13.3,87.9,9.7,81,B
4651,8.4,91.2,10,77.2,C
4652,21.9,75.2,8.3,87.2,B
4653,18,82.9,9.1,89.5,B
4654,11.9,75.8,9.5,78.3,C
4655,16,82.6,10,82.7,B
4656,14.4,83.6,5.4,80.5,B
4657,8.9,100,4.2,79.2,C
4658,15.5,81.9,9.7,82.1,B
4659,10.7,59.5,4.1,67.2,D
4660,8.4,100,3.9,74.6,C
4661,3.6,90.4,4,68,D
4662,12.5,83.4,5.7,77.4,C
4663,19,79.8,2,75.7,C
4664,10.1,73.6,3.1,69.8,D
4665,32.6,100,4.8,99.8,A
4666,21.2,85.6,3.6,76.4,C
4667,24.1,64.1,8.1,81.1,B
4668,20.6,88.9,6,90.4,A
4669,28,99.5,7.2,93.6,A
4670,9.5,86.9,6.9,74.6,C
4671,0,74.2,5.6,56.7,F
4672,11.9,73.1,8,75.1,C
4673,18.9,74,6.9,80.8,B
4674,16.1,100,5.4,86.2,B
4675,16.9,84.1,2.6,73,C
4676,24.2,64.9,7,80,B
4677,17.7,89.6,3.5,80.4,B
4678,20.6,86.7,6.8,84.9,B
4679,8.4,79.6,6.2,69.1,D
4680,7.3,72.8,3.3,65.9,D
4681,26.3,72.2,6.5,81.1,B
4682,15.7,98,6.4,79.1,C
4683,10.6,88,6.4,79.4,C
4684,10.7,90.7,6.3,78.6,C
4685,10.5,87.9,4.7,76.9,C
4686,10,88.9,7.2,76.6,C
4687,6,79.4,4.6,70.5,C
4688,4.5,82.5,3.9,70.8,C
4689,13.6,99,7.3,89.9,B
4690,10.8,100,7.9,86,B
4691,22.8,70.3,7.2,82.2,B
4692,17.1,82.5,5.6,75.1,C
4693,16.9,95.1,2.1,79.1,C
4694,9.8,100,9,79.8,C
4695,14.2,100,2.1,76.7,C
4696,17.5,75.5,7.2,84.8,B
4697,20,100,10,89.9,B
4698,14.3,85.7,6.3,72.1,C
4699,22.6,97.5,6.6,92.4,A
4700,15.1,94.5,6.8,81.4,B
4701,20.5,69.8,6.4,80.5,B
4702,11.6,91.6,10,80.1,B
4703,2.3,97.1,4.3,70.6,C
4704,16.9,84.8,4.1,81.6,B
4705,20.1,82,5.3,77,C
4706,19,66.1,9.5,79,C
4707,18,93.2,4.8,83.7,B
4708,12.6,87.5,6.9,77,C
4709,9.4,73.9,8.1,74.1,C
4710,18.9,81.1,7.6,82.5,B
4711,18,86.9,8,86,B
4712,11.1,78.3,8.8,82.6,B
4713,22.8,85,6.6,93.7,A
4714,8.8,64,5.1,67.1,D
4715,10.9,100,6.3,81.4,B
4716,26.5,85.2,5.3,88.2,B
4717,21.1,71.8,10,83,B
4718,12.5,55.5,4.9,60.5,D
4719,17,97.3,7,86,B
4720,16.1,91.7,3,81.9,B
4721,0,87.5,6.3,64.6,D
4722,8.7,95.4,5.4,74.4,C
4723,14.6,95.3,7.4,82.4,B
4724,12.5,87.3,7.4,80.8,B
4725,16.7,81.9,8.8,89.8,B
4726,22.9,80,8.7,84,B
4727,12.7,90.1,5.9,79.3,C
4728,7.6,100,4.1,76.6,C
4729,17.3,83.8,4.3,77.4,C
4730,12.7,100,6.6,83.3,B
4731,13.9,89.5,6.3,78.8,C
4732,13,89.6,6.5,88,B
4733,30.7,100,4.9,97.2,A
4734,0,100,8.9,75.3,C
4735,12.3,100,3.1,82.4,B
4736,15,75.4,4.8,74.9,C
4737,9.5,100,3.8,77.9,C
4738,21.3,84,5.6,82.4,B
4739,20.7,82.3,8.5,84.6,B
4740,14.7,59.1,5.4,65.1,D
4741,13.1,88.9,6.2,74.3,C
4742,14.2,72,7.3,76.5,C
4743,14.3,89.9,5.3,78.9,C
4744,14.5,71.1,6.8,77.2,C
4745,13.7,100,6.5,81.4,B
4746,16.8,91.6,3.7,76.8,C
4747,20.3,100,5.1,89.6,B
4748,6.4,72.7,6.7,68.1,D
4749,7.6,100,8.6,84.6,B
4750,2.8,63.4,8.6,65.3,D
4751,21.1,87.5,10,94.9,A
4752,16.8,77.4,7,81.1,B
4753,18.5,79.6,5.2,80,B
4754,5,78.8,5.9,71.6,C
4755,27.5,74,5.8,83.4,B
4756,10.7,69.9,5.2,64.5,D
4757,16.2,79.7,6.8,80,B
4758,21,86.4,6.9,90.9,A
4759,8.1,99,3.7,69.2,D
4760,11.2,88.5,8.2,81.5,B
4761,16.3,99,2.3,76,C
4762,35,67.3,5.6,87.1,B
4763,17.1,79.8,8.3,81.8,B
4764,26.2,93.5,7.2,94.3,A
4765,23.4,89.1,5.3,86.6,B
4766,17.6,74.7,9.9,86.1,B
4767,8.1,96.2,5.1,80.3,B
4768,22.4,78.6,2,76.9,C
4769,4.5,75.7,6.9,72.2,C
4770,26.2,90.8,2.4,84.4,B
4771,16.4,85.1,4.3,76.7,C
4772,0,78.7,7.2,63.4,D
4773,12.6,78.3,5.1,77.7,C
4774,19.6,72.2,7.2,78.4,C
4775,13.3,80.3,3.7,66.1,D
4776,20,98.2,7.7,91.2,A
4777,9,87.9,2.6,70.3,C
4778,5.9,96.5,8.6,78.6,C
4779,14.5,91.2,5,79.1,C
4780,15.2,77.7,9.1,79.2,C
4781,12.6,65.2,4.3,76.3,C
4782,23.6,73.9,9.8,91.1,A
4783,9,76.9,4.1,71.5,C
4784,17.2,76,2.4,73.9,C
4785,15.5,96.8,6.1,87.1,B
4786,4.1,96.6,8.5,78.8,C
4787,5.8,100,7.6,81.9,B
4788,15.1,75.8,8.3,80.3,B
4789,28.9,100,7.6,97.2,A
4790,19.1,100,4.4,88.3,B
4791,2.9,82.2,7.5,69.6,D
4792,0,90.7,6.2,70.2,C
4793,20.1,99.9,4.6,83.6,B
4794,14.3,84.3,6.4,76.1,C
4795,23,83.4,5.9,76.7,C
4796,8.8,77.5,8.8,76.5,C
4797,17.5,56.7,5,71.7,C
4798,20.9,85.8,4.9,85.7,B
4799,11.9,76.5,4.6,68.7,D
4800,12,72.1,9.8,78,C
4801,15.2,90.1,4.7,79.5,C
4802,18.8,67.6,8.6,81,B
4803,14.9,94.7,3.9,78,C
4804,21.8,90.8,7,86.5,B
4805,11.8,80.2,6.5,70.9,C
4806,5.7,84.2,8.5,72.6,C
4807,28.8,70.7,8.2,86.9,B
4808,10.8,94,6.2,79.8,C
4809,11,87.2,4.9,70.5,C
4810,14.5,88.1,9.2,82.2,B
4811,15.5,91,4.7,80.5,B
4812,12.3,77.3,1.5,73,C
4813,14.9,66.8,2.3,65.4,D
4814,14.7,96.5,2.8,80.6,B
4815,16.2,93.3,7.2,82.7,B
4816,0,78.6,10,68.9,D
4817,28.2,89.9,1.9,83.2,B
4818,14,100,4.4,78.7,C
4819,19.1,98.7,6.2,85.8,B
4820,5.4,78.2,9.1,76.2,C
4821,11.7,67.1,4.4,66,D
4822,10.3,69.2,7.2,68.5,D
4823,25.3,81.3,5.5,85.4,B
4824,10.9,100,10,86.2,B
4825,20.3,76.3,6.3,80,B
4826,10.4,77.8,6.7,74.7,C
4827,11.8,77.6,6.2,71.2,C
4828,13.3,78.6,5.2,71.8,C
4829,24,84.9,7.9,91,A
4830,1.8,69.6,3.7,60.4,D
4831,5.8,98,2,73.8,C
4832,1.4,83.3,5.7,71.5,C
4833,7.4,100,7.6,83.2,B
4834,9.3,70.9,4.8,64.2,D
4835,3.7,100,6.4,76.1,C
4836,9.9,100,3.6,80.8,B
4837,0.9,80.1,8.1,70.8,C
4838,7.9,80.3,7.3,74.1,C
4839,23.4,73.9,6,76.5,C
4840,17.8,74.1,6.3,75.8,C
4841,16.3,85,3.2,76.9,C
4842,8,85.2,3.3,66.4,D
4843,4.2,65.8,5.8,66.2,D
4844,7,100,7,79.3,C
4845,14.7,81.9,7.1,73.1,C
4846,21.1,85.8,5.3,81.3,B
4847,21.3,77.5,7.5,82,B
4848,19.4,81.8,8.8,84.2,B
4849,9.8,80.7,5.8,77.7,C
4850,15.2,85,6.6,81.6,B
4851,12.8,84.8,5.6,72.7,C
4852,13.6,94.7,5.7,76.7,C
4853,29.3,87.7,6.3,90.3,A
4854,2.7,93.5,9.4,77.3,C
4855,13.4,84.9,7.8,82.9,B
4856,23.5,87.8,7.7,93.6,A
4857,4.7,82.1,5.1,74.6,C
4858,10.5,97,4.2,76.5,C
4859,11.3,88.9,6.8,81.4,B
4860,13.4,83.1,8.5,81.5,B
4861,3.8,82.7,9.4,70.7,C
4862,19.2,83.7,1.1,70.2,C
4863,19.7,85.4,10,87.9,B
4864,18.6,84.3,6.8,78,C
4865,8.9,78.3,7.8,71.7,C
4866,15.6,94.2,2.5,76.6,C
4867,8.7,94.9,5.5,78,C
4868,12.7,100,7.6,88.5,B
4869,30.1,77.8,3.7,85,B
4870,15.7,93,0.2,73.9,C
4871,6.7,62.1,6.7,59.2,F
4872,16.3,94.9,5.9,84.8,B
4873,5.5,67.5,8.9,69.2,D
4874,6.6,73.2,5.7,66.5,D
4875,7.7,89,5.8,78.3,C
4876,11.9,77.5,7.4,72.1,C
4877,21.6,75.9,8.1,81.1,B
4878,19,79.2,4.6,77.6,C
4879,18.7,93.8,7.9,85.5,B
4880,7.3,73.8,5,69.7,D
4881,11.2,84.4,6,77.4,C
4882,16.9,80.5,7.3,83.6,B
4883,10.6,94.8,7.7,82.8,B
4884,13.1,95.2,6.6,81.7,B
4885,18.1,63,3.8,69.8,D
4886,12.6,97.5,2.3,78.6,C
4887,16.6,77.7,5.6,76.6,C
4888,26.1,87.8,7.9,90.9,A
4889,13.8,73.7,6.9,76.7,C
4890,23.3,89.5,6.5,87.8,B
4891,18.9,100,6,88.3,B
4892,4.7,86.5,6.6,70.3,C
4893,7.3,79.5,4,72.9,C
4894,9.2,82.2,7.6,72.2,C
4895,9,67.4,7.7,71.6,C
4896,14.4,100,5.3,81.7,B
4897,19.3,88.8,6.9,87.9,B
4898,23.8,72.4,2.6,79.6,C
4899,17.2,72.8,6.4,76.7,C
4900,11.9,85.2,5.7,81.1,B
4901,0.4,96.2,8.5,74.6,C
4902,15.5,71.2,5.6,76.6,C
4903,15.2,98.4,7.7,83.9,B
4904,16.3,83.9,5.2,79.9,C
4905,29.7,73.8,1.4,77.8,C
4906,23.7,79.4,5.5,83.1,B
4907,20.5,100,6.4,88.9,B
4908,8.3,68.3,6.3,71,C
4909,11.4,76.2,6.3,71.6,C
4910,14.3,96.4,5,90.7,A
4911,9.6,87.6,5.4,71,C
4912,18.5,75.5,3.7,76.3,C
4913,17.5,96.6,2,81.2,B
4914,7.4,97.1,5.8,79.1,C
4915,23.4,89,4.5,83.4,B
4916,15.7,77.7,8.2,80.3,B
4917,2.9,79.5,1.6,61.1,D
4918,14.6,88.4,6.6,86.3,B
4919,17,69.3,10,77.8,C
4920,21.8,100,5.6,88.7,B
4921,12.6,100,6,80.7,B
4922,20.8,82.2,6.9,81,B
4923,16.3,89.3,7,78.6,C
4924,5.8,99.2,5.2,78.3,C
4925,5.1,100,4,72.6,C
4926,22.9,100,7.3,89.5,B
4927,23.4,64.2,2.2,70.4,C
4928,17.3,81.2,7.7,82.3,B
4929,25.5,91,5.2,88.2,B
4930,22.4,79.1,6,82.5,B
4931,19.8,100,4.9,84.5,B
4932,8.6,100,8.9,84.4,B
4933,27.1,75.2,6.5,83.2,B
4934,18.8,83.1,5.4,80.6,B
4935,12.3,76,5.3,72.5,C
4936,10.3,82.7,5.7,69.3,D
4937,16.8,82.3,10,90.3,A
4938,3.3,96.5,3.4,73,C
4939,19.9,74.3,8.2,82,B
4940,8.3,53.6,7.1,65.1,D
4941,17.6,65.7,9.1,83.9,B
4942,11.3,72.7,7.3,76.8,C
4943,13.1,77.1,6,75.9,C
4944,9.7,87.2,8,76.2,C
4945,13.9,72,6.5,72.4,C
4946,28.2,70.5,7.5,80.1,B
4947,24.7,73.8,8.9,84.6,B
4948,17.5,71.6,6.2,78.3,C
4949,14.8,78.3,5.2,77.4,C
4950,20.9,77.8,4.7,81.2,B
4951,22.9,93.3,6.9,87.5,B
4952,9.2,73.1,4.2,70,C
4953,14.5,80.7,5.3,78.7,C
4954,2.2,78.5,4.1,58.1,F
4955,22.9,94.7,7,90.6,A
4956,29.5,83.1,4.5,93.7,A
4957,15.6,97.6,3.4,80,B
4958,0.1,71.2,3.8,52.7,F
4959,19.3,84.4,4.9,78.2,C
4960,8.7,78.1,5,65.2,D
4961,10.4,70.3,6.5,69,D
4962,19.4,84.2,5.7,78,C
4963,16.8,100,6.7,89.5,B
4964,11.6,74.8,6.9,76.2,C
4965,10.5,83.5,7.5,77.9,C
4966,15.9,69.3,2.2,73.1,C
4967,12.1,67.5,3.7,66.2,D
4968,7.2,75.6,7.1,71.4,C
4969,12.7,79.6,6.4,82.5,B
4970,17.4,80.1,8,83.2,B
4971,13.8,82.3,2.9,75.2,C
4972,5.1,65.2,5,61.1,D
4973,21.9,77.5,5.4,79.6,C
4974,0,91,6.3,67.4,D
4975,11.9,68.7,6.1,76,C
4976,10.7,80.7,6.9,70.7,C
4977,16,88.5,5.8,83.6,B
4978,18.9,75.6,8.7,83.7,B
4979,22.9,89.1,9.4,85.7,B
4980,10,66.7,3.8,69.5,D
4981,19.1,95.7,6.1,85.3,B
4982,16.4,89.4,7.6,79.6,C
4983,3,85.7,7.2,72.8,C
4984,28.3,98.5,5.2,90.4,A
4985,4.9,81,6.5,70.1,C
4986,17.9,77.6,2.8,73.3,C
4987,17.7,100,6,83.8,B
4988,16.9,100,3.1,78.8,C
4989,11.5,76.7,7,77.1,C
4990,20.8,83.6,3.8,81.2,B
4991,4.1,97.5,6.3,76.5,C
4992,14.5,84.1,6.6,78,C
4993,11.1,92.1,6.2,79,C
4994,10.3,94.4,4.7,75.1,C
4995,18,78.3,5.6,76.1,C
4996,22.5,90,8.4,94.5,A
4997,12.6,84.9,5.2,78.9,C
4998,20.5,70.4,6,76.3,C
4999,15.3,73.1,4.9,69.2,D
5000,8.8,77.2,8,68.9,D
5001,13.2,96.1,6.2,80,B
5002,12.9,96.5,4.5,80.1,B
5003,10.1,94,6,79,C
5004,18,90.3,5.5,83.1,B
5005,16.6,90,8.8,86.4,B
5006,3.9,88.3,5.9,68.7,D
5007,3.4,89.9,3.2,73.3,C
5008,18,90.7,7,83.9,B
5009,9.3,68.1,9.6,73.9,C
5010,17.1,75.5,8.4,78.1,C
5011,20.5,72.7,3.8,77,C
5012,6.1,98.3,5.5,82.7,B
5013,5.1,100,5.9,74,C
5014,26.7,59,6,75.1,C
5015,17.5,100,6.8,84.6,B
5016,12.1,86,5.3,75.4,C
5017,8.5,97.2,4.2,74.8,C
5018,11.4,91.1,7.9,77.7,C
5019,6.7,100,3.8,75.4,C
5020,21.2,87.5,4.4,87.4,B
5021,9.6,68.6,3.7,65.9,D
5022,22.7,83.7,7.2,85.5,B
5023,12.2,91.2,6.2,80.5,B
5024,7.7,82.4,7.8,76.7,C
5025,12,92.9,4.4,81.9,B
5026,0,84.2,3.5,65.2,D
5027,14.2,77.9,5.1,74.8,C
5028,13.8,72,5.6,70.1,C
5029,20.8,80.3,6.4,84.4,B
5030,1.8,87.5,2.6,63.5,D
5031,23.1,61.5,7,75.2,C
5032,20.7,75.6,4.2,78.4,C
5033,23.8,61,4.7,80.1,B
5034,14.6,77.6,8.3,81.1,B
5035,22.1,99.4,1.6,84.2,B
5036,4.7,70.8,6.6,64,D
5037,20,93.4,6.6,91.2,A
5038,9.6,100,4.4,78.3,C
5039,3.4,100,5.1,73.8,C
5040,7.1,86.6,8.4,78.3,C
5041,15,95.3,9.9,86.2,B
5042,9.2,68.6,8.1,69.1,D
5043,17.6,66.1,9.8,76.8,C
5044,2.3,85.3,4.6,66,D
5045,0.1,89.8,2.8,62.4,D
5046,24.6,98.1,5.9,87.1,B
5047,21.3,78.2,7.6,86.2,B
5048,7.7,87.3,2.3,71.9,C
5049,15,86.9,4.1,75,C
5050,22.1,83.4,4.4,84.5,B
5051,17.9,84.1,6.7,82.7,B
5052,16,74.7,6.5,75.7,C
5053,22.7,88.4,4.4,80.5,B
5054,9.9,87.3,6.4,77.5,C
5055,15.2,79.7,3.7,80.2,B
5056,14.9,93,5.1,80.9,B
5057,13.1,97.3,3.5,82,B
5058,12.3,93.1,5.7,78.9,C
5059,15.5,72.5,4.4,75.8,C
5060,15.2,86.2,7.4,80.9,B
5061,7.7,74.1,5.9,62.3,D
5062,20.6,86.2,5.5,81,B
5063,8.2,74.1,9.5,74.6,C
5064,13.5,100,6.8,87.5,B
5065,12.9,94.4,5.3,79.5,C
5066,17.5,98.8,4.8,84.6,B
5067,0.2,97.6,3.6,67.9,D
5068,21.2,81.8,5.9,87.1,B
5069,10.3,79.9,6.6,78.9,C
5070,23.5,100,2.2,84.2,B
5071,11.7,83,3.3,68,D
5072,14.7,68.7,5,66.3,D
5073,28.4,97.1,3.8,92.6,A
5074,13.1,86.7,6.1,78.7,C
5075,23.7,100,6.4,89,B
5076,15.3,87.9,5.8,80.8,B
5077,17.9,84.8,7.1,78.8,C
5078,15.5,100,4.8,85.8,B
5079,20.9,66.5,5.9,75.6,C
5080,10.2,78,4,67.3,D
5081,8.1,74.4,6.6,69.6,D
5082,10.5,58.7,6.2,65.2,D
5083,15.7,95.5,3.6,81.6,B
5084,13.5,78.3,5.7,78.6,C
5085,20,95.9,5.9,89.9,B
5086,24.1,89.7,6.6,88.7,B
5087,8.2,92.3,6.6,76.8,C
5088,9.9,79.5,4.6,69.8,D
5089,4.9,75.8,7.5,64.7,D
5090,29.2,86.1,7,91.3,A
5091,17.1,96,4.6,80.3,B
5092,18.4,84.4,3.7,82.3,B
5093,5.6,76.6,4.7,66.8,D
5094,15,70.6,3.1,72.6,C
5095,18.6,87.4,6.4,81.7,B
5096,13.2,78.4,8.4,76.1,C
5097,22.5,84.1,8.8,89.6,B
5098,31.2,82.1,3.8,88.4,B
5099,8.4,79.7,7.6,75,C
5100,7.8,88.5,6.2,74.9,C
5101,8.9,91.7,1.2,73.5,C
5102,26.2,100,5.3,94,A
5103,22.3,94.1,5.1,80.2,B
5104,14.1,100,8.4,85.9,B
5105,15.3,75.2,4.3,76.7,C
5106,9.3,65.8,7.1,66.1,D
5107,21.2,84.8,5.8,78.3,C
5108,12.3,95.3,3.1,76.9,C
5109,13.2,93.4,4.9,81,B
5110,19.3,99.5,9.1,89.8,B
5111,13.7,54.6,5.7,70.6,C
5112,13.4,100,7.8,90.9,A
5113,15.1,89,7.7,76.8,C
5114,20.6,66.5,5.1,74.3,C
5115,26.5,93.7,3.4,80.9,B
5116,19.1,87,3.7,82.1,B
5117,20.6,89.6,8.9,86.4,B
5118,13.6,97,6.3,81.3,B
5119,10,90.2,2.5,76.5,C
5120,19.6,67.3,7.7,74.1,C
5121,16.2,83.3,2.4,70.3,C
5122,5,65.6,4.3,55.8,F
5123,12.7,92.8,6.2,84.1,B
5124,14.4,100,10,91.9,A
5125,11.4,70.1,7.6,72.1,C
5126,25.4,76.9,5,78.9,C
5127,18.4,74.4,6.1,80.3,B
5128,24.6,79.6,7.8,94.8,A
5129,16.8,89.9,8.8,84.9,B
5130,15.6,79.7,5.5,73.4,C
5131,8.4,92.8,5.6,80.2,B
5132,15.1,97.8,4.3,78.3,C
5133,15.1,98.2,7.3,84.4,B
5134,5.4,71.6,8.1,61.6,D
5135,11.2,100,2.1,76.1,C
5136,12.7,100,5.2,78,C
5137,17.9,100,3.6,87.5,B
5138,18.2,83.1,6.3,78.2,C
5139,10.9,76,3.5,72.1,C
5140,18.3,73.2,3.4,73.8,C
5141,13.7,71.8,8.2,76.4,C
5142,0,85.1,5.7,69,D
5143,11.6,95.2,5.9,79.9,C
5144,22.6,100,6.9,89.2,B
5145,3.2,79.2,7.9,68,D
5146,15.8,84.5,5.2,80,B
5147,26.1,83.7,5.2,80.3,B
5148,9.7,77.4,5.2,76.4,C
5149,15,93.8,8.2,85.2,B
5150,5.9,89.4,5.9,72.6,C
5151,26.4,86.7,5.4,88.3,B
5152,14.4,89.3,6.8,79.3,C
5153,15.3,92.4,9.7,85.8,B
5154,24.5,92.3,6.1,85.6,B
5155,19.6,74.9,5.5,79.4,C
5156,8.9,95.8,9.9,82.8,B
5157,10.5,88.1,8.7,80.5,B
5158,18.5,79.8,8.4,87.1,B
5159,10.6,87.8,5,73.2,C
5160,0.2,89.1,4.8,67.6,D
5161,14.6,98,2.3,74.1,C
5162,4.6,72.4,7.9,70.7,C
5163,26.3,100,6.2,93.1,A
5164,16.2,85.3,2.4,75.8,C
5165,8.7,78.9,8.4,74.5,C
5166,10.1,78.6,5.3,70.5,C
5167,1.8,73,5.6,71.8,C
5168,7.3,64.1,3,62.2,D
5169,22.1,93.1,7,89.4,B
5170,30.6,100,7,94,A
5171,20.1,65.6,5.9,78.4,C
5172,14.4,73.6,5.2,73.1,C
5173,12,94,10,86.2,B
5174,8.3,84.5,3.6,73.7,C
5175,29.4,95,4.6,91.4,A
5176,13.7,83.8,7.4,77.3,C
5177,29.8,78,4,78.2,C
5178,24.8,82.3,3.8,81.6,B
5179,2.8,56.4,8.3,60.3,D
5180,10.3,71.3,7.2,68.6,D
5181,10.3,96.4,7,85.2,B
5182,14.4,99.3,6.4,87.2,B
5183,14.6,100,4.6,77,C
5184,36,90.3,5.5,96.5,A
5185,7.5,57.9,5.8,61,D
5186,16.6,77.4,7.7,80.6,B
5187,19.3,100,6.9,86.3,B
5188,15,100,4.1,80.6,B
5189,15.8,100,7.6,89.8,B
5190,7.7,82.2,2.6,71,C
5191,15.7,69.3,5.4,77.7,C
5192,18.6,84.5,3.7,78.2,C
5193,17.3,85.2,4.3,74.4,C
5194,19,100,9.9,94.8,A
5195,24.9,87.7,3.1,86.7,B
5196,21.6,85.2,4.4,84,B
5197,15.5,85.9,7,78.7,C
5198,6.8,89.8,5.1,70.3,C
5199,10.8,92.5,6.3,80.6,B
5200,13.5,76.3,8.9,75.5,C
5201,16.8,72.3,7.3,76.5,C
5202,11.7,100,5.1,89.5,B
5203,8.4,65.3,5.7,73.1,C
5204,6.7,100,7.1,81.9,B
5205,3.4,62.1,7.3,61.7,D
5206,13.4,78,6,73.2,C
5207,4.7,96.7,6.7,78.5,C
5208,8,85,6.7,79.2,C
5209,12.2,69.2,5.8,69.5,D
5210,5.6,90.1,4.8,71.1,C
5211,17.7,85.8,7.5,83.4,B
5212,20.2,82.4,6.6,78.5,C
5213,11.2,77.5,1.8,64.4,D
5214,11.9,84.6,4.3,71.1,C
5215,18.8,78,5,79.8,C
5216,10,100,5.6,81,B
5217,9.5,82.1,8.4,80.2,B
5218,23.4,80.5,10,83.3,B
5219,21.2,78.5,1.1,70.9,C
5220,19.2,100,6.6,89.7,B
5221,21.5,65.3,6.1,74.4,C
5222,1.2,89.3,5.6,67.4,D
5223,24.5,82.1,7.1,89.5,B
5224,17.7,67.9,6.3,73.7,C
5225,22.1,75.2,5.3,78.6,C
5226,17.7,88.8,6.1,81.8,B
5227,15.3,74.6,7.1,76.3,C
5228,13.1,88.1,6.9,81.9,B
5229,17.6,100,6.4,83.2,B
5230,12.8,87,4.8,76.2,C
5231,21.1,67.6,10,85.6,B
5232,3.9,74.8,6.7,74.3,C
5233,11.2,81.6,7.5,72.7,C
5234,29.3,80.8,5,88,B
5235,10.6,86.8,6.4,76.3,C
5236,13.3,88.7,6.4,79.3,C
5237,8.8,100,2.2,72.9,C
5238,17.4,85,4.6,81.3,B
5239,9.8,71.2,4.5,70.6,C
5240,13.7,98.8,4.8,89.2,B
5241,20.9,100,3.9,82.4,B
5242,10.1,87.8,6.1,71.2,C
5243,20.5,82,8.8,91.6,A
5244,20.8,92.5,6.3,86.2,B
5245,22.4,82.5,3.6,79.5,C
5246,16,60.3,3.9,69,D
5247,37.7,91.8,5.2,93.4,A
5248,22.4,95.7,3.2,86.2,B
5249,17.3,100,6.6,86.6,B
5250,8.9,76.2,8.7,77.8,C
5251,14.3,87.7,4.8,80.7,B
5252,25,88,6.2,90.6,A
5253,27,86,5.1,87.9,B
5254,25.3,86.4,4.7,90.6,A
5255,20.5,85.4,6.4,85.5,B
5256,6.2,87.5,4.7,70.2,C
5257,18.4,93.9,4.4,80.4,B
5258,6.3,99.6,2.8,71.8,C
5259,4.6,75.9,6.1,69.9,D
5260,16.7,82.9,8.1,78.1,C
5261,18.7,79.9,7.4,82.1,B
5262,21.3,78.2,9,82.4,B
5263,18.5,65.6,4.7,69.3,D
5264,18.7,85.3,7.7,80.7,B
5265,8.1,90.8,3.8,73.2,C
5266,14.3,83.1,7.4,81.8,B
5267,4.5,84.9,9.3,73,C
5268,1,90,7,65.3,D
5269,20.2,100,9.3,100,A
5270,9.7,80,4.8,75.2,C
5271,21.1,70.9,5.7,81,B
5272,22.8,83.9,4.2,87.2,B
5273,10.7,100,6.1,81.6,B
5274,19.1,71.1,6.5,77.4,C
5275,10.4,92.8,6.1,82.5,B
5276,2.1,98.9,5.1,77.3,C
5277,15.9,56.6,5,70.1,C
5278,11.7,89.9,6.7,81.8,B
5279,11.9,92.2,5.7,75.2,C
5280,28.8,81.8,3.7,84.7,B
5281,4.3,77.2,2.2,68.8,D
5282,17.7,77.9,4.8,79.5,C
5283,8,81.1,3.2,64.7,D
5284,21.4,81.4,4.3,78.9,C
5285,17.1,79.1,5.2,82.1,B
5286,17.7,80.9,5.7,80.6,B
5287,8.4,99.3,4.7,78.2,C
5288,9.6,70.4,10,75.2,C
5289,21.5,64,3.5,73.1,C
5290,27.4,99.5,8.4,94.9,A
5291,18.4,82.7,5.7,77.9,C
5292,8.7,80.3,4.7,74.1,C
5293,17.4,83.7,7.2,82.5,B
5294,32,87.5,5.1,93.7,A
5295,15.7,78.7,4.4,77,C
5296,25.2,91.1,9.6,97.4,A
5297,9.8,73.5,1.6,67.1,D
5298,14.7,81.4,5.5,79.4,C
5299,19.3,58.4,6.4,73.7,C
5300,17.8,99.1,8.8,86.7,B
5301,9.6,82.9,5.2,72.6,C
5302,9.3,93,10,84.3,B
5303,21.9,90.7,7.5,90.2,A
5304,23.3,91.6,1.3,86.4,B
5305,25.6,84.9,3.1,82.1,B
5306,27.6,89.7,6.5,91.4,A
5307,15.9,73.5,3.7,72.5,C
5308,12.8,70.9,7.1,78.5,C
5309,24.5,83.8,5.1,85.7,B
5310,20,76.8,3.6,78.2,C
5311,8.1,100,4.1,76.9,C
5312,7.8,89.5,7.7,76.6,C
5313,18.4,76.4,2,69.3,D
5314,13.8,81.7,8.1,75.7,C
5315,14.8,86.6,8.1,82.6,B
5316,22.5,84.2,5.3,83.8,B
5317,20.3,88.3,3.2,81.4,B
5318,24.3,85.8,7.1,90.5,A
5319,1.5,68.3,5,62,D
5320,16.8,59.2,3,66.4,D
5321,19.9,80.5,9.8,85,B
5322,4.3,91.7,4.2,72.1,C
5323,10.4,80.7,3.1,69.4,D
5324,9.1,99.8,6.6,83.9,B
5325,15.2,84.4,5.9,78.8,C
5326,26.4,100,9,97.3,A
5327,29.2,98.8,5.2,91.3,A
5328,9.3,97.6,5.3,81.6,B
5329,18.7,70.6,6.7,81.7,B
5330,18.9,85.2,6.4,78.4,C
5331,17.7,99.7,6.5,88.1,B
5332,17.8,88.3,6.5,82.7,B
5333,17.1,91.7,6.3,84.3,B
5334,26.8,68.3,5.2,82.3,B
5335,22.7,100,7.7,85.5,B
5336,7.6,75.5,5.3,71.5,C
5337,20.6,61.1,7.6,79.9,C
5338,21.2,80.8,8.8,89.2,B
5339,17.2,55.6,4.6,65.7,D
5340,22.9,72,10,85,B
5341,16.3,100,4.6,82.1,B
5342,16.4,80.4,4.6,71,C
5343,15.8,67.9,7.1,73,C
5344,0.9,85.3,6.9,66.4,D
5345,14.4,74.2,6.1,75.9,C
5346,10.3,95.4,7.6,76.3,C
5347,6.7,74.3,6.5,66.6,D
5348,25,88.2,10,91,A
5349,18.5,71.2,5.9,78.9,C
5350,14.8,100,4.3,90.6,A
5351,11,91,4.9,77.8,C
5352,17.1,83.3,6.9,78,C
5353,21.9,81.5,7,82.1,B
5354,9.2,78.4,6.4,74.8,C
5355,15,75.9,4.3,69.7,D
5356,21.1,75.5,8.2,86.2,B
5357,1.4,100,9.9,79.8,C
5358,14.6,78.4,6.1,76.1,C
5359,12,59.4,9.6,66.9,D
5360,14.1,71,7.7,78.2,C
5361,11.5,96.1,10,82.9,B
5362,16,82,6.9,80.3,B
5363,28.5,83.4,6.3,88.4,B
5364,12.7,99,7.7,79.7,C
5365,17,75.7,5.1,75.5,C
5366,29,92.6,6.8,89.6,B
5367,11.1,77,8.7,74.5,C
5368,27.7,91.9,7.6,94.3,A
5369,15,80.3,5.9,79.4,C
5370,27.5,82.1,6.4,87.8,B
5371,20.3,94.8,7.5,85.7,B
5372,17.1,94,7.4,83.7,B
5373,14.5,83,7.5,77.8,C
5374,10.6,79.3,6.7,68.1,D
5375,15.5,100,4.4,83.1,B
5376,21.3,92.1,4.7,79.7,C
5377,14.9,80.3,6.9,78.6,C
5378,12.8,77.2,7.7,72.2,C
5379,13.2,97.3,7.4,80.2,B
5380,21.9,86.4,4.6,85.1,B
5381,23.6,83,5.7,84.5,B
5382,10.3,86.4,3.7,67.6,D
5383,10.3,89.1,3.2,72,C
5384,17.7,84.3,6.2,81.8,B
5385,25.7,99.4,8.7,93.7,A
5386,23,100,6.2,89.7,B
5387,6.2,91.4,9.8,80.1,B
5388,13.2,100,5.7,82.8,B
5389,8.5,85.1,6.1,71.3,C
5390,13.1,93.3,4,78.3,C
5391,26.2,97.1,5.3,90.1,A
5392,5,97.2,3.6,78.3,C
5393,3.7,96,2.9,70.5,C
5394,9.2,92.6,3.7,75,C
5395,17,100,6.2,86.9,B
5396,19.3,78.5,4.5,77.2,C
5397,18.1,83.1,5,77.3,C
5398,23.2,82.4,6.8,86.7,B
5399,2.7,80.6,2.9,65.9,D
5400,23.3,61.1,6.2,83.1,B
5401,12.8,100,7.7,87.1,B
5402,20.1,72.7,7.9,83,B
5403,5.7,87,7,76.2,C
5404,15,67.9,5.9,70.7,C
5405,16.7,92.4,4.8,77.7,C
5406,23.1,75.6,5.8,78.5,C
5407,3.9,71.4,9.3,71.9,C
5408,15.2,87.3,6.5,85,B
5409,7.4,76.6,5.8,72.3,C
5410,18.5,78.1,7.1,80.1,B
5411,20.4,87.1,6.1,89,B
5412,24,94.6,6.5,88.5,B
5413,11.3,75.2,5.5,68.7,D
5414,21.5,73.1,5.2,79.4,C
5415,24.5,85.3,8,92.6,A
5416,3.5,91.5,2.1,65.5,D
5417,19.3,100,7,83.7,B
5418,21.7,72.1,5,78.4,C
5419,13.2,81.2,2.2,74.1,C
5420,6.5,99.1,4.1,66.5,D
5421,21.6,100,5.9,92.2,A
5422,6.6,73.1,6.2,64.6,D
5423,13.8,76.1,7.5,78.9,C
5424,14.7,89.6,7.6,76.4,C
5425,20,78.1,2.9,72.2,C
5426,10.6,75.9,6.8,75.2,C
5427,10.2,87.9,7.5,81.9,B
5428,15.7,100,6.4,85.5,B
5429,22,69.3,7,87.1,B
5430,31,100,2.1,88.8,B
5431,4.4,78.1,4,63.2,D
5432,17.2,89.1,8.7,84.6,B
5433,7.4,100,5.4,77,C
5434,22.1,88.9,10,91.5,A
5435,8.4,81.4,3.4,67.5,D
5436,10.3,93.6,9.1,84.1,B
5437,10.9,82.9,4.8,75.4,C
5438,14.5,91.3,7.7,87.8,B
5439,17.3,82.5,5.4,77.7,C
5440,18.4,95.3,6.2,86.6,B
5441,15,68.3,7.2,76.2,C
5442,5.7,72.8,4.8,66.2,D
5443,20.1,68.1,7.6,78.1,C
5444,14.6,84.3,5.5,71.7,C
5445,23.1,66.6,6.4,79.2,C
5446,10,76.7,0.7,67.8,D
5447,3.8,71.7,5.3,64.9,D
5448,14.8,100,8.5,85,B
5449,24.1,73.1,7.4,78.2,C
5450,16.1,69.6,7.8,77.8,C
5451,13.6,88,6.1,79.3,C
5452,8.9,100,9.4,88.1,B
5453,27.3,83.6,6.6,84.1,B
5454,7.8,84.5,4.7,70.5,C
5455,9.9,100,7.7,78.7,C
5456,19,95.5,7.8,91.1,A
5457,2,90.1,7.3,76.4,C
5458,23.9,78,5.2,88,B
5459,19.4,90.5,6.6,86.5,B
5460,21.3,68.7,8.8,83.6,B
5461,18.9,77.5,7,81.7,B
5462,13.9,100,3,81.8,B
5463,7.6,100,4.7,77.5,C
5464,14,90.2,4.6,80.4,B
5465,8.2,61.8,4.5,70.2,C
5466,18.4,70.5,1.8,72,C
5467,20.6,76.8,9.8,85,B
5468,25.3,82.9,4.2,84.6,B
5469,17.6,70,4.4,73.2,C
5470,21.5,82,2.1,78.9,C
5471,12.9,100,7.7,84.4,B
5472,11.7,89.8,5.8,81.5,B
5473,18.3,87.6,5.3,84.8,B
5474,12.3,72.8,5.4,78.4,C
5475,16.9,65.3,7.2,74.7,C
5476,7.6,70.3,5,67.9,D
5477,8.8,64.8,2,63.1,D
5478,19.4,85.9,3.4,80.2,B
5479,21.2,89.6,3.3,85.5,B
5480,8.1,73.4,6.6,65.5,D
5481,19.7,86.8,7.9,86.8,B
5482,11.3,100,8.9,91.2,A
5483,15.1,100,2.7,84.7,B
5484,24.9,94.2,7.2,95.1,A
5485,20.7,82.9,4.8,83.6,B
5486,20.6,93.9,10,89.4,B
5487,28.4,100,8.8,95.5,A
5488,10.1,60.9,9.4,68.5,D
5489,8.1,100,7.6,77.8,C
5490,9.9,78.5,6.8,76.7,C
5491,13.2,78.6,5.2,78.8,C
5492,0,80.7,4.8,66.1,D
5493,13.5,88.8,4.4,79.8,C
5494,11.2,71.7,7.2,73.8,C
5495,20.5,81.6,9.1,87.4,B
5496,17.5,91.3,5.3,76,C
5497,10.8,87.6,4.6,76.1,C
5498,19.1,89.6,3,79,C
5499,20.1,81.1,6.5,81.9,B
5500,9.6,93.3,8.5,81.6,B
5501,11.5,97.7,8.6,81.9,B
5502,0,97,8.8,72.2,C
5503,7.4,90.1,6.8,73.9,C
5504,9.8,96.3,6.2,75.1,C
5505,15.5,95.5,8.6,82.8,B
5506,8.4,100,3.8,73.8,C
5507,11.4,99.6,5.1,76.3,C
5508,6.4,83.9,9.4,77.9,C
5509,16.2,74.1,3.9,70.7,C
5510,18,81.9,5.9,74.5,C
5511,17.8,81,7.3,80,B
5512,15.1,91.1,6.2,78.2,C
5513,4.2,76.6,8.3,75.1,C
5514,10.7,99.3,9.1,85,B
5515,12.1,68.3,7,67.6,D
5516,12.2,65.4,8.8,74.9,C
5517,15.5,83.4,4.1,76.9,C
5518,25,74.9,5.7,81.8,B
5519,20.7,69.9,10,87.4,B
5520,8.1,77.4,9.9,72.8,C
5521,19.7,75.9,3.4,79.4,C
5522,19.5,85.1,6,81.2,B
5523,9.4,77.6,6.3,72.4,C
5524,20.9,78.5,6.8,79.9,C
5525,13.9,84.9,8.5,79.2,C
5526,5.1,97.2,9.7,79.1,C
5527,18.2,100,6.1,81.2,B
5528,16.5,86.8,8.2,84.6,B
5529,13.4,87.7,7.3,80.7,B
5530,14.7,82.8,6,73.5,C
5531,10,90.8,2.6,75.3,C
5532,19.3,89.7,8,90.8,A
5533,14.7,100,7.2,83.7,B
5534,16.2,62.3,6.8,70.3,C
5535,17.5,82.2,4,80.9,B
5536,6.9,89.1,9.9,80.4,B
5537,8.7,84.7,6.3,74.2,C
5538,0,73.7,3.7,63.4,D
5539,19,69.4,3.4,74.1,C
5540,6.5,94.7,7.4,82.1,B
5541,15.9,75.9,7.4,78.1,C
5542,17.6,63.9,5.1,73.6,C
5543,19.2,95.3,6.9,90.3,A
5544,6.6,90.5,7.3,69,D
5545,14.5,83.6,6.3,81.9,B
5546,26.7,74,4.6,80.7,B
5547,27,83.6,7.9,91.4,A
5548,21.9,99.6,7.7,96.5,A
5549,17.4,65.6,7.1,74.3,C
5550,8,66.2,4.3,63.6,D
5551,20,77.5,3.3,76.8,C
5552,13.9,84.7,6.2,73.9,C
5553,18.9,79,7.9,88.7,B
5554,10.6,92.7,8.1,80.9,B
5555,13.8,98.1,7.2,89.2,B
5556,16.1,88.3,5.1,79,C
5557,16.7,91.7,4.4,80.9,B
5558,18.5,88.3,6,85.6,B
5559,10.9,85.1,6,72.7,C
5560,5.6,69.5,8.2,68.8,D
5561,26.4,72.7,5,84.7,B
5562,32.4,68.8,5.2,84.7,B
5563,18.1,83.2,10,84.1,B
5564,5.7,87.8,9.1,80.2,B
5565,9.6,67.6,4.2,70.8,C
5566,18.6,85.9,8.9,90.2,A
5567,24.4,74.5,3.8,77.6,C
5568,6.5,72.2,5.1,65.3,D
5569,14.1,77.5,5.4,73.5,C
5570,16.4,71.6,5.8,77.2,C
5571,21.1,92.3,7.2,84.1,B
5572,12.6,83,6.2,73.4,C
5573,4.1,94.8,7.2,73.7,C
5574,19.3,79.7,5.2,76.6,C
5575,22.9,80.1,6.7,86.8,B
5576,14.4,100,6.2,86.7,B
5577,17.8,65.5,3.2,69.4,D
5578,11.7,100,7,82.5,B
5579,9.1,100,6.2,72.6,C
5580,22.2,94.2,4.6,84.7,B
5581,17.7,81,5.2,82.4,B
5582,18.4,100,5.2,84.5,B
5583,25.5,81.1,5.5,81.7,B
5584,7.6,76.5,9.5,78.8,C
5585,11.1,80.3,10,75.9,C
5586,16.1,78.2,0.5,75.5,C
5587,11,73.6,7,81.8,B
5588,20.5,98.3,7.9,89.9,B
5589,13.7,75.7,5.6,77.9,C
5590,8.1,84.6,7.9,70.9,C
5591,15.5,67.7,9.3,72,C
5592,16.2,85.4,3.3,74.4,C
5593,21.5,71.1,6.3,81.8,B
5594,17.8,70.8,9.9,80.7,B
5595,18.2,83.7,3.5,77.5,C
5596,17.2,97.7,5.8,81.1,B
5597,13.7,90.3,5.1,78.5,C
5598,10,91.1,8.1,78.1,C
5599,17,83.4,8.4,80.1,B
5600,12.7,81,6.3,73.2,C
5601,26.8,94.5,6.1,92,A
5602,24.4,78.2,2.6,77.4,C
5603,19.4,95,8.8,89.4,B
5604,17.6,99.8,5.3,80.2,B
5605,14.4,74.9,5.7,76.1,C
5606,6.2,76.7,7.9,72.5,C
5607,13.5,78.5,6.4,75.3,C
5608,15.7,67.4,8,76.1,C
5609,16.6,79.4,7.2,82.5,B
5610,18.3,100,6.4,83.1,B
5611,21.4,72.5,6.6,80.3,B
5612,10.2,100,3.8,74.2,C
5613,10.2,79.8,5.7,73.5,C
5614,25.2,100,8.2,93.9,A
5615,20.4,76.8,4.2,77.9,C
5616,12.3,83.3,4.6,77.2,C
5617,14.2,74.1,4.2,74.9,C
5618,14.3,76.7,6.3,79.2,C
5619,15.2,100,8.8,86.8,B
5620,18.3,90.7,7.1,87,B
5621,32.7,97.3,1.6,93.1,A
5622,16.3,69.2,7.3,74.8,C
5623,19.6,92.9,5.1,84.6,B
5624,3.2,73.3,7,66.8,D
5625,11.6,69,5.7,74.6,C
5626,23.6,87.9,4.3,86.9,B
5627,17.8,87.7,5.9,81,B
5628,0,85.6,5.1,65.8,D
5629,19.7,93.6,6.6,89.3,B
5630,28.4,95.5,4.2,94.8,A
5631,1,100,3.8,72.2,C
5632,25.6,70.7,7.5,85.6,B
5633,0,100,8.2,79.8,C
5634,21.6,100,7.2,90.2,A
5635,14.9,80.6,4.7,76.1,C
5636,0,65,4.5,60.3,D
5637,18.1,68.4,4.6,72.5,C
5638,23.1,79.5,7.8,90.3,A
5639,17.5,100,4.3,83.1,B
5640,19.1,85.2,7.8,84.5,B
5641,12.1,77.6,7.3,81.5,B
5642,2,76.8,8.5,63.7,D
5643,19.8,69.1,8.1,80.2,B
5644,27.2,95.5,7.1,91.3,A
5645,22.9,83.9,3.1,81.1,B
5646,1.1,100,7.2,71.9,C
5647,4.4,92.5,6.2,73,C
5648,9.1,95,5.3,77.4,C
5649,3.8,82.1,8.7,73.6,C
5650,15.3,71.9,5.7,76.9,C
5651,17.8,74.5,4.9,69.1,D
5652,5,68.6,8.2,67.9,D
5653,20.4,95.9,5.2,85.6,B
5654,19.2,80.4,4.8,79,C
5655,11.2,96.4,3.7,77.7,C
5656,13.8,86.6,4.4,74.3,C
5657,1.4,81.5,4.5,61.1,D
5658,12.7,71,7.2,74.4,C
5659,15.1,88.6,4,75,C
5660,16.2,82.4,2.3,75.7,C
5661,17.7,95.8,6.6,82.9,B
5662,16.7,76.4,4.7,77.8,C
5663,13.1,92.4,6,80.1,B
5664,17,100,8.6,89.1,B
5665,22,88.3,6.1,84.9,B
5666,14.3,94.4,9,84.3,B
5667,17.2,91.9,5.9,82.3,B
5668,13.7,100,8,89.4,B
5669,10.5,89.5,4.9,71.3,C
5670,18.7,93.4,6.2,83.1,B
5671,11.1,84.6,4.1,76.9,C
5672,17.7,75.7,4.4,78.2,C
5673,15.2,70.5,5.6,77.5,C
5674,12.9,100,3.3,79.5,C
5675,12.7,72.9,6.3,69.4,D
5676,11.4,94,5.4,75.6,C
5677,3.5,90,6.5,71.9,C
5678,17.7,96,3.4,84.2,B
5679,16.6,78.8,7.4,79,C
5680,20.9,75.5,9.4,83.2,B
5681,11.3,89.5,9,82.7,B
5682,28.3,81.5,9.8,92.4,A
5683,12.3,70.2,6.1,70.5,C
5684,8.9,100,5.3,76,C
5685,8,75.5,7,74.4,C
5686,2.9,73.1,5.5,68.2,D
5687,25.7,82.1,2.5,78.7,C
5688,24.6,100,7.6,92.4,A
5689,19.2,59,5.5,74.3,C
5690,8.7,99,3.1,72.5,C
5691,27.7,74.1,5,84.5,B
5692,12.5,88.2,5.6,76.9,C
5693,13.1,76.9,6,71.1,C
5694,25.1,100,6,97.4,A
5695,19.6,86.5,8.7,85.3,B
5696,30.4,76.5,3.4,86,B
5697,16.7,81.4,5.7,75.3,C
5698,12.2,86.1,4.2,79.9,C
5699,10.7,87.1,8.5,85.5,B
5700,2.1,90.3,4.9,65.4,D
5701,13,85,5.3,76.3,C
5702,23,68.5,8.1,85.6,B
5703,19.2,80.9,8.6,82.5,B
5704,15.1,92.3,8.9,86.5,B
5705,8,77,2.7,61.9,D
5706,16.6,93.1,7,81.9,B
5707,22.1,85.4,6.5,86.1,B
5708,18,82.4,5.9,78.5,C
5709,16.2,99.3,6.1,84.2,B
5710,9.4,64.1,8.6,65.9,D
5711,21.1,76.9,8.1,85.1,B
5712,0,99.8,7.8,71.3,C
5713,17.7,100,6.4,91.6,A
5714,33,100,10,100,A
5715,4.4,85.6,5.2,72.8,C
5716,13.3,90.5,2.8,78,C
5717,14.9,94.8,5.5,78.9,C
5718,11.8,100,6.1,80.4,B
5719,22.3,88.8,8.6,87.6,B
5720,18.3,96.1,5,83.1,B
5721,16.1,90.5,7,79.1,C
5722,20.6,91.3,3,83.5,B
5723,15.1,74,8.2,75.7,C
5724,37.3,81,6.1,94.1,A
5725,16.1,78.7,5.4,79.9,C
5726,16.4,70.7,10,81.5,B
5727,3,65.2,8.1,63.6,D
5728,11.2,79.9,3.9,75,C
5729,23,81.8,5.8,85.7,B
5730,5.7,86.3,10,75.2,C
5731,0,91.7,10,73.4,C
5732,15.2,87.3,7.8,85.2,B
5733,24.6,81.9,2.3,83,B
5734,15.3,74,8.7,74,C
5735,12.6,95.5,4.7,76.5,C
5736,2,83.8,8.6,74.1,C
5737,18.2,79.8,4.6,74.3,C
5738,19.6,82.8,7,85.3,B
5739,2.5,76.2,4.7,70.8,C
5740,22.9,78.6,5.3,83,B
5741,20.4,78.3,7.2,79.4,C
5742,22.9,81.6,3.4,81.1,B
5743,19.1,92.9,10,92.9,A
5744,19.6,89.9,3.9,82.1,B
5745,18.6,100,3.8,86,B
5746,21.1,99.5,7.3,87.9,B
5747,2.3,100,8.6,75.8,C
5748,4.5,91.7,5.4,75.5,C
5749,9.8,91.5,3.9,72.8,C
5750,14.1,79.2,4.2,66.3,D
5751,17.7,94.9,3.9,81.3,B
5752,17.3,77.1,6.6,79.6,C
5753,22.8,67.4,5.9,81.6,B
5754,23,100,6.9,96.4,A
5755,8.9,70,6.7,70.2,C
5756,16.7,90.3,7.6,86.2,B
5757,9.1,74.4,5.2,70.2,C
5758,13.7,98.5,4.5,82.2,B
5759,17.3,100,6.3,86,B
5760,0,91.4,5.9,71.1,C
5761,31.9,100,6.5,95.5,A
5762,19,85.1,4.6,86.3,B
5763,10.8,100,7.3,75.7,C
5764,28.5,94,3.6,91.3,A
5765,12.6,74.2,5.1,73.2,C
5766,15.9,85.8,8.3,83.9,B
5767,11.6,83.2,3.7,69.6,D
5768,26.6,82,8.1,84.1,B
5769,14.3,65.1,3.2,69.8,D
5770,16,89.6,2.8,81.7,B
5771,23.4,68.4,3,76.5,C
5772,19.1,54.7,6.2,73.9,C
5773,14.6,80.9,7.5,77.7,C
5774,22.8,75.9,8.6,85.7,B
5775,32.8,74.7,8.4,95.2,A
5776,17.2,47.8,7.7,68.4,D
5777,15.8,74.8,4.3,77.5,C
5778,16.2,82.9,4.3,72.3,C
5779,24.2,77.4,7.6,83.2,B
5780,10.8,89.6,8.8,82.6,B
5781,13.1,100,3.9,86.2,B
5782,4.2,91.2,8.6,76.4,C
5783,6.7,97.3,2.2,69.6,D
5784,11.4,98.3,6.8,87.7,B
5785,14.6,72.8,5.8,73.7,C
5786,27.4,90.3,5.6,91.7,A
5787,18.8,96.9,6.1,85.2,B
5788,8.6,79.8,4.3,70.8,C
5789,9.9,75.5,6.9,71.2,C
5790,24.6,91.4,6.1,95.5,A
5791,22.9,67.2,7.9,84.4,B
5792,15.2,71.9,9.2,83.6,B
5793,11.9,77,6.3,71.8,C
5794,22.9,90.4,4.4,79.5,C
5795,8,87.6,3.7,71.2,C
5796,17.7,97.4,9.4,97.2,A
5797,30.9,73.9,9.1,89.8,B
5798,16.4,73.3,7.8,81.2,B
5799,9.6,91.3,6.1,74.3,C
5800,17.9,75.4,7.6,77.2,C
5801,11.7,77.8,8.6,76.9,C
5802,5.2,62.7,4.8,68.6,D
5803,19.9,88.5,6.1,87.4,B
5804,22.8,100,3.8,81.5,B
5805,12.8,72.6,5.7,74.7,C
5806,12.4,97.3,9.1,81.7,B
5807,8.3,84.3,8.2,74.3,C
5808,14,63.8,6.3,72.5,C
5809,11.1,74.3,0.6,70,C
5810,7.9,73.5,4.7,72.1,C
5811,28.2,81.2,6.2,88.9,B
5812,18.3,90,5.6,83.8,B
5813,19,100,6.1,91.6,A
5814,21.2,67.8,6.5,73.4,C
5815,20.4,79.2,4.9,85.2,B
5816,12.1,74.2,6,70.8,C
5817,16.9,69.8,5.7,75.4,C
5818,13.1,86.1,4.6,74.9,C
5819,18.1,85,9.7,82.3,B
5820,17.4,63.2,5,73.2,C
5821,12.3,85.2,1.5,72.4,C
5822,5.7,70.5,9.6,70.8,C
5823,16,85.1,4.3,77.4,C
5824,13.6,100,7.8,90.1,A
5825,1.8,90.6,4.6,76.1,C
5826,18.6,87.1,7.1,87.6,B
5827,21.8,78.7,5.9,82.6,B
5828,32.7,85.8,8,90.1,A
5829,12.3,91.8,5.6,80.8,B
5830,11.2,90.6,4.7,78.7,C
5831,7.2,83.8,6.5,75.7,C
5832,16.5,87.6,5.2,76.7,C
5833,16.4,69.2,2.1,72.3,C
5834,9.3,76.2,4.8,74.9,C
5835,13.8,93.5,10,83,B
5836,1.1,95.1,2.4,70,C
5837,21.5,86.1,6.5,82.5,B
5838,9.6,100,5.5,79.5,C
5839,14.8,91.1,9.7,82.6,B
5840,5,82.2,3.8,66.8,D
5841,10.9,70.4,6.2,69.9,D
5842,13,100,7.4,85.9,B
5843,14.9,94.2,5.6,84.6,B
5844,18.4,100,4.5,88.8,B
5845,25.1,100,6,90,A
5846,20.1,69.6,5.4,77.7,C
5847,21.7,69.6,5.4,74.5,C
5848,25.1,50.6,7.9,76.2,C
5849,19,96,6.8,87.1,B
5850,14.7,92.9,7.1,80.2,B
5851,22.1,86.2,6.7,87.2,B
5852,22.5,70.3,7.9,81.2,B
5853,19.5,83.9,8.6,85.7,B
5854,4.8,87.2,5.4,75.2,C
5855,9.1,94.4,7.6,78.7,C
5856,13.1,88.3,3.4,78.2,C
5857,20.5,93,1.5,84.9,B
5858,14.9,83.5,9.7,86.9,B
5859,23,99.2,5.3,88.8,B
5860,24.2,92.6,6.5,86.4,B
5861,23.4,70.8,3.5,75.1,C
5862,23.4,100,3.5,83,B
5863,7.7,99.7,4.6,79.2,C
5864,18.4,90.6,7.3,87.4,B
5865,10.7,88.4,5,76.2,C
5866,3.5,100,5.3,70.9,C
5867,13,65.4,4.5,67.6,D
5868,24.3,99.9,8.3,98.3,A
5869,18.2,79.3,7.7,83.3,B
5870,29.1,98.1,5,95.6,A
5871,16.2,86.4,7.4,92.1,A
5872,32.1,70.1,5.5,86.9,B
5873,16.2,79,5.3,70.6,C
5874,15.2,97.3,5.9,80.2,B
5875,6,82.5,7.3,73.9,C
5876,22.8,77.5,4.2,80.1,B
5877,11.5,77.5,7,74.4,C
5878,10.5,92.7,10,82.8,B
5879,24,100,6.4,89.3,B
5880,23.1,59.3,6.1,77.1,C
5881,22.9,100,5.8,94.4,A
5882,12.5,87.4,7,84.4,B
5883,14.6,92,2.8,82.5,B
5884,14.6,79.8,9.4,78.1,C
5885,20.5,85,8,85.4,B
5886,25.9,87.3,4.7,85.5,B
5887,17.6,72.4,6.1,78.3,C
5888,28.8,75.3,4.9,84.4,B
5889,21.3,99.2,6.6,88.9,B
5890,13.4,66.4,6.1,75.6,C
5891,20.8,90.3,6.5,86.1,B
5892,26.9,80.6,3.9,84.3,B
5893,29,73.5,5,85.5,B
5894,23.3,100,8.3,95.5,A
5895,15.2,73.5,4.9,75.8,C
5896,13.5,71.4,0.7,71.3,C
5897,19,82.8,5.7,77,C
5898,26.7,75.8,10,90.3,A
5899,18,85.1,7.7,83.1,B
5900,18.2,86.9,4.8,79.8,C
5901,15.4,87.8,5.9,82.5,B
5902,12.7,83.5,7.4,82.3,B
5903,13.9,76.6,2.5,69.2,D
5904,15.9,92.7,4.3,85.5,B
5905,27,83.7,6.8,84.2,B
5906,13.3,79.1,9.2,81.2,B
5907,15.4,100,5.1,81,B
5908,8.9,83.5,9.1,75.8,C
5909,20,98.1,4.5,85.9,B
5910,24.6,99.7,0,83.1,B
5911,26.4,100,7.5,86.2,B
5912,16.4,93.3,7.1,86.2,B
5913,19,85,7.5,86.2,B
5914,13.9,84.2,7.4,79.2,C
5915,18.7,82.1,6.4,80.5,B
5916,17.2,59,5.5,69.6,D
5917,15.4,93.6,5.6,76.8,C
5918,16,87.9,5.1,74.3,C
5919,18.2,94.9,5.2,86.4,B
5920,12.9,83.6,2.4,75.8,C
5921,13.3,93,3.6,79.5,C
5922,27,68.5,5.7,82.8,B
5923,34,71,1.5,85.2,B
5924,6.6,55.3,2,59.4,F
5925,6.2,83.4,5.3,68.7,D
5926,8.3,75.7,5.7,71,C
5927,14.3,74.2,5.4,73,C
5928,21.3,89,1.2,78.6,C
5929,19.1,79.9,9.1,87.5,B
5930,16.2,67.8,3.1,75,C
5931,18.7,100,4.4,78.2,C
5932,10.2,84.6,3.5,71.5,C
5933,13.3,72,8.6,75.3,C
5934,14.9,77,6.8,80.5,B
5935,3.9,82.9,5.1,64.5,D
5936,6.9,82.9,4.9,61.9,D
5937,7.1,100,6.4,81.5,B
5938,20.3,84,3.5,82.6,B
5939,16.7,100,6.8,81.3,B
5940,19.3,79.8,4.9,78.7,C
5941,2.1,90.1,7,77.1,C
5942,4.6,97.3,7,73.6,C
5943,19.6,99.3,4.8,86.6,B
5944,0,100,1.9,69.8,D
5945,23.6,81.7,5.5,79.4,C
5946,2.2,84.9,3.1,64.3,D
5947,20.9,55.2,6.2,67.9,D
5948,8.8,82.6,5.5,72.4,C
5949,22.3,98.1,4.8,85.5,B
5950,37.5,95.8,3.4,97.3,A
5951,0,84,8.4,72.2,C
5952,19.9,100,5.1,91.2,A
5953,2.3,80.4,10,79.7,C
5954,18,76.4,6.1,78.9,C
5955,13.6,79.4,6.7,75.8,C
5956,15.9,71.5,6.1,73.9,C
5957,8.6,92.5,6.7,74.9,C
5958,20.5,88.5,8.2,88.4,B
5959,4.9,92.3,8.2,75.2,C
5960,23.7,80,2.5,81.1,B
5961,12.1,84.3,7.7,75.9,C
5962,5.2,58.9,7,62.1,D
5963,26.2,89.5,6.1,90.4,A
5964,14.5,86.2,9.4,82.9,B
5965,28.4,71.8,9.5,82.8,B
5966,23.5,83.7,7.8,87.1,B
5967,9.4,81.9,4.9,70,C
5968,14.4,100,3.6,84.7,B
5969,15.8,72.3,7.5,79.8,C
5970,25.7,89,8.7,84.9,B
5971,18.1,71.9,1.9,74.2,C
5972,16.2,78.3,8.2,81.3,B
5973,13.6,88.3,5.5,74.1,C
5974,14.6,82.5,2.4,76.2,C
5975,24.1,84.9,6.9,83.2,B
5976,15,89,7.8,86.1,B
5977,12.2,79.1,5.3,72.1,C
5978,11,95.6,3.9,72.8,C
5979,11.1,81.3,9.4,85.3,B
5980,5.2,83.8,4.7,65,D
5981,9.7,89.3,8.3,77,C
5982,25.5,87.7,3,82.4,B
5983,13.6,92.7,6.8,80.4,B
5984,19.9,88.8,6.8,87.1,B
5985,0,90.6,7.7,72.1,C
5986,19,81.1,9,87.2,B
5987,13.9,72.2,4.4,72.7,C
5988,11.6,67.9,7,66.6,D
5989,16.3,65,3.3,71.2,C
5990,11.5,100,3.2,79.2,C
5991,0.1,58.4,4.8,55.1,F
5992,21.5,99.3,6.8,96.3,A
5993,16.7,75.1,9.4,82.6,B
5994,12.8,99.2,9.7,89.8,B
5995,8.2,58.6,5.3,66.5,D
5996,4.7,82.2,6.6,69.8,D
5997,16.6,100,7.9,89.8,B
5998,26.3,93.6,7.5,93.4,A
5999,16.4,81,5.7,76.6,C
6000,5.3,61.7,6.2,59.9,F
6001,16.6,69.1,5.8,74.3,C
6002,14.6,100,5.6,85.4,B
6003,21,80.8,5.3,81.3,B
6004,19.2,84.1,5.8,81.1,B
6005,0,88.4,5.2,68.1,D
6006,18.8,69.4,3.7,72.7,C
6007,8,89.9,7.7,82.3,B
6008,5,80,7,71.8,C
6009,13.7,88.5,9.8,82.4,B
6010,17.9,78.1,6.7,74.2,C
6011,3.5,66.1,5.2,62,D
6012,19.9,79.9,4.7,77.7,C
6013,20.3,92.7,6.1,84.1,B
6014,15.3,89.7,7.1,85.2,B
6015,8.9,85.4,5.5,74.3,C
6016,8.1,95.8,3.1,69.2,D
6017,22.2,82.6,4.5,83.6,B
6018,4.4,85.7,6,66.7,D
6019,22.5,79.2,7.5,86.4,B
6020,13.8,96.5,3,77.3,C
6021,14.3,88.5,6.5,80.7,B
6022,3,78.3,6.4,68.1,D
6023,14,67.1,5.1,70.3,C
6024,19.3,98.3,4.8,86.3,B
6025,5.6,76.1,4.5,67.3,D
6026,18.5,85.9,6.3,87.9,B
6027,15.6,100,8.3,88.3,B
6028,10.5,94.6,8.4,82.7,B
6029,21,100,3.8,84.1,B
6030,0,78.5,5.6,66.2,D
6031,17.4,97.9,1.6,77.2,C
6032,26.3,85.3,6.2,91.4,A
6033,25.1,89.4,7.2,85.2,B
6034,17.7,100,9.1,87.7,B
6035,12.9,81.7,2.4,67.1,D
6036,10.5,85.2,3.8,74.4,C
6037,12.9,74.2,6.3,72.6,C
6038,18.8,95.7,2.8,83.9,B
6039,9.3,78.3,6.3,69.9,D
6040,20.3,97.3,7.2,90.5,A
6041,29.9,65.2,3.4,81.8,B
6042,14.6,91.6,6.3,82,B
6043,5.6,77.3,3.6,66.4,D
6044,5.6,93.8,8.8,78.9,C
6045,20.4,84.8,6.4,80.8,B
6046,14.6,78.6,4.7,71.7,C
6047,21.1,80.4,3.5,80.6,B
6048,11.3,74.8,6.8,72.4,C
6049,20.8,95.1,8.7,91.6,A
6050,13.9,72.4,4.5,76.5,C
6051,9.9,81.8,5.1,71.6,C
6052,12.2,89.1,4.5,74.8,C
6053,6.6,100,9.1,80.9,B
6054,28.9,84.9,2.2,85,B
6055,14.3,82.1,8.6,82.4,B
6056,19.5,88.3,5.2,82.6,B
6057,11.2,60.1,5.9,73.3,C
6058,7.6,70.6,5.3,68.8,D
6059,13.4,80.5,6.5,79.1,C
6060,22.7,76.4,4.5,79.9,C
6061,11.4,65.8,8.1,75,C
6062,8.9,95.3,8.2,80.2,B
6063,16.1,88.1,4,76.7,C
6064,18.5,86.7,7.3,86.6,B
6065,26.5,76.7,5.3,83.6,B
6066,17.5,86,6.1,82.1,B
6067,19.5,91.2,9.1,91.3,A
6068,20,81.8,4.7,80.5,B
6069,6.9,90.3,7.9,76.7,C
6070,8.3,75.4,6.9,70,C
6071,7.4,86.2,5.6,76.5,C
6072,5.7,98.7,6.7,76.8,C
6073,20.6,99.8,6.5,89,B
6074,17,100,3.7,84.1,B
6075,15.6,88.4,4.8,80.1,B
6076,0,85.4,3.9,68.5,D
6077,29.4,79.6,5.4,87,B
6078,8.7,63.3,8.7,73.9,C
6079,29.4,68.9,7.2,84.7,B
6080,4.9,83,3.1,68.4,D
6081,9.3,83.7,5.5,73.1,C
6082,0,100,6.5,80,B
6083,17.5,100,7.5,87.1,B
6084,7.3,76.8,4.7,68,D
6085,7.5,94.8,3.5,74.3,C
6086,5.4,79.3,5.9,68.8,D
6087,20.4,93.2,7.1,88.4,B
6088,20,94.7,6.5,90.5,A
6089,27.7,99.9,4.2,92.2,A
6090,10.2,79.1,9.5,78.1,C
6091,16.5,97.2,5.8,83.7,B
6092,6,62.5,6.4,63.1,D
6093,12.7,100,4.7,81.4,B
6094,11.4,84.7,8.2,78.9,C
6095,18.3,85,7.1,86.4,B
6096,22.1,60.6,6.6,73.5,C
6097,21.9,80.3,3.7,84.2,B
6098,9.1,100,8.2,82.2,B
6099,22,79.9,7.5,84.7,B
6100,14.7,93.6,8,81.1,B
6101,12.7,85.4,6.1,79.3,C
6102,10,97.8,5.9,76.9,C
6103,11.1,87.3,5.6,77.6,C
6104,27.2,73.8,10,89.8,B
6105,17.2,85.7,4.9,78.6,C
6106,16.2,100,3.6,76.3,C
6107,13.2,91,5.3,85.4,B
6108,32.1,83.6,4.9,86.9,B
6109,24.1,100,8.5,95.1,A
6110,10,98.9,3.3,74.8,C
6111,13.1,94.8,4.9,82.9,B
6112,13.5,88.8,6.4,78.6,C
6113,16,93.8,8.5,83.8,B
6114,10.1,94.2,7.4,82.2,B
6115,18.1,58.8,9.2,72,C
6116,25.2,89.7,6.7,88,B
6117,5.8,83.1,5.6,73,C
6118,7.1,79,7.7,77.5,C
6119,11.6,82.7,3.3,69.5,D
6120,11.9,66.3,2.6,64.1,D
6121,29,63.3,8,85.1,B
6122,22,100,6.4,84.2,B
6123,21.6,90.5,7.9,92.4,A
6124,13.1,56,4.3,62.2,D
6125,13,78.1,8.6,76.8,C
6126,4.8,95.6,7.3,77.6,C
6127,20.5,81.6,5.9,82,B
6128,18.4,99.9,6.4,84.6,B
6129,24,97.6,6.7,96.3,A
6130,13.5,68.7,4.3,62.3,D
6131,14,83.3,5.2,73.4,C
6132,16.2,79.6,6.7,76.9,C
6133,21.2,68.3,5.1,73.9,C
6134,4.7,67.5,3.1,65.2,D
6135,20.2,75.3,6.6,75.2,C
6136,14.9,77.3,7.7,82.9,B
6137,7.6,88.4,8.1,76.4,C
6138,0.4,97.5,7.1,69.8,D
6139,14,91.2,7.6,76.2,C
6140,25.1,94,8,91.6,A
6141,26.7,81.8,6.2,84.8,B
6142,17.5,92.2,1.8,79.1,C
6143,28.7,83.2,8.3,90.1,A
6144,14.7,79.7,4.2,77.6,C
6145,21.7,100,3.7,86.3,B
6146,11.8,57,3.8,62.7,D
6147,11.4,62.5,10,76,C
6148,10.3,89.6,6.9,78.9,C
6149,0.6,81.8,3.9,66.9,D
6150,24,67.8,4.6,81.4,B
6151,10.5,72.3,6,70.2,C
6152,9.4,73.9,7.1,72.3,C
6153,6.7,95.7,6.6,79.9,C
6154,13.6,99.5,4.1,73.6,C
6155,27.3,100,6.6,94.2,A
6156,29.7,65.9,4.8,81,B
6157,3.4,68.6,8.1,68.1,D
6158,12.5,67.8,6.1,68.7,D
6159,7.8,100,4.5,80.5,B
6160,21.9,90,7.4,85.5,B
6161,17,86,6.8,80.4,B
6162,10.5,87.8,5.1,73.6,C
6163,15.5,84.3,7.5,84.6,B
6164,11.7,71.5,7.3,67,D
6165,26.3,91.2,8.4,98,A
6166,18.8,82.8,7.4,87.2,B
6167,19.7,70.6,5.6,75.2,C
6168,0,91.9,2.6,69.3,D
6169,14.5,79.9,6.4,77.7,C
6170,29.6,87.7,6.7,96.7,A
6171,24.3,83.5,6.1,88.4,B
6172,2.1,95.7,0,72.6,C
6173,12.8,87.6,7.4,75.3,C
6174,6.6,74.4,4.2,67.3,D
6175,27,88.9,7.4,85.9,B
6176,16.7,89.3,9.4,84.4,B
6177,9.6,91.1,5.5,83.4,B
6178,15.2,97.4,6.9,86.2,B
6179,0,77.6,6.1,68.2,D
6180,7.4,93,7.1,79,C
6181,15.3,64.3,6.2,73.4,C
6182,20.9,83.6,5,80.2,B
6183,1.4,81.7,4.2,63.4,D
6184,12.3,100,9.2,84.6,B
6185,22.1,83.1,6.9,76.5,C
6186,4.8,92.3,7.7,75.8,C
6187,16.6,63.9,6.8,74.3,C
6188,15.5,80.8,8,78.4,C
6189,27,74.8,4.2,81.9,B
6190,13.4,100,6.2,85,B
6191,13.8,77,7,79.1,C
6192,21,85.9,8.6,83.4,B
6193,5.7,86.5,10,75,C
6194,13.5,65.9,6.8,74.3,C
6195,11.8,78.7,4.7,74.6,C
6196,14,89.9,3.6,81.2,B
6197,20.9,86,4.2,85.6,B
6198,18.9,57.4,4.5,77.4,C
6199,9.8,78.2,0.2,64.8,D
6200,16,97.2,4.6,87.3,B
6201,25.4,92.1,7.4,88.4,B
6202,9.2,99.6,6.2,87.3,B
6203,16,73.2,5.5,76.3,C
6204,13.6,100,2.8,81.2,B
6205,14.6,84.5,8.1,84,B
6206,3.6,100,7,73.1,C
6207,24.9,85,6,83.2,B
6208,9.6,60.4,1.6,61.2,D
6209,22.2,95.2,5,88,B
6210,10.7,79.7,6.9,81.2,B
6211,10.6,80.5,5.9,71.2,C
6212,23.5,67.6,6.4,84.2,B
6213,22,100,7.4,90.5,A
6214,16.5,78.7,6.3,77.4,C
6215,20.3,100,7.3,89.5,B
6216,13,79.8,4.3,72.7,C
6217,14.9,73.9,3.6,73.5,C
6218,10.4,100,7,80.9,B
6219,21.3,84.1,7.4,80.9,B
6220,10.1,84.2,7,75.6,C
6221,25.4,69.6,6.3,83,B
6222,12.8,79.5,5.4,70.4,C
6223,15.1,90.1,6.4,83.3,B
6224,20.3,69.4,6.8,81.9,B
6225,15.2,78.5,6.9,82.3,B
6226,12.9,80,10,81.5,B
6227,14.8,85.8,4.2,71.6,C
6228,21.3,100,10,95.9,A
6229,10.4,81.4,3.5,74.2,C
6230,14.1,76.7,6.8,74.2,C
6231,15.1,100,3.6,81.4,B
6232,21.1,79.8,6.6,83.9,B
6233,14.3,82.7,8,85.4,B
6234,27.7,80.7,6.1,86.3,B
6235,13.9,81.7,7.9,82,B
6236,13.3,85.9,5.2,78.1,C
6237,13.8,96,1.9,77.8,C
6238,5.8,89.8,7.3,79.4,C
6239,7.7,97.9,6.1,75.8,C
6240,11.3,97.5,5,80.3,B
6241,23,87.5,5.2,85,B
6242,14.8,89.5,6.8,77,C
6243,11.6,98.3,4.4,83,B
6244,23.6,71.7,6.8,84.1,B
6245,25.9,100,8.4,95.5,A
6246,23.8,78.8,10,87.4,B
6247,9,80.8,8.8,76.4,C
6248,11.5,70.5,6.3,73.7,C
6249,27.7,70.8,6.5,84.2,B
6250,16.7,96.7,5.2,81.6,B
6251,13.1,100,5.1,80.4,B
6252,20,78.2,7.7,82.4,B
6253,22.1,89.2,5.4,82.3,B
6254,11,87.6,6.7,78.9,C
6255,16.5,97,4.1,79.8,C
6256,21.5,100,8.7,89.7,B
6257,6.9,100,5.4,87.2,B
6258,15.1,82.1,8.2,86.5,B
6259,7.2,91.3,4.6,74.2,C
6260,8.1,92.5,4.5,77.3,C
6261,11.1,84.8,8.7,82.3,B
6262,18.3,71.8,4.7,75.1,C
6263,12.7,75.4,2.9,71,C
6264,10.5,98.8,3.9,77.3,C
6265,15.4,100,7.7,90.5,A
6266,7,82.5,7.5,77.8,C
6267,18,88.1,4.5,85.3,B
6268,22.9,99.4,4.7,89.4,B
6269,14.4,64.5,7.3,79.4,C
6270,13.6,79.6,8.6,79,C
6271,17.6,100,5.9,92.4,A
6272,0.8,88.6,7.1,69.6,D
6273,18.8,71.4,7.7,75.2,C
6274,36.7,86.4,10,100,A
6275,14.1,97.3,3.7,82,B
6276,14.2,54.4,4.7,67.4,D
6277,20.2,87.1,5,81.4,B
6278,26.5,80.5,7.7,85.5,B
6279,21.8,65.3,5.5,74.2,C
6280,0,86,6.6,69.3,D
6281,18.9,83.4,6.2,81.3,B
6282,33,84.7,6,86.6,B
6283,19.4,80.8,6.2,86.2,B
6284,6.9,72.7,8.1,69.8,D
6285,17,67.5,4.1,75.6,C
6286,6,76.7,5.7,66.9,D
6287,23.6,95.3,3.6,86.8,B
6288,8.3,87.8,6.5,78.5,C
6289,15.5,84.2,5.6,81.2,B
6290,9,72.5,8.1,71.8,C
6291,11.2,80.5,6,76.1,C
6292,25.4,93.8,5.1,91,A
6293,15.7,91.1,5.5,80.7,B
6294,11.1,79.3,9.4,74.8,C
6295,7,53.7,2.9,56.1,F
6296,1.9,76.9,4.7,63.7,D
6297,6.2,79.2,6.1,70.6,C
6298,15.8,74.1,4.7,79,C
6299,21.9,80,7,86.3,B
6300,11.1,94.8,5.9,77.1,C
6301,26,84.6,6.5,93.3,A
6302,10,96.9,6.2,79.6,C
6303,13.3,66.9,5.8,73.1,C
6304,7.4,81.3,3.4,66.1,D
6305,21.9,61.7,6.4,74.9,C
6306,29.7,79.9,2.5,87.1,B
6307,2.7,72.5,4.7,61,D
6308,12.6,100,7,84,B
6309,23.9,89.9,8.4,91.7,A
6310,4.9,97.2,10,77.6,C
6311,19,79.8,5.1,73.8,C
6312,23.6,72.8,4.3,81.7,B
6313,15.5,72.4,7,84.8,B
6314,18.9,88.2,9.7,89,B
6315,27.3,100,9.1,99.3,A
6316,28.6,89.9,3.9,85.9,B
6317,14.6,80.5,5.7,81.2,B
6318,11.3,82.7,7.7,76.4,C
6319,8.6,84.6,7.8,79.8,C
6320,21.8,100,7.2,92.8,A
6321,5.4,99.8,5.1,78,C
6322,13.2,88.1,7.2,82,B
6323,15.7,86.3,7.9,84,B
6324,11.5,88.6,4.1,76.3,C
6325,17,90.9,8.7,88.8,B
6326,33,80,8,90.9,A
6327,14.1,74.9,4.5,72.3,C
6328,12,97.4,7.8,87.8,B
6329,22.1,85.3,7.6,86.9,B
6330,16.7,96.4,7.7,85.5,B
6331,25.1,100,9.2,98.9,A
6332,16.2,91.2,6,84.7,B
6333,13.3,89.3,6.7,76.2,C
6334,2.5,100,0.7,70.9,C
6335,3.7,87.5,8.2,74.5,C
6336,2.2,71.9,8,69.3,D
6337,17.7,81.6,8.7,83.1,B
6338,5.5,100,4.1,76.4,C
6339,23.8,69.5,7.9,76.9,C
6340,15.2,76,8,75.7,C
6341,13.3,98.3,4.7,83.2,B
6342,9.1,81.7,8.1,83.8,B
6343,19.4,83.7,6.9,84.1,B
6344,9.4,97.9,2.6,73.3,C
6345,8.1,76.4,7.2,72.6,C
6346,23.3,67.4,4.5,74.4,C
6347,17.5,68.3,2.6,74.6,C
6348,13.4,92,6.7,81.4,B
6349,19.5,88.1,5.9,86.5,B
6350,15.1,76.7,8.8,79,C
6351,17.7,71.1,6.4,79.9,C
6352,9.3,81.8,7.6,70.6,C
6353,29.5,98.4,7,96,A
6354,10.9,75,8,76.5,C
6355,25.9,77,4.2,81.4,B
6356,13.7,70.7,6.4,74.5,C
6357,20.6,80.6,5.7,82.4,B
6358,20.1,89.1,7.3,89.1,B
6359,23,100,6.5,92.9,A
6360,9.1,87.6,4.8,75.3,C
6361,22.5,84.4,5.3,86.3,B
6362,27.9,95.4,9.3,92.4,A
6363,13.2,93.4,2.6,74.4,C
6364,15.2,78.1,7.4,74.3,C
6365,11.3,100,8.5,86.3,B
6366,12.6,84.7,7.2,79.8,C
6367,27,87.8,9.9,97.9,A
6368,8,91.6,7.9,79.5,C
6369,8.4,89.2,6.8,74.6,C
6370,26.3,100,5.1,92.2,A
6371,19.4,77.9,6.8,75.1,C
6372,29.8,94.4,7.4,94,A
6373,11.8,87,6,70.4,C
6374,15.9,96.8,4.5,83.2,B
6375,10.4,82.4,3.6,70.9,C
6376,16,80.8,6.4,78.3,C
6377,2.6,93.8,3,66.6,D
6378,19.8,89.3,5.1,81.1,B
6379,17.3,75.2,1.1,73.4,C
6380,14.6,100,7.7,81.8,B
6381,12.3,93.8,8.3,84.5,B
6382,8.7,84.1,6.2,71.8,C
6383,20.1,79.4,9.7,80.2,B
6384,6.8,89.4,8.7,81.4,B
6385,18.6,92.9,7,89.7,B
6386,29.5,65.9,5.8,81.2,B
6387,25.4,89.5,5.3,86,B
6388,4.5,92.8,7.1,74.6,C
6389,11.2,56.8,5.7,63.3,D
6390,18,87.4,7.1,81.5,B
6391,14.5,93.3,7.2,84.5,B
6392,5.2,92,5.5,79.9,C
6393,17.7,94.6,8.2,86.1,B
6394,14.9,81.1,5.5,80.1,B
6395,28.4,72.5,6,85.7,B
6396,13.2,63.4,4,62.6,D
6397,23.2,98.1,5.5,89.2,B
6398,6.1,93.4,10,79.8,C
6399,7.8,99,4.2,80.9,B
6400,20.1,76.3,6.9,85.3,B
6401,22.6,94.6,5.1,88.3,B
6402,8.3,67,1.6,65.9,D
6403,15.2,74.6,7.1,76.3,C
6404,5.3,86.5,4.9,74.4,C
6405,13.7,93,6.6,82,B
6406,20.9,100,8,94.5,A
6407,12,82.1,6.5,79.9,C
6408,13.3,74.6,6.7,76.9,C
6409,7.1,74,4.3,64.8,D
6410,10.5,76.7,7.4,73.1,C
6411,27.3,100,5.6,95.5,A
6412,15.5,94.1,2,80.6,B
6413,8,98.4,7.7,81.1,B
6414,12.8,82.1,8.3,78.1,C
6415,3.8,85,9,74.8,C
6416,7.9,93.4,10,80.7,B
6417,24.5,78.9,7.5,85,B
6418,14,81.5,7,84.2,B
6419,28.2,76.9,8.2,87.3,B
6420,14.3,79.6,4.2,76,C
6421,14.7,85.6,2.7,75.5,C
6422,19.5,75.1,5,74,C
6423,0,88.4,8.6,68.3,D
6424,16.4,88.4,4.7,79.5,C
6425,14.7,82.8,6.9,73.3,C
6426,25.4,75.1,7.1,90.1,A
6427,21.8,86.3,6.5,84.1,B
6428,7.1,78.9,3.4,66.5,D
6429,23.7,85.6,6.7,90.3,A
6430,13.2,98.2,5.2,81,B
6431,8.7,70,9.4,74.9,C
6432,16.4,100,8.3,86.5,B
6433,13.6,84.1,5.2,76.9,C
6434,25.8,89.9,9.5,96,A
6435,17.4,76,6.7,75.8,C
6436,16.4,98.7,2.7,82.6,B
6437,21.3,83.5,5.8,75.8,C
6438,22.7,80.3,9.3,90.8,A
6439,20.5,78.1,4.4,77,C
6440,24.9,81.8,5.9,84.9,B
6441,19.3,90,3.3,80.5,B
6442,16.2,87.1,3.6,74.9,C
6443,23.7,84.5,4.3,80.2,B
6444,14.4,76.5,3.5,74.1,C
6445,15.2,75.8,4.8,76.1,C
6446,27.1,79.5,9.5,87.6,B
6447,26.4,90.5,5.9,91.1,A
6448,14.9,92.9,7.6,85.4,B
6449,11.8,94.6,8.2,81.6,B
6450,25.2,85,3.8,80.2,B
6451,20.6,89.6,4.3,82.8,B
6452,17.2,83,7.5,82.9,B
6453,12.7,64.1,4.7,68.1,D
6454,17.3,82.4,7.4,79.8,C
6455,14.8,80.5,9.4,82.7,B
6456,10.3,72.5,3.1,71.4,C
6457,15.9,78.2,5.3,74.1,C
6458,16.9,86.6,5.6,79.7,C
6459,12.4,71.4,4.9,79.1,C
6460,21.3,76.5,4.8,80.1,B
6461,24,100,5,86.2,B
6462,21.8,65.8,6,75.7,C
6463,13.1,82.8,6.3,74.9,C
6464,20.3,71,7.9,81.4,B
6465,15.5,76,5.9,77.1,C
6466,6.3,82.6,8.2,72.5,C
6467,19.7,73.1,4.8,82.5,B
6468,16,91.9,3.6,79.7,C
6469,33.2,100,5.4,96,A
6470,25.2,95.1,6.9,87.8,B
6471,20,97.3,7.7,86.6,B
6472,16.7,68.4,8.9,74.2,C
6473,16.1,82.1,6.6,79,C
6474,8,90.6,7.5,75,C
6475,2.8,95.5,8.7,79.3,C
6476,8.9,100,4.4,76.2,C
6477,14.7,97.8,5.6,85.4,B
6478,0.3,95.8,10,78.1,C
6479,11.2,100,7.7,85.6,B
6480,13.3,86.2,7,82.1,B
6481,13.5,81.5,7.8,84.8,B
6482,10.4,87.1,3.3,70.6,C
6483,12.6,74,4.7,74.3,C
6484,27.1,85.8,4,87.2,B
6485,19.6,64.3,6.8,79.3,C
6486,11.1,78.6,5.3,73.3,C
6487,14.5,83.6,6.2,81.9,B
6488,14.8,96.4,5.4,78.4,C
6489,9.6,98.3,2.7,72.9,C
6490,9.6,73.4,7.8,71.3,C
6491,22.1,100,2.5,85.3,B
6492,12.1,86.8,4.5,75.9,C
6493,7.3,87.9,3.4,69,D
6494,14.7,65.6,4.2,66.8,D
6495,15.8,77.6,6.4,75.5,C
6496,1.2,97.6,8.5,71.1,C
6497,14.7,87,2.9,75,C
6498,21.1,86.3,4.9,82.6,B
6499,18.2,87.7,2.5,79.5,C
6500,30.6,67.7,4.8,83.6,B
6501,23.8,83.8,6.1,90.8,A
6502,25.1,100,7.5,96.3,A
6503,34.6,98,1.8,95.6,A
6504,20.3,83.5,7.1,84.9,B
6505,16.1,100,4.1,84.6,B
6506,21.8,69.9,3.6,75.1,C
6507,11.1,73.3,6.1,72.4,C
6508,15.8,100,7.3,92.3,A
6509,10.5,91.9,5.8,77.7,C
6510,17.8,81.5,3.8,73.3,C
6511,10.4,84.3,5.8,77.2,C
6512,10.2,75.3,4.5,72.8,C
6513,17.9,88.3,7.2,84.3,B
6514,14,87.4,8.2,76.1,C
6515,1.5,85.2,8,75.3,C
6516,4.8,71.1,6,67,D
6517,7,88.2,8.2,75.9,C
6518,8.8,78.6,4,73.2,C
6519,17.9,73.2,9.6,75.2,C
6520,16.5,100,3.9,83.5,B
6521,22.5,100,1.9,83.5,B
6522,20.3,100,8.7,96.2,A
6523,22.5,92.8,4.6,86.5,B
6524,19.3,81.8,6.2,78.8,C
6525,16.5,84.2,3.9,80.8,B
6526,22.7,89.9,10,84,B
6527,21.4,80,9.6,88,B
6528,17.6,100,9.1,86.3,B
6529,23.9,60.6,6.2,75.8,C
6530,0,81.5,8,68.2,D
6531,13,94.6,5.9,83.6,B
6532,12.9,74.9,8.2,83.1,B
6533,23.1,82.1,5.2,77.7,C
6534,26,92.1,9.2,95,A
6535,4.8,100,5.1,82.3,B
6536,24.9,69.5,5.3,78.3,C
6537,6.8,68.6,5.1,64,D
6538,7,73.6,6.4,70.1,C
6539,13.4,66.5,5.2,72.7,C
6540,12.8,67.4,7,74.2,C
6541,4.1,73.3,5,64.4,D
6542,19.5,99.8,7.6,87.3,B
6543,19.8,81.3,9,88.9,B
6544,22.4,85.4,6.2,82.6,B
6545,12,73.5,10,71.7,C
6546,14.7,92.6,8.3,79.9,C
6547,14.8,100,10,87.4,B
6548,26.8,74.3,5.9,88.4,B
6549,0,100,2.7,65.6,D
6550,8.3,89.4,4.6,78.5,C
6551,15,85.2,4.8,81.6,B
6552,7.4,89.8,4.1,73.5,C
6553,13.2,89.7,1.6,66.5,D
6554,14.1,100,8,82.7,B
6555,10.4,91.2,2.3,71.5,C
6556,15.5,91.5,7.9,89.1,B
6557,19.4,79.9,10,83.6,B
6558,13.3,95.1,4.4,77.2,C
6559,11.8,73.5,6.8,74,C
6560,13.8,86.3,5.2,73.5,C
6561,14.9,100,7.7,86.3,B
6562,2.8,54.9,3.6,53.8,F
6563,18.2,87.8,5.7,90.2,A
6564,11.8,88.3,8.2,77.8,C
6565,23.8,82.3,5.9,90.4,A
6566,19.1,82.5,2.7,73.9,C
6567,23.2,86.1,8.5,89.4,B
6568,7.9,82,3.4,71,C
6569,12.4,87.7,6.2,78.7,C
6570,6.3,79.1,7.2,72.1,C
6571,10.1,100,6.2,83.6,B
6572,23.8,82,10,90.6,A
6573,25.4,91.8,7.5,90.6,A
6574,7,77,5.6,67.6,D
6575,11.8,96.2,7.2,81.6,B
6576,14.5,93.8,6.4,81.8,B
6577,19.1,90,6.1,83.4,B
6578,2.7,72.7,6.5,66.2,D
6579,3.8,76,5.1,62.1,D
6580,18.4,100,6.4,84.4,B
6581,1.4,75.8,5,66.8,D
6582,11.9,92.7,2.2,68.2,D
6583,16.1,73.7,8.3,82.1,B
6584,17.9,97.1,4.9,82.6,B
6585,14,76.8,6.3,80.7,B
6586,12.4,73.4,4.5,74.8,C
6587,20.9,76.5,4.5,77.7,C
6588,17,78.4,3.9,75,C
6589,10.5,89.9,7.9,84.5,B
6590,15.3,85.8,8.4,86.2,B
6591,17.7,71.9,6.1,79.3,C
6592,27,84.7,4.9,90.1,A
6593,20.5,71.3,2.6,70.9,C
6594,23.5,92.7,7.6,90.7,A
6595,10.7,94.9,4.6,75.5,C
6596,11.3,84.7,3.8,70.2,C
6597,13.4,88.3,6.1,79.5,C
6598,14,100,5.3,81.7,B
6599,7.9,83.1,3,68.9,D
6600,23.9,73.7,3.2,76.8,C
6601,21.2,92,6.7,83.2,B
6602,12.9,71.4,4.7,76.1,C
6603,19.5,82.5,7,83.2,B
6604,16.6,77.8,6.3,73.7,C
6605,20,76.6,8.1,82.9,B
6606,5.6,82,4.3,73.5,C
6607,14,95.8,6.5,85.6,B
6608,14.6,98.3,7.3,83.5,B
6609,19.4,96.1,4.7,83.3,B
6610,10.6,89,8.3,77,C
6611,0,81.9,2.7,60.5,D
6612,7.4,56.7,4.3,59.2,F
6613,14.6,89.4,2.6,71.8,C
6614,15.4,57.6,4.5,66.4,D
6615,26.8,61.9,5.7,80.2,B
6616,19.1,83.1,7.7,82.2,B
6617,15.6,88.2,5.7,80.9,B
6618,14.8,79.6,4.8,80.4,B
6619,22.7,100,2.9,92,A
6620,10.9,90.5,3.6,74.8,C
6621,14,82,6.6,80.6,B
6622,7.4,100,7.8,80.3,B
6623,24.9,100,5.2,89.4,B
6624,17.7,91.2,8.4,82.9,B
6625,10,75.7,4.1,70,C
6626,14.2,78.4,5.2,78.4,C
6627,18.6,67.6,5.4,70.9,C
6628,13.2,84.5,9.1,80.4,B
6629,11.3,72.4,6.3,71,C
6630,10.4,81.1,2.4,70.6,C
6631,17.4,88.1,7.9,85,B
6632,12.5,61.2,9.7,74.6,C
6633,11.8,69.8,5.5,76.3,C
6634,5.6,78.9,4.2,65.1,D
6635,15.5,84.4,7.7,78.5,C
6636,13.7,79.1,9.9,81.4,B
6637,12.7,81.8,7.7,82.6,B
6638,16.4,76.5,2.8,68.8,D
6639,20.2,67.6,7.5,79.5,C
6640,19.9,78.6,6.8,80.8,B
6641,18.9,82.4,4.1,81.3,B
6642,13.3,81.3,8.6,81.4,B
6643,11,86.3,6.9,77.8,C
6644,7.7,90,8.6,80,B
6645,10.8,93.2,3.9,74.4,C
6646,15.1,77.4,6.8,79.8,C
6647,9.5,66.1,4.2,70.1,C
6648,15.7,100,6.5,85.8,B
6649,8.2,89.6,9,78,C
6650,3.4,73.5,3.1,62.3,D
6651,20.7,88.3,3.3,83.6,B
6652,11.7,97.8,7.9,83.3,B
6653,9.1,100,6,76.4,C
6654,7.3,88,8.3,80.1,B
6655,18,97.7,4.4,81,B
6656,24.6,70.5,6.1,82.4,B
6657,12.2,84.6,7.4,72.8,C
6658,13.5,81,6.4,77.3,C
6659,22.5,89.1,2.4,81.7,B
6660,2.3,100,10,73.8,C
6661,28.8,88,6.4,92,A
6662,32.1,73.7,3.3,81.3,B
6663,0,69.8,6.6,63.4,D
6664,14.3,100,6.9,83.7,B
6665,10,91.2,8,75.4,C
6666,13.1,90.4,7.9,78.7,C
6667,12.1,80.9,5.6,72,C
6668,20.7,88.2,2.6,83.3,B
6669,14.2,73.2,6.9,77.8,C
6670,8.6,89.6,2.7,78.6,C
6671,13.8,70.9,8.4,74.5,C
6672,18.6,80.7,4.5,76.8,C
6673,6.7,77.3,7.3,72,C
6674,3.5,45.9,4.7,53.7,F
6675,28.9,80.8,5,85.1,B
6676,10.5,74.2,4.4,70,C
6677,14,82.5,7.4,81.2,B
6678,12.2,85,4.8,69.1,D
6679,18.8,100,7.5,87.5,B
6680,27.4,88.7,4.8,84,B
6681,19.1,89,5.5,82.5,B
6682,4.4,90.9,6.1,74.6,C
6683,5.3,95.5,6.3,79.3,C
6684,12.2,90.5,4.2,75.4,C
6685,13.1,88.4,7.4,80.9,B
6686,2.9,93.5,5.5,67.4,D
6687,20.7,55.9,7.1,71.6,C
6688,7.4,100,6,79.3,C
6689,25.5,100,7.2,89.6,B
6690,27.7,87.6,5.2,92.3,A
6691,13.3,68,4.4,71.3,C
6692,18.1,99.5,6.9,84.9,B
6693,6.4,76.7,5,64,D
6694,19.4,91.4,8.9,86,B
6695,11.5,69.6,6.1,68.4,D
6696,7.4,100,3.3,71.8,C
6697,13,67.7,4.8,65.7,D
6698,11.7,85.8,4,73.8,C
6699,12.7,59.5,8.1,72.9,C
6700,21.6,84.5,7.5,83.6,B
6701,9.5,79.9,5.9,74.3,C
6702,27.1,98.6,6.6,92.8,A
6703,5.7,79.9,5.8,71.9,C
6704,26.3,98.7,7.7,92.2,A
6705,7.9,72.7,7,71.4,C
6706,15,81.6,7.4,79.9,C
6707,11.6,81.9,5.6,79,C
6708,12.6,90.9,4.7,79.5,C
6709,20.6,89.4,7.3,87.2,B
6710,25.5,93.7,9.1,89.4,B
6711,23.3,88.2,8.2,87.5,B
6712,12.2,92.9,9.2,81.2,B
6713,16.3,74.2,6.3,74.1,C
6714,9.5,89.7,4.1,74.3,C
6715,8.1,100,4.2,77.9,C
6716,7,64.8,8.8,69.9,D
6717,11.9,90.9,2.3,78.2,C
6718,16.7,93.1,9,88.3,B
6719,1.6,100,4.4,68.8,D
6720,14.7,93.7,9.8,87.2,B
6721,25.6,86.2,5.9,89,B
6722,22.9,90.2,7.4,92.3,A
6723,10.9,76.2,10,77.1,C
6724,5.2,80.3,5.3,68.8,D
6725,18.2,69,5.3,78.1,C
6726,0,100,4.6,72.1,C
6727,22.8,90.4,4,79.6,C
6728,13.5,74,5.3,67.7,D
6729,27.8,88.3,4.9,94,A
6730,2.9,98.9,3.5,66.9,D
6731,21.4,96.9,5.6,87.2,B
6732,14.3,73.9,6.9,78.2,C
6733,12.7,47.4,4.2,56.3,F
6734,5.4,89.7,5.7,69.9,D
6735,19.2,74.4,8.8,78,C
6736,19.7,92.5,3.2,87.3,B
6737,27.5,96.4,9.9,100,A
6738,22.1,98.4,4.7,85.3,B
6739,10.8,100,6.4,83.6,B
6740,8,99.8,8.6,83.1,B
6741,5.4,100,9.2,80.2,B
6742,25.3,100,6.9,88.4,B
6743,9.6,100,4.6,85.6,B
6744,25.4,84.5,4.4,79.3,C
6745,18.7,69.5,4.9,75.5,C
6746,17.3,100,9.8,88.8,B
6747,12.9,85.8,5.2,79.8,C
6748,19.6,99.7,6.6,91.1,A
6749,14.9,78.4,3.9,71.2,C
6750,12.4,96.6,3.7,76.1,C
6751,19.9,55.7,6.1,67.6,D
6752,14,80.1,5.4,76.3,C
6753,9.4,83.8,5.5,76,C
6754,19.2,90.6,3,79.3,C
6755,14.6,97.9,5.9,82.4,B
6756,18.4,71.9,9.1,86.3,B
6757,11.8,92.9,4.3,80.3,B
6758,6.5,99.7,7.8,84.2,B
6759,27.1,100,0,79.6,C
6760,25.8,93.5,4.4,89.9,B
6761,21.2,79.5,2.2,77.9,C
6762,12.3,69.7,8.5,70.7,C
6763,12.9,100,7.8,81.9,B
6764,24.7,93.8,3.9,86.4,B
6765,12.5,84.7,6.6,73.8,C
6766,10.6,65.6,8.4,69.2,D
6767,28.1,73.8,8.7,86.7,B
6768,14.7,92.6,5.2,82.3,B
6769,27.4,89.2,1.6,82.4,B
6770,5.2,61.6,4.2,59.8,F
6771,18.6,92.6,7.5,89.4,B
6772,29.5,66.2,10,82.7,B
6773,15.2,100,5.9,85.2,B
6774,13.2,87.5,4.8,78.3,C
6775,6.8,79.4,10,77,C
6776,22.6,96.9,6.8,88.5,B
6777,9.6,89.2,3.5,70.4,C
6778,14.3,100,5.8,88.2,B
6779,6.4,86,8,72.7,C
6780,25.9,86.7,5.9,84.3,B
6781,23.1,81.6,7.6,85.8,B
6782,14.8,88.2,2.8,74,C
6783,6.9,100,3.1,78.1,C
6784,25.8,79,4.5,82.4,B
6785,12.4,92.8,5.4,82.8,B
6786,7.3,74.4,6.7,71.6,C
6787,2.7,60.2,7.3,61.2,D
6788,10.5,87.5,10,84.7,B
6789,4.8,89.4,4.5,69.3,D
6790,10.6,83.7,5.4,73.6,C
6791,20.2,67,4.6,76.4,C
6792,12.4,88.7,8.2,81.7,B
6793,17.5,88.2,8.3,82.8,B
6794,9.9,74.3,5.1,65.7,D
6795,15.5,68.8,10,78.3,C
6796,28.4,82,4.6,84.2,B
6797,12.6,92.8,8.1,82.6,B
6798,17.7,90,8.9,85.1,B
6799,4,74.4,3.3,61.6,D
6800,25.6,86.6,7.2,88.2,B
6801,11.7,95.6,0.5,73.6,C
6802,22.4,70.9,7.6,83.6,B
6803,14.1,85.8,3.8,77.3,C
6804,19.3,100,7.1,95.3,A
6805,19.7,69.7,7.5,79.3,C
6806,11.8,98.9,8.2,82.3,B
6807,22.6,100,7.8,91.8,A
6808,9.7,82.3,6.1,75.9,C
6809,20.4,80.9,5.2,83.7,B
6810,12.3,97.4,5.9,85.3,B
6811,17.4,82.8,3.8,74.4,C
6812,11.8,56.8,5.6,69.8,D
6813,15.3,83.8,5.4,78,C
6814,7.5,90.6,4.4,70.8,C
6815,16.7,93.9,2.5,78.8,C
6816,15.3,74.4,3.4,76,C
6817,11.2,81.8,0,69.2,D
6818,14.6,96.7,5.4,78.6,C
6819,15.9,84.3,6.7,76.7,C
6820,10.7,66.7,0.6,59.1,F
6821,14.1,99.9,6.5,82.1,B
6822,8,82.4,5.8,72.8,C
6823,31.4,98.1,3.6,89.9,B
6824,22.4,68.3,5.1,76.3,C
6825,16.9,83.5,8.1,86.7,B
6826,23.2,91.1,4.1,89.9,B
6827,1.1,84,6.2,73.1,C
6828,0,70.8,6.7,58.1,F
6829,12.2,56.4,4.4,69.7,D
6830,5.4,100,8,79.9,C
6831,13.3,88,6.8,80.1,B
6832,16.4,99,5.5,87.7,B
6833,21.4,96.1,10,94.8,A
6834,7,92.2,8,72.5,C
6835,17.8,81.1,2.6,73.9,C
6836,15.1,90.9,5.2,79.2,C
6837,17.4,100,10,87.1,B
6838,11.4,86,4,77.3,C
6839,24.7,100,6.1,96.2,A
6840,14.3,67,8.5,75,C
6841,27.4,65.7,7.3,83.9,B
6842,9.5,96.9,7.6,81,B
6843,20.2,75.2,7.5,81.5,B
6844,14.6,100,6.1,87.6,B
6845,12.7,100,4.4,75.5,C
6846,19.4,100,6.9,90.3,A
6847,12.9,95.6,5.2,80.4,B
6848,0,73.9,5,60.5,D
6849,0,65.1,9,62.7,D
6850,23.9,100,5.2,95.7,A
6851,23.6,67,9.4,79.1,C
6852,28.2,100,6.5,94.5,A
6853,14.9,93,5.7,86.4,B
6854,6,84.1,2.4,63.8,D
6855,12.1,90.3,10,82.2,B
6856,15.1,90.6,6,81.2,B
6857,8,82.6,1.5,68.7,D
6858,26.5,100,8,95.2,A
6859,30.7,100,5.9,93.4,A
6860,18.3,86.9,4.1,81.3,B
6861,14.9,77.8,7.9,78.3,C
6862,5.9,100,0.9,73.4,C
6863,25.8,60.7,4.6,79.5,C
6864,15.5,90.3,5.4,76.2,C
6865,13,93.9,7.7,85.9,B
6866,18.4,75.1,10,82,B
6867,10.9,96.7,5.5,82.1,B
6868,16,84.7,6.9,82.3,B
6869,4.9,78.5,10,79.5,C
6870,22.6,96.6,6,88.9,B
6871,14.3,72,6.9,73.7,C
6872,23.1,95.4,3.5,84.4,B
6873,13.6,61.2,9.9,71,C
6874,14,88.4,4.6,80.3,B
6875,6.5,85.5,6.5,70.2,C
6876,20.3,78.5,6.5,83.7,B
6877,8.9,89.7,6.2,75.7,C
6878,11.6,84,5.1,69.8,D
6879,15,97.7,6.5,88.7,B
6880,15.8,91.7,9.5,76.2,C
6881,3.1,90.4,10,76.6,C
6882,13.4,88.5,5.6,79.4,C
6883,20.6,79.3,5.1,73.2,C
6884,12.4,81.4,4.4,75.1,C
6885,13.4,88,10,81.7,B
6886,16.1,82.9,6.3,78.7,C
6887,14.1,98.3,8.2,89.9,B
6888,7.8,86.1,7.4,76.1,C
6889,14.7,89.5,10,84.2,B
6890,22,68.2,5.5,77.1,C
6891,7.6,96.3,3.8,80.3,B
6892,12.4,78,9.7,80.2,B
6893,5.3,72.5,7.8,66.8,D
6894,21.6,100,6.9,89,B
6895,14.4,93.4,9.1,81.7,B
6896,9,96.7,7,78.7,C
6897,15.6,90.5,9.1,90.1,A
6898,6.6,83.9,6.5,72.4,C
6899,7.8,81.6,7.8,70.6,C
6900,4.8,94.3,7.1,77.3,C
6901,7.5,98.6,5.3,76.4,C
6902,24.5,84.2,5.6,87.1,B
6903,9.9,100,5.2,78.9,C
6904,18.3,82.6,6.5,85.6,B
6905,9.1,68.3,5.1,64.8,D
6906,20.3,64.3,6.9,73.2,C
6907,7.8,64.7,6.8,70.1,C
6908,15.3,80,6.4,71.9,C
6909,15.4,82.2,6.4,78.3,C
6910,31.3,93.2,4.9,95.3,A
6911,19.4,84.7,5.4,75,C
6912,10.8,95.1,2.7,75.8,C
6913,19.8,85.5,5.8,78.1,C
6914,30,85.2,4,82.4,B
6915,3.6,78.1,6.2,65,D
6916,9.1,100,4.6,77.8,C
6917,13.3,66.6,1.9,64.2,D
6918,12.1,88.6,10,86.3,B
6919,12.7,82.8,5.5,76.2,C
6920,5.9,94.4,8.9,77.6,C
6921,24.8,84.8,4.9,81.1,B
6922,5,85.1,9.4,76.4,C
6923,13.6,81.8,3.7,80.3,B
6924,22.3,100,6.4,88.3,B
6925,14.8,85,3.8,74.5,C
6926,8.1,100,10,80.9,B
6927,5.6,88.3,5.5,76.1,C
6928,13.4,85.3,7.7,82.7,B
6929,9.7,83.3,6.9,74.2,C
6930,16.4,91.8,5.9,80.7,B
6931,5.2,77.9,7,67.6,D
6932,20.7,86.7,8.7,86.3,B
6933,15.8,85.1,7.3,84.4,B
6934,16.3,88.9,6.3,82,B
6935,25.1,89.2,7,93.2,A
6936,11.9,89.8,9.8,80.9,B
6937,9.9,86.1,5.2,67.7,D
6938,11.2,100,2.3,84.9,B
6939,13.7,90.1,3.8,77.9,C
6940,14.4,100,4,83.9,B
6941,9.2,85.6,4.2,70.4,C
6942,0.8,96.5,4.3,66.5,D
6943,11.1,76.3,6,73.4,C
6944,17.5,100,6.5,81,B
6945,16,76.5,6.5,76.5,C
6946,23.4,90.5,4.5,88.6,B
6947,28.7,81.8,8,91.9,A
6948,20.3,90.4,7.1,87,B
6949,24.7,82.2,9.2,94.3,A
6950,20.4,75.5,7.7,82.8,B
6951,27,81.7,5.3,80.3,B
6952,28,100,8.6,96.9,A
6953,21.7,90.6,6.5,92.5,A
6954,19.9,69.5,7.6,78.2,C
6955,13.6,98.1,7.4,90,A
6956,14.7,74.3,5.8,77.8,C
6957,12.6,93.9,6.2,79.5,C
6958,19.3,91.6,5.7,81.1,B
6959,10,92.4,4.3,76.9,C
6960,13.7,100,1.7,82.1,B
6961,0,75.1,4.6,57.8,F
6962,27.1,92.3,6.4,91.6,A
6963,13.5,100,8.2,79.8,C
6964,18.2,77.3,7.6,79.6,C
6965,25.2,76.1,5.4,77.8,C
6966,17.1,81.6,4.6,79.4,C
6967,25.1,88.9,5.6,85.5,B
6968,6.3,68.1,4,67.6,D
6969,31.8,91.6,1.8,87.3,B
6970,22.6,68.1,2.9,73.1,C
6971,16.5,100,8.7,84,B
6972,25,91.2,9.7,94.4,A
6973,6.8,100,7.5,81.6,B
6974,13,93,5.9,83.1,B
6975,25.1,81.3,3.2,83.9,B
6976,1.9,75.4,5.7,66.6,D
6977,18.9,87.9,7.2,86.3,B
6978,18.7,84.6,7.7,85.8,B
6979,28.8,99.2,7.4,98.9,A
6980,3.9,73.9,8.4,65,D
6981,26.3,100,9.9,96.2,A
6982,11.1,100,5.2,75.7,C
6983,11.9,82.6,10,81.6,B
6984,6.4,100,2,78.1,C
6985,7.4,75.6,4.4,70.8,C
6986,17.8,87.5,6.4,80.7,B
6987,7.2,69.7,7.1,70.5,C
6988,20.2,100,5.6,88.9,B
6989,10.4,65.2,5,68,D
6990,6.5,67.7,10,67.3,D
6991,11.3,77.4,4.9,76.2,C
6992,17.4,100,4,80.2,B
6993,13.1,96.5,9.4,84.7,B
6994,15.2,86.5,7.7,84.7,B
6995,19.9,97.2,8.2,88.6,B
6996,22.6,83.6,6.4,84.9,B
6997,12.8,90.1,3.2,76.3,C
6998,7.7,100,6.2,79.4,C
6999,15.5,82,3,75.1,C
7000,18.3,75.8,6.5,79.4,C
7001,4.8,90.6,7.3,75.2,C
7002,8.8,93.9,8.2,77.5,C
7003,10,86.3,5.8,70.9,C
7004,13.5,97,7.5,87.1,B
7005,9.7,82.6,4.2,75.1,C
7006,19.9,86.5,7.9,86.6,B
7007,3.8,89.5,7.3,74.8,C
7008,3.9,88.4,4.4,67.3,D
7009,12.7,100,7.1,76.7,C
7010,13.8,89.4,8.2,81.6,B
7011,4.8,81.4,6.2,64.6,D
7012,10.8,91.3,4.4,76.7,C
7013,12.2,97.1,6.4,85.6,B
7014,12.2,94.3,7.1,79.8,C
7015,16.1,93.6,4.3,79.3,C
7016,10.4,67,4,63.7,D
7017,25.3,55.1,7,77.4,C
7018,18.4,100,7.6,88.9,B
7019,9.4,90.3,10,78.5,C
7020,15.7,84.7,7.3,83.8,B
7021,15.9,93.3,3.6,87.9,B
7022,23.5,100,10,99.2,A
7023,10.8,100,8.1,83.5,B
7024,20.4,96.5,2,82.1,B
7025,15.3,74.4,3.9,71.4,C
7026,25.4,75.9,5,80.8,B
7027,24,56.4,7.7,80.4,B
7028,16.4,92.6,1.2,80.1,B
7029,13.2,98.3,5.8,78.7,C
7030,18.5,99.3,7.6,89.8,B
7031,13.7,93.1,0.3,77.6,C
7032,26.8,83.2,7.5,87.9,B
7033,15.5,78.2,7.7,78.5,C
7034,12.2,75.1,4.3,73.4,C
7035,11.8,83,3.7,75.3,C
7036,6.5,73.3,4.3,67.7,D
7037,18.9,100,0.7,81.7,B
7038,9.3,69.4,5.3,69.5,D
7039,22.7,82.6,6.4,83.7,B
7040,5.9,61.8,3.6,57.6,F
7041,15.9,88.6,7.9,78.7,C
7042,23.1,85,6.2,87.1,B
7043,0,80.7,6.5,67.2,D
7044,29.1,73.8,5.2,86,B
7045,12,85,7.5,76.1,C
7046,16,78.5,8.6,80.8,B
7047,19,83.4,5.2,80.7,B
7048,20.1,100,7.5,93.9,A
7049,16.9,87.1,7.5,85.6,B
7050,22,91.4,6.8,85.4,B
7051,18.6,79.4,9.4,85.3,B
7052,27.3,75.6,4.5,80.9,B
7053,18.7,84.7,5.2,72.8,C
7054,28.8,100,4.4,98.1,A
7055,21.3,81.6,7.5,83.2,B
7056,2.4,89.3,5.5,73.6,C
7057,33.3,75.1,4.6,85.5,B
7058,11,51.9,9.3,65.7,D
7059,25.5,75.5,9.6,86.2,B
7060,15.2,100,5.3,84.6,B
7061,22.4,92.1,3.3,84.4,B
7062,10.2,100,9.7,86.8,B
7063,19.4,80.8,6.9,80.5,B
7064,13.2,56.7,6.8,68.7,D
7065,26.1,71.7,6.2,80.3,B
7066,18.1,89.8,4.4,85.6,B
7067,21.6,87.9,5.2,80.1,B
7068,0,84.9,7.4,66.9,D
7069,14.4,78.6,5.1,74,C
7070,17.9,96.3,6.9,93.5,A
7071,16.6,79,6,80.4,B
7072,21.7,88.7,3.9,80.3,B
7073,12.4,87.3,9.2,84.3,B
7074,15.3,80.6,7.2,80.7,B
7075,23.3,74.4,6.7,83.1,B
7076,0,79.9,7.1,69.4,D
7077,19.1,100,2.4,83.4,B
7078,12.7,98.3,5,81.4,B
7079,8.6,97.2,2.9,70.3,C
7080,17.4,75.6,6.2,82,B
7081,23.6,67.7,6.7,78.7,C
7082,22.3,98.2,6.3,85.9,B
7083,14.1,95.9,8.4,83.6,B
7084,21.1,86.6,3,79.3,C
7085,21.1,80.6,4.4,77.7,C
7086,14.4,67.4,6.8,75.6,C
7087,10.1,95.4,6.5,82.7,B
7088,10.6,99.2,3.4,71.8,C
7089,20.9,76.9,8.4,81.8,B
7090,14.7,75.8,9.1,77.9,C
7091,7.7,99.9,6.9,79.4,C
7092,3.2,77.3,3,68.9,D
7093,20.8,100,6.3,86.8,B
7094,11.2,83.7,6.7,81.2,B
7095,17.3,80.4,5.5,78,C
7096,23.7,85.5,8.7,93.7,A
7097,5.8,80.4,5.8,69.3,D
7098,14.7,98.5,10,87.2,B
7099,13.8,95.6,7.6,83.8,B
7100,17.7,98.1,6.6,90.3,A
7101,23.7,87.2,7.8,89,B
7102,5.7,79.5,9.1,74.4,C
7103,19,84.9,7.8,86.1,B
7104,22.2,79.9,5.8,79.8,C
7105,13.7,100,4.7,82.9,B
7106,14,97,3.8,78.1,C
7107,17.9,83.9,1.1,79.4,C
7108,17.4,73.9,6.3,78.5,C
7109,19.1,100,5.2,88.7,B
7110,18.9,86.6,5.3,75.7,C
7111,8.1,83.4,8.1,77.9,C
7112,21.9,100,5.8,88.8,B
7113,23.2,78.9,9.8,83.2,B
7114,16.3,81.2,4.9,77.6,C
7115,4.5,82.2,4.1,63.3,D
7116,14.2,69.2,3.5,71.6,C
7117,16.4,88.8,7.4,87.5,B
7118,7,75.9,8.3,67.1,D
7119,12.5,78.2,4.8,73.2,C
7120,5.1,76.5,3.9,65.6,D
7121,19.3,78,9.1,77.4,C
7122,16.2,74.9,3.1,75.6,C
7123,3.5,88,8,75.8,C
7124,17.5,83.1,4.9,84.9,B
7125,14.6,85.6,6.8,81.4,B
7126,18.6,100,8.2,87.1,B
7127,12.3,83.1,7,79,C
7128,9.4,92.3,5.4,80.6,B
7129,9.6,93.6,8.8,80.1,B
7130,11.2,84.2,6.6,79.2,C
7131,15.1,88.3,10,78.1,C
7132,16,85.2,2.6,80.2,B
7133,13.7,87.4,2.6,77.2,C
7134,12,78,8,69,D
7135,12.5,79.1,5.9,76.1,C
7136,32.6,85.2,7.6,88.2,B
7137,9.6,61.3,3.8,62,D
7138,11.1,100,6.1,83.7,B
7139,38.1,100,6.9,100,A
7140,17.9,87,4.9,84.5,B
7141,5.3,93,6.5,75.4,C
7142,20.9,98,3.3,84.8,B
7143,8.6,69.1,6.8,72.8,C
7144,21.4,96.1,8.9,90.3,A
7145,13.5,79.9,3.5,73.1,C
7146,11.9,100,3.4,79.3,C
7147,26.3,82.7,8.4,89.3,B
7148,19,95.9,3.4,86.3,B
7149,21.8,82.9,7.7,83.4,B
7150,18,100,6.1,84.4,B
7151,11.9,78.9,5.2,70.3,C
7152,19.3,99,8.9,84.4,B
7153,23.5,92.5,7.9,94.8,A
7154,15.9,89.9,6.6,79.5,C
7155,27.6,87.7,1.7,83.6,B
7156,21,77,7.4,87,B
7157,16.5,54,3.9,66,D
7158,16.8,97.9,5.6,86,B
7159,16,79.1,6,73.4,C
7160,6.2,99,9.8,86.3,B
7161,14.4,89.2,5.5,79.1,C
7162,16.5,99.4,3.2,78.9,C
7163,12.1,94.6,8.9,80.8,B
7164,17.4,55.4,7.5,77,C
7165,15.1,92.4,7.5,81.9,B
7166,20.4,80.9,9,82.2,B
7167,19.6,99,9.4,90.4,A
7168,16.2,92.1,4.2,80.5,B
7169,5.4,92.2,3.2,71.6,C
7170,27.5,81.7,7.7,90.6,A
7171,14,74,5.5,74.4,C
7172,14.4,79.8,5.7,78.3,C
7173,12.6,63.4,3.8,66,D
7174,11.6,77.9,7.2,81.6,B
7175,25.8,67.4,6.8,80.3,B
7176,24.7,67.7,5.7,83.8,B
7177,18.1,86.4,3.2,76.8,C
7178,14.2,91.4,8.4,79.4,C
7179,19.3,84.6,6.5,77.8,C
7180,15.5,79,8.2,80.9,B
7181,13.7,73.6,1.8,72.4,C
7182,17.4,81.2,6.1,76.1,C
7183,11.9,75.1,4.6,68.8,D
7184,16.8,84.2,6.1,81.3,B
7185,16.4,66.7,7.9,75.8,C
7186,19.2,93.4,6.7,84.4,B
7187,10.7,78.2,6,69.6,D
7188,20,89.5,6,85.4,B
7189,8.7,95.6,2.9,76.3,C
7190,11,88.9,4.2,76.8,C
7191,11.3,94.6,8.2,82.5,B
7192,7.5,60.2,5,60.1,D
7193,22.1,79.1,8.3,85.9,B
7194,8.2,98.2,7.7,81.4,B
7195,10.1,91.1,7.8,75.8,C
7196,23.8,100,6.7,90.9,A
7197,11,100,5.1,81.5,B
7198,13.7,88.6,5.7,78.8,C
7199,7.9,82,7.3,68.3,D
7200,20.8,73.5,1.7,72.3,C
7201,20.9,79.3,8.5,82.3,B
7202,20.2,80.1,5,81.6,B
7203,18.8,77.9,5.8,86.9,B
7204,15.5,74,5.8,75.7,C
7205,11.3,89.8,5.9,74.3,C
7206,9.3,100,3.4,76.5,C
7207,24,96.2,6.3,90.2,A
7208,20.4,81.1,7.2,85.4,B
7209,10.1,97.2,1.9,78.6,C
7210,15.3,89.2,3.4,81.8,B
7211,12.9,84.5,7.8,81.1,B
7212,7.1,83.8,7.4,74.4,C
7213,16.2,82.6,6.6,84.3,B
7214,12.1,92.8,4.6,77,C
7215,8.3,86.7,7.4,76.5,C
7216,4.6,76.3,3.6,64.5,D
7217,4.1,75.7,5.7,60.8,D
7218,12.4,88.7,3.4,79.1,C
7219,14.4,90.1,5.7,82.1,B
7220,8.9,81.2,3.9,63.5,D
7221,19.6,71.4,7.5,82.4,B
7222,14.5,100,6.9,84.2,B
7223,19,97.5,4.9,88.2,B
7224,13.7,61.2,8.2,72.3,C
7225,9.5,100,4.1,74,C
7226,15.8,82.5,5.9,78.7,C
7227,6.2,87.3,4.8,69.1,D
7228,18.8,98.7,7.5,84.9,B
7229,8.4,100,7.3,83.7,B
7230,21.4,97,8.6,92.5,A
7231,12.6,87.9,6.2,83,B
7232,22.4,68.5,0.1,70.4,C
7233,7.1,60.7,5.1,60.5,D
7234,10.3,95.5,9.1,85,B
7235,17.7,100,5.4,83.2,B
7236,23.2,75.2,2.2,76.1,C
7237,26.7,81.8,6.9,89.3,B
7238,15.3,78.3,7,77.7,C
7239,27.9,78,4.5,83,B
7240,13,97.9,5.5,77.4,C
7241,22.7,87.6,4.3,86.5,B
7242,8.4,82.2,7,73.3,C
7243,17.9,100,6.1,88.6,B
7244,0,67.8,3.7,60.3,D
7245,7.1,91.6,6,78.8,C
7246,18.3,72.4,4.5,74.5,C
7247,5.8,83.1,8.9,73.9,C
7248,18,86.8,7.8,80.8,B
7249,21.3,95.1,5.8,85.5,B
7250,11.5,81.9,6.2,76.5,C
7251,8.2,80.6,8,72.4,C
7252,11.7,81.7,5.7,75.9,C
7253,8.2,72,7.5,75.5,C
7254,14.3,92.6,9,83.5,B
7255,15.7,88.4,5,75.7,C
7256,12.9,90.2,9.3,82,B
7257,26.7,84.2,8.7,86.5,B
7258,10,82.7,6.5,79,C
7259,24.7,99.1,5.1,90.6,A
7260,7.7,97.3,6.5,76.4,C
7261,15.5,100,5.5,82.6,B
7262,23.3,89.5,4.4,81.4,B
7263,22.9,100,7.1,94.7,A
7264,12.1,80,4,78.1,C
7265,18.9,82.6,5.3,75.8,C
7266,17.9,99.3,5.3,88.8,B
7267,11.2,95.1,3.3,75.8,C
7268,19.3,81.5,7.3,86.4,B
7269,28,72.4,5.5,78.3,C
7270,18.3,82.6,8.6,84.4,B
7271,19,76.8,5.5,77.3,C
7272,19.7,100,5.2,89,B
7273,4.8,94.1,4.2,72.7,C
7274,18.2,75.8,6.1,78.3,C
7275,7.9,72.5,6.1,69,D
7276,10.9,75.7,7.5,79.1,C
7277,30.1,78.3,6.1,87.6,B
7278,13.2,83,10,84.4,B
7279,9.8,98.4,6.9,83,B
7280,23.1,73.4,4,81.2,B
7281,8.4,100,3.9,73.9,C
7282,11.9,73.7,7.1,76,C
7283,23.7,68.1,4,78.1,C
7284,15.3,100,7.2,82.5,B
7285,4.1,100,7.8,77.8,C
7286,18.8,82.8,7.8,90.2,A
7287,12.2,89.6,4.3,75.4,C
7288,25.8,89.9,7.8,90,A
7289,10.8,86.6,6.6,78.6,C
7290,22.4,69.4,4.8,75.9,C
7291,27.4,55.2,5.7,77.7,C
7292,9,74.9,6.9,70.7,C
7293,13.6,100,4.7,83,B
7294,17.7,100,6.6,87,B
7295,9,81.9,8.9,82.7,B
7296,16.9,73.5,7.9,78.8,C
7297,13.4,88.3,6.2,78.6,C
7298,13.3,90.3,6.5,83.3,B
7299,15.3,92.2,4.9,76.4,C
7300,15.5,54.7,5,72.4,C
7301,16.1,100,2.9,78.7,C
7302,10.8,98.6,6.5,85,B
7303,11.1,82.6,7.4,81.3,B
7304,14.2,76.4,5.9,73.6,C
7305,14.7,96.8,4.2,79.7,C
7306,11.9,90.9,6.1,78.7,C
7307,17.3,86.1,8.7,86.2,B
7308,2.3,90.5,7.8,70.7,C
7309,9.9,83.6,5.9,74.3,C
7310,13,89.8,10,83.2,B
7311,9,93.7,10,79,C
7312,26.4,89.1,5,84.8,B
7313,15.1,88.5,5.5,80.2,B
7314,16.2,100,7.4,87.4,B
7315,11.6,65.8,4.2,65.1,D
7316,14.9,75.4,7.7,77.8,C
7317,6.5,85.3,6.2,71.1,C
7318,13.8,76.2,6.7,79.8,C
7319,8.4,80.2,4.8,70.7,C
7320,13.1,100,4.4,84.4,B
7321,0,83.2,2,57.3,F
7322,7.1,63,9,69.8,D
7323,25.2,79.9,7.9,89,B
7324,20.8,85.7,7.3,84.9,B
7325,24.2,85.5,6.7,85.4,B
7326,24.7,91.7,1.4,82.7,B
7327,19.7,90.7,4.5,85.1,B
7328,11.8,83.3,5.5,71.8,C
7329,7.7,70.7,3.8,68,D
7330,23,79.7,2.6,80.1,B
7331,15.5,77.5,4,73.6,C
7332,32.5,81.6,6.1,90.4,A
7333,12.4,93.3,6.1,80.4,B
7334,28.8,89.8,7.8,98.3,A
7335,13.9,94.9,10,87.6,B
7336,24.4,80.4,7.4,83.2,B
7337,26.9,100,5.6,91.6,A
7338,7.8,93.1,9.6,77.5,C
7339,11.6,86.3,2.8,67.5,D
7340,7.8,92.2,1.8,67.8,D
7341,6.4,76.9,4.2,67.9,D
7342,19.7,59.7,7.6,79.2,C
7343,13.6,77.7,6.3,78.8,C
7344,15.4,94,3.7,76.4,C
7345,18.9,86,4.5,78.2,C
7346,2,83.4,3.5,62.9,D
7347,24,74.8,3.5,71.4,C
7348,12.6,61.5,9.1,72,C
7349,18.7,100,5.7,89.3,B
7350,19.3,82.5,9.5,84.9,B
7351,24.6,79.8,4.2,78.5,C
7352,14.3,76.9,7,74.2,C
7353,0.1,100,6.5,72.9,C
7354,15.4,95.6,7.8,87.6,B
7355,16.4,73.4,6.5,76,C
7356,7.8,99,8,82.9,B
7357,16,83.3,7.1,80.3,B
7358,12.5,77.7,3.8,72.6,C
7359,5.6,81.5,7.5,69.7,D
7360,19.7,75.6,5.8,76.9,C
7361,11.1,69.1,4.4,64.8,D
7362,12.2,94.3,7.4,83.7,B
7363,11.8,82.4,7.8,77,C
7364,23.6,92.4,5,76.2,C
7365,14.7,88.4,5.3,80.7,B
7366,15.6,91.6,3.2,81.4,B
7367,11.9,60.4,2.4,61.1,D
7368,18.2,74.6,5.5,78.6,C
7369,24.4,91.8,7.6,89.9,B
7370,19.5,69.7,4.9,69.2,D
7371,19.8,89.5,8.9,93.6,A
7372,19.2,68.3,5.6,75.1,C
7373,5.3,85.2,5.6,72,C
7374,8.9,100,5.4,77.3,C
7375,13.6,94.3,8,82.8,B
7376,9.9,62.8,4.1,65.4,D
7377,7.5,95.2,5.7,73.7,C
7378,1.9,100,4.9,78.4,C
7379,5.6,100,4.9,78.5,C
7380,13.2,90.7,6.1,81.4,B
7381,14.5,68.6,5.8,72.1,C
7382,9.4,90.2,8.1,77,C
7383,15.6,100,6,87.9,B
7384,12,82.8,7.1,79.1,C
7385,22.6,97.5,6.3,88.5,B
7386,13.9,74.9,8.8,74.7,C
7387,19.9,89.5,5.4,78.9,C
7388,16.4,55.1,5.4,68.7,D
7389,5.2,73.6,7.5,68.6,D
7390,14.4,84.9,5.4,81.3,B
7391,6.4,80.6,7,75.2,C
7392,14.2,69.4,10,77.8,C
7393,9.8,79,4,70.4,C
7394,17.7,89,9.1,82.7,B
7395,5.6,84,5,73.6,C
7396,15.1,85.7,8.7,82.4,B
7397,19,93.8,7.4,88.7,B
7398,21.4,80.9,7.2,87.3,B
7399,9.7,100,5.7,78.4,C
7400,15.1,73.1,5.5,71.8,C
7401,16.3,100,4.6,91.1,A
7402,25.8,98.4,6,93.8,A
7403,4.6,80.7,5.6,68.5,D
7404,8.6,81.5,6.4,77.2,C
7405,34.6,87.5,3.2,90.4,A
7406,13.1,92.2,6,81.2,B
7407,1.8,98.1,8.5,75.2,C
7408,10.9,68.9,7.9,72.4,C
7409,0,90.2,6,68.9,D
7410,16.7,59.6,10,73.7,C
7411,20.7,82.9,4.8,81.9,B
7412,8.6,100,5.8,77.5,C
7413,11.7,68,3.1,68.7,D
7414,21.5,65.8,5.2,75.1,C
7415,2.7,87.6,9.6,69.9,D
7416,5.7,100,5.3,78.5,C
7417,13.4,88.9,2.9,77.5,C
7418,9.7,62.1,7.7,75.7,C
7419,12.9,64.8,6.8,71.2,C
7420,6.2,86.2,7.7,75.4,C
7421,16.5,70.8,5.4,75.8,C
7422,14,86.6,4,79.5,C
7423,18.8,87.4,5.6,85.2,B
7424,16.4,79.1,7.1,80.3,B
7425,16.4,100,5.9,85.3,B
7426,4.9,92.1,6.8,77.5,C
7427,18.4,99.5,4.9,85.4,B
7428,12.7,96,6.9,78.4,C
7429,13.8,83.2,6,73,C
7430,22.3,82.7,4.6,81.1,B
7431,10,81.4,6.3,74.7,C
7432,24.5,93.2,5.2,95.6,A
7433,25.1,77.2,7.2,84.9,B
7434,20.3,100,7.7,90.6,A
7435,8.1,76,7,70.7,C
7436,0,87.6,2.7,66.7,D
7437,22.6,82.3,4.1,82.2,B
7438,15.8,79.6,4.7,74.2,C
7439,9.8,100,4.4,75.6,C
7440,23.2,79.7,4.9,80.8,B
7441,9,81.3,7.9,72.9,C
7442,12,77,7.4,74.9,C
7443,18.7,85.5,5.2,81.4,B
7444,7.2,83.8,7.2,72.7,C
7445,14.2,71.6,6.7,78.8,C
7446,22.6,79.9,5.9,86.3,B
7447,16.5,92.3,8.3,84.9,B
7448,23.7,97.3,4.7,85.6,B
7449,22.9,85.3,6.1,85.1,B
7450,15.1,85.7,3.9,76.4,C
7451,0,80.7,4,63.6,D
7452,7.3,79,3.3,66.6,D
7453,20.3,74,4,73.6,C
7454,4.1,66.3,6.2,64.5,D
7455,12.7,76.6,5.4,72.5,C
7456,17.4,95.8,5.5,83.3,B
7457,25.3,79.9,5.4,84.5,B
7458,11,80.8,9.5,78.6,C
7459,10.5,80.6,3.7,71.6,C
7460,14.6,99.9,3.5,80,B
7461,17.5,73.9,4.3,75.9,C
7462,13.9,88.3,5.9,77.1,C
7463,22.3,84.2,7,82.2,B
7464,9.4,85.8,7.2,74,C
7465,15.8,87.9,7.9,81,B
7466,18.1,85.7,5.8,77.5,C
7467,12.2,94.5,5.2,74.3,C
7468,20.9,84.6,9.3,88.8,B
7469,16,100,0.4,82.4,B
7470,20.5,85.5,6.1,85.2,B
7471,16.4,64.6,6.9,72.3,C
7472,17.6,92.7,9.7,83.1,B
7473,10.6,89.7,2.7,74,C
7474,10.6,85.4,5.2,70,C
7475,23.6,81.9,3.3,80.8,B
7476,19.4,59.6,2.4,66.5,D
7477,7.8,61.6,5.6,57.9,F
7478,16.3,100,7.7,91.8,A
7479,0,78,8.4,64.4,D
7480,11,96.6,4.9,77.9,C
7481,21.7,65.8,7.3,78.4,C
7482,14.1,72.4,5.6,72,C
7483,15.8,93.1,7.1,85.3,B
7484,0,83.8,8.3,67.9,D
7485,12.3,91.5,5.6,80,B
7486,17.4,84.8,8.2,84.3,B
7487,18.3,82.5,3.6,73.6,C
7488,21.7,76.8,7.3,83.4,B
7489,13.5,70.7,8.1,72.1,C
7490,13.8,100,7.9,82.3,B
7491,5.7,100,3.6,75.5,C
7492,13.6,72.5,5.6,71.8,C
7493,6.2,71.8,6.6,69.5,D
7494,2.1,80.8,6.9,70.1,C
7495,7.4,89.1,6.2,70.8,C
7496,25.6,82.8,8.9,91.8,A
7497,13.1,91,3.4,77.5,C
7498,16.5,84.4,5.5,77.7,C
7499,11.4,83.6,2.6,71.4,C
7500,2.5,100,7.2,78.8,C
7501,21.6,78.7,7.1,82.1,B
7502,0,100,10,84.3,B
7503,11.1,100,8.1,88.5,B
7504,14.6,91,6.7,82.1,B
7505,16.6,61.9,6.5,71.9,C
7506,9.9,85.4,5.4,74.1,C
7507,2.1,78.8,6.3,65.7,D
7508,9.4,85.2,6.6,76,C
7509,9.8,72.2,2.1,67.9,D
7510,9.6,94.1,6.4,74.7,C
7511,21.8,96.8,6.2,90.6,A
7512,6.5,99,9.5,84.7,B
7513,17.1,80.4,5.7,80.4,B
7514,16.1,72.3,4.5,73.1,C
7515,21.7,89.2,6.5,87.8,B
7516,14.1,100,6.1,87.8,B
7517,20.5,85.8,5.7,83,B
7518,13.8,90.4,3.4,77.1,C
7519,18,82.2,5.7,86.3,B
7520,4.5,79,4.8,68.5,D
7521,0,92.9,5.6,67.1,D
7522,17.6,83.7,7.5,84.9,B
7523,18,89.8,4.7,82.6,B
7524,18.3,91.1,5.6,81.2,B
7525,11.3,89.2,7.1,75.8,C
7526,25.4,91.7,5.5,89.4,B
7527,11.8,74.8,10,77.6,C
7528,17.9,74,6.5,74.2,C
7529,19.2,84.5,3.5,78.7,C
7530,27,84.8,4.3,85.5,B
7531,12.8,78.7,4.1,72.7,C
7532,10.4,87.9,4.3,76.2,C
7533,4.5,95.9,7.1,71.1,C
7534,25.9,99.3,3.8,86.3,B
7535,17.9,100,5.3,84.4,B
7536,18.2,69.2,8.3,82.5,B
7537,36.8,71,5,96.2,A
7538,17.3,81.5,7.3,81.1,B
7539,5.9,86,2.6,68.7,D
7540,13.6,82.1,5.3,68.8,D
7541,8.2,78.4,4.2,72.1,C
7542,12.2,81.3,6.6,77.7,C
7543,12.2,90.8,3.9,77.4,C
7544,10.9,69,10,71.3,C
7545,5.2,100,2.7,79.1,C
7546,26.1,85.3,8.3,94.8,A
7547,17.1,97.6,7.8,88.1,B
7548,13.4,78,6.6,79.1,C
7549,20.3,91.9,6.1,85.8,B
7550,18.3,86.2,9.7,88.9,B
7551,16.9,95.3,10,85.1,B
7552,19.8,82.6,5.6,74.5,C
7553,15.9,100,6.3,81.7,B
7554,19.7,67.1,4.9,72.4,C
7555,20.3,96.4,3.7,82.4,B
7556,16.1,86.4,6.9,82.9,B
7557,13.5,72.8,6.5,73.3,C
7558,25.7,100,2.8,88.5,B
7559,11.7,100,6.9,79.5,C
7560,17.7,60.1,6.6,69,D
7561,17.9,87.1,4.8,80.7,B
7562,10.7,93.5,4.7,75.7,C
7563,9.3,90.3,6.8,77.7,C
7564,12.5,100,9.2,88.1,B
7565,11.6,100,6.8,87.7,B
7566,4.8,88.2,7.6,74.4,C
7567,10.4,100,4.3,84.5,B
7568,16.9,96.2,5.2,84.7,B
7569,23.9,80.8,7.2,87.7,B
7570,18.9,78.4,3.3,79.5,C
7571,0,99.9,6.4,75.8,C
7572,19.5,75.5,7,77.8,C
7573,11.1,80.1,5.9,77.5,C
7574,18.2,82.1,6.6,80,B
7575,14.9,89.3,6.1,81.6,B
7576,13.7,82.7,4.8,76.1,C
7577,14.3,69.2,3.6,73.4,C
7578,14.8,98.9,5.8,84.9,B
7579,24.4,80.1,8.6,83.3,B
7580,14.9,100,8,93.1,A
7581,22.6,88.6,5.3,87.7,B
7582,21.6,100,5.3,86.9,B
7583,19.7,92.6,5.1,80.8,B
7584,2.5,100,5.1,76.9,C
7585,22.8,91.8,6.6,85,B
7586,11.8,87.8,8.1,82.6,B
7587,20,98.1,10,95.5,A
7588,8.2,100,4.3,75.4,C
7589,6.7,81.8,7.3,71,C
7590,28.8,94.5,7.1,92.8,A
7591,8.3,84.9,5.3,70.2,C
7592,23,91.1,3.9,85.5,B
7593,15.8,85.5,6.6,81.6,B
7594,12.1,59.1,10,74.5,C
7595,14.7,82.6,6.5,76.1,C
7596,5.9,97,4.4,77.2,C
7597,14.9,75.8,5.7,72.3,C
7598,7.4,96.1,3.7,77.1,C
7599,12.2,87.2,6,73.4,C
7600,21.5,82.7,7.4,89.4,B
7601,16.8,95.9,4.6,81.1,B
7602,4.6,93.2,0,68.8,D
7603,21,90,6.6,88,B
7604,15,97.2,5,78.4,C
7605,11.2,87.4,4.5,77.8,C
7606,20.2,65.3,4.5,72.4,C
7607,13.8,80.5,6.8,76.6,C
7608,6.8,63.3,5.2,62.1,D
7609,27.9,92.9,7.9,98.7,A
7610,14.9,95.8,7.9,81.6,B
7611,14.4,96.3,5.5,83.3,B
7612,12.2,90.9,5,75.9,C
7613,23.3,96.6,6.3,93,A
7614,11.3,66.1,5.7,76.1,C
7615,4.2,83.7,2.5,64.4,D
7616,10.2,68,9.8,74.4,C
7617,24.3,80.7,7.4,85,B
7618,20.8,100,5.1,90.8,A
7619,13.2,98.1,2.2,77.1,C
7620,24.6,92.9,5.6,91.4,A
7621,20.2,82.8,4.8,79.6,C
7622,13.1,73.1,5.9,79.9,C
7623,13.8,87.2,1.7,67.2,D
7624,17.3,98.3,5.1,85.6,B
7625,9.2,89.9,5.2,75.4,C
7626,15,66,5.6,71.6,C
7627,17.2,86.3,5.5,81.4,B
7628,3.2,62,6.1,62.2,D
7629,13.7,94.7,9,85.8,B
7630,12.9,76.7,5,74.5,C
7631,22.2,70.3,4.2,82.2,B
7632,2.1,94.8,2.5,60.5,D
7633,12.3,91.7,5,83.8,B
7634,11.6,87.8,3.2,81.8,B
7635,21.7,100,7.9,86.5,B
7636,14.7,92.6,5.8,81.5,B
7637,27.6,77.3,7.9,92.1,A
7638,19.6,91.2,8.9,91,A
7639,12.1,81.6,4.3,78.6,C
7640,16.7,100,5.3,86,B
7641,12.5,88.4,8.7,75.5,C
7642,21,89.6,6.4,89.6,B
7643,5.7,67.7,7,69,D
7644,9.2,85.7,8.1,81.9,B
7645,18.2,84.3,7.8,78.7,C
7646,23.6,72.7,6.8,78.4,C
7647,0,82.3,8.8,70.2,C
7648,24.6,90.2,5.9,92,A
7649,14,84.9,7,84.4,B
7650,1.8,68.1,5.6,60.5,D
7651,0,81.7,8,67.8,D
7652,4.3,79.4,4.6,75.9,C
7653,14.9,87.3,2.6,74.1,C
7654,14.5,86,7.3,82.7,B
7655,19.4,80.1,4,76.8,C
7656,11.2,79.6,3.8,73,C
7657,7.2,85.8,8.5,74,C
7658,12.1,96.6,7.9,80.8,B
7659,15.2,88.3,5.3,78.5,C
7660,16.6,100,0,76.8,C
7661,9.5,98.6,7.1,80.2,B
7662,21.3,100,7.3,92.4,A
7663,10.7,100,7,88.1,B
7664,8.9,100,6.9,79.2,C
7665,11.2,71.2,5.6,67.8,D
7666,22.5,92.8,5.2,86.5,B
7667,14.1,99.6,3.8,78.4,C
7668,10.1,100,4.6,74.2,C
7669,21.5,75.8,6.6,84.5,B
7670,30,92.9,6.7,94.2,A
7671,16.5,85.9,7.6,82.9,B
7672,23.6,100,3.2,81.8,B
7673,22.3,68.4,2.7,72.8,C
7674,10.8,75.8,5.2,67.4,D
7675,15.2,63.3,4,68.9,D
7676,6,86.7,6.4,73.8,C
7677,13.6,100,3.4,80.6,B
7678,10.6,84.5,8.4,76.4,C
7679,12.2,86.2,4.4,72.8,C
7680,9.8,91.6,9.2,80.7,B
7681,13,83.6,7,79.4,C
7682,18.7,89.4,3.9,79.2,C
7683,14.2,89.7,10,82.1,B
7684,1.9,74.9,6.5,63.6,D
7685,9.8,83.9,6.3,73.1,C
7686,4.4,93.9,5.9,72.8,C
7687,16.7,96.1,6.9,82.2,B
7688,18.5,100,7.1,87,B
7689,16.8,89,4.3,83.5,B
7690,9.5,89.3,5.6,75.1,C
7691,16.7,94,6.2,80.1,B
7692,11.7,77.9,7.2,68.6,D
7693,7,77.4,7.2,77.3,C
7694,20.2,83.5,6.3,86.2,B
7695,20.7,69.7,4.9,77.4,C
7696,21.6,89.9,4.8,87.8,B
7697,10.7,97.6,3.6,79.1,C
7698,23.3,76.5,7.2,83.4,B
7699,11.5,90.2,4.8,73.1,C
7700,19.6,77.5,5.6,85,B
7701,11.4,72.8,6.5,71.2,C
7702,13.4,100,6,82.1,B
7703,0,73,6,63.6,D
7704,12.9,69.6,4.2,69.9,D
7705,15.6,87.6,6.5,82.8,B
7706,12.1,88.2,5.4,78.7,C
7707,27.3,93,5.8,89.2,B
7708,6.9,100,8.3,81.2,B
7709,11.1,75.7,7,75.6,C
7710,8.7,78.1,4.9,68.4,D
7711,11.1,100,5.7,85.5,B
7712,22.2,96.3,9.2,92.3,A
7713,25.3,94.6,5.4,94.3,A
7714,10.1,77.9,6.1,68.7,D
7715,9.9,98.5,7.3,83.7,B
7716,6.9,94.6,6.4,74.3,C
7717,24.1,87.3,5.3,83.9,B
7718,22.8,78,4.5,83.3,B
7719,14.3,86.3,6,78.2,C
7720,5.2,100,7.3,86.5,B
7721,5.9,71.9,8.6,72.2,C
7722,16.2,75.4,3.1,70.9,C
7723,18.8,77.5,9.5,85,B
7724,0.5,80.1,5.4,65,D
7725,12.8,84.8,7.8,82,B
7726,26.3,96.5,4.5,89,B
7727,13.5,90.5,2.8,77.3,C
7728,25.4,85.7,3.4,84.6,B
7729,19.5,88.3,5.3,83.1,B
7730,7.4,92.5,7,80.4,B
7731,13,64.8,6.1,64.9,D
7732,14.1,97.9,5.5,82.7,B
7733,8.3,75.1,8.2,71.1,C
7734,8.2,79.7,6,68,D
7735,25.5,89.1,6.6,86.6,B
7736,8.2,84.1,10,76.5,C
7737,22.5,90.8,6,86.1,B
7738,11.9,86.7,4.6,76.7,C
7739,14.8,81.5,7,80.4,B
7740,18.9,100,7.5,87.9,B
7741,10.8,93.5,6.6,84.4,B
7742,19,88.6,6.3,82.6,B
7743,0.7,93.3,9,69,D
7744,18.1,76.5,8.7,80.5,B
7745,0,100,5.8,73.1,C
7746,13.4,71.9,4.7,61.8,D
7747,21,86.4,6.9,88.7,B
7748,19.4,81.6,4.7,79.2,C
7749,5.9,81.1,7.8,69.5,D
7750,6.8,79.5,6.8,69.1,D
7751,10.2,75.7,10,79.2,C
7752,16.3,99.3,8.9,91.3,A
7753,0.8,70.5,3.8,58.6,F
7754,14.9,96.8,5,77.9,C
7755,17.2,92.8,2.2,79.3,C
7756,13,80.4,1.7,71.7,C
7757,18.7,91.4,6.2,86.1,B
7758,16.6,83.1,3.6,75,C
7759,11.2,71.8,9.3,75,C
7760,1.4,71.9,8.3,67,D
7761,15.9,92.9,5.5,84.8,B
7762,8.3,92.2,5.3,79.9,C
7763,11,87.9,9,85.4,B
7764,18.4,80.3,9.4,87.9,B
7765,24.9,82.7,4.1,88.9,B
7766,14.7,81.1,3.9,77.9,C
7767,18.9,64,5.4,71.9,C
7768,4.9,85.7,6.9,77.4,C
7769,16.7,91.3,5,77.2,C
7770,14.6,85.8,6.9,87.2,B
7771,23.6,100,9.9,92.7,A
7772,11.2,72.9,3.2,71.2,C
7773,13.3,77.1,5.1,78.2,C
7774,22.4,86.6,3.2,83.2,B
7775,14.4,87.9,4.3,71.5,C
7776,7.2,62.2,5.4,61.5,D
7777,32.9,92.2,4.5,94.4,A
7778,7.4,88,7,77.6,C
7779,14.5,59.6,6.3,69.4,D
7780,17.4,83.6,6.6,81.3,B
7781,16.9,75.3,5.4,71.8,C
7782,13.7,79.6,5.6,80.9,B
7783,13.7,68.9,5.3,70.3,C
7784,13.4,90,5.5,81.4,B
7785,7.2,100,6.8,83.8,B
7786,30.1,88.2,2.2,83.4,B
7787,13.5,59.1,6.6,69.6,D
7788,19.2,88.4,4.3,82.2,B
7789,12.7,82.7,5.3,74.9,C
7790,12.5,71.8,2.9,71.5,C
7791,11.8,89.2,5.3,75.3,C
7792,4.2,95.6,6.6,75.5,C
7793,13.9,77,6.9,75.3,C
7794,12.2,65.3,3.6,73.9,C
7795,23.2,60.9,6.8,75.5,C
7796,6.6,77,8.3,74.9,C
7797,11,83.1,5,79.6,C
7798,8.7,78.8,6,69.4,D
7799,25.1,76.8,1.9,79,C
7800,8.9,91.8,4.2,71.8,C
7801,18.9,90.6,6.5,78.6,C
7802,21.8,87.4,7.9,84.9,B
7803,14,94.8,4.8,78.7,C
7804,5.4,77.1,10,72.3,C
7805,5.5,71.9,6.6,67,D
7806,21,78.7,3.5,78.3,C
7807,6.2,77.9,8.6,69.4,D
7808,17.7,60.4,3.5,70.3,C
7809,15.8,78.5,6.7,81.7,B
7810,17.6,98.3,4.1,87.6,B
7811,18.3,94.6,3.3,80.9,B
7812,8.5,91.3,7.9,81.4,B
7813,8.2,86.6,5.5,71.8,C
7814,20,100,9.5,91.3,A
7815,10.6,72.3,4,69.9,D
7816,0,73.4,2.9,58.9,F
7817,19.5,98.5,5,82.4,B
7818,7.7,85.3,10,81,B
7819,18.3,76.9,7.7,78.1,C
7820,24.7,91.6,7.1,88.5,B
7821,15.1,79.7,7.2,81.8,B
7822,22,74.9,5,81.1,B
7823,16.1,74.6,10,81.4,B
7824,26.1,88.9,6.9,85.5,B
7825,7.6,87.5,6.7,71.7,C
7826,14.9,100,8,88,B
7827,19.7,81.5,3.5,80.2,B
7828,13.7,81.3,4.2,75.4,C
7829,23.1,100,5.5,88.5,B
7830,12,96.8,8,81.9,B
7831,29.5,86.7,3.4,88.1,B
7832,29.9,66.3,5.9,79.5,C
7833,17,75.3,5.6,76.8,C
7834,18.9,72.4,2.9,69.5,D
7835,23.3,85.4,5,81.1,B
7836,6.7,78.9,7.1,72.5,C
7837,5.8,100,3,75.8,C
7838,23.8,66.1,8.8,83.3,B
7839,16.9,71.1,6.9,73.3,C
7840,13.4,87.9,6.7,74.1,C
7841,15.1,91.3,6,81.4,B
7842,0,54,3.8,48.3,F
7843,13.7,64.2,4.7,71.8,C
7844,9.7,81.8,6.7,71.6,C
7845,21.4,100,4.7,94.4,A
7846,22,100,6.4,87.2,B
7847,19,80,4.2,79.5,C
7848,17.8,83,6.9,79.3,C
7849,4.5,75,7.1,68.3,D
7850,19.1,92.6,2.7,81.5,B
7851,19.4,100,6.1,90.5,A
7852,23.7,100,3,90.4,A
7853,29.8,84.7,2.3,87.8,B
7854,3.2,74.9,4.8,68.2,D
7855,12.3,85.1,10,80,B
7856,9.8,100,7.6,84.4,B
7857,16.2,80.2,8.8,80.5,B
7858,15.1,63.2,7.2,75.7,C
7859,13.4,80.7,6.4,77.1,C
7860,22.2,81.7,7.8,87.2,B
7861,7.3,63.1,4.7,64.7,D
7862,7.7,87.8,6.9,78,C
7863,7.8,91.1,8.4,76.3,C
7864,12.5,100,7.4,79.5,C
7865,6.4,69,8.5,72.8,C
7866,14.7,93.8,6.4,86.4,B
7867,13.8,96.6,9.4,86.1,B
7868,9.5,91.2,5.6,79.1,C
7869,21.1,72.9,10,79.2,C
7870,14.6,72.2,7.1,73.6,C
7871,22.4,86.2,5.2,84.4,B
7872,13.6,86.1,3.6,70.4,C
7873,14.8,78.3,4.4,70,C
7874,11.1,100,4.1,79.7,C
7875,15,80.2,5.8,75.3,C
7876,20,62.3,3.5,70.5,C
7877,12.1,82.3,8.6,77.8,C
7878,18.6,90.8,6.2,80.3,B
7879,9.3,89.1,6.1,75.8,C
7880,20.3,89,3.7,81.6,B
7881,10.9,100,4.5,77.8,C
7882,21,71.6,1.6,71.9,C
7883,15.4,79.9,9.2,80.8,B
7884,25.6,100,3.2,91.5,A
7885,6.9,61.4,3.3,61,D
7886,4.7,84.4,8.8,68.7,D
7887,10.7,99.7,6.8,78.5,C
7888,5.3,99.6,6.2,80.1,B
7889,5.3,92.9,6.7,73.4,C
7890,19.4,93.2,7.9,87.3,B
7891,15,72.5,6.2,80.5,B
7892,11.6,100,2.9,80.1,B
7893,12.3,70.6,7.5,67.1,D
7894,10.8,71.3,6.8,76.3,C
7895,26.6,89.7,8.3,92.7,A
7896,9.9,79.1,3.5,71.2,C
7897,5.7,87.5,4.5,72.2,C
7898,20.6,90.2,6.8,88.8,B
7899,13.5,100,4.1,80.8,B
7900,29.3,90.2,1.3,81.5,B
7901,11.3,77.6,6.4,75.1,C
7902,20.9,93.1,7.8,84.4,B
7903,22.6,75,5.7,86.3,B
7904,11.4,96,7.1,80.5,B
7905,9.8,85.8,6.8,76.2,C
7906,20.2,89.8,6,82.7,B
7907,19,63.6,6.3,75.7,C
7908,5.1,58,8.7,66.5,D
7909,7.1,67,4.1,62.3,D
7910,0,100,7.5,76.4,C
7911,19.2,71.2,3.6,74.6,C
7912,13.2,93.8,4.4,78.6,C
7913,13.9,77.3,8.4,76,C
7914,3.2,82.1,3.6,73.2,C
7915,7.3,84.5,5.5,76.1,C
7916,11.7,100,10,88.9,B
7917,10.3,92,8.1,83.9,B
7918,15.8,89.6,4.5,80.5,B
7919,19.1,100,4.9,85.1,B
7920,30.9,77.4,5.7,79.9,C
7921,14.9,97.8,8.6,83.1,B
7922,22.8,95.8,4,92.9,A
7923,9.2,95.7,3.9,79.5,C
7924,3.3,83.1,7.4,71.9,C
7925,12.5,79.8,2.6,66.5,D
7926,3.8,74.6,4.2,66.6,D
7927,15.1,75.3,5.8,74.6,C
7928,9.5,74,5.9,73,C
7929,1.3,89.4,3.3,63.8,D
7930,27.2,82.3,6.7,86.6,B
7931,11.2,90.2,7.1,82.1,B
7932,3.5,90.9,4.7,76.8,C
7933,21.3,72.3,9.3,81.2,B
7934,9.9,71.9,6.7,68.3,D
7935,22.6,82.3,4,84.4,B
7936,9.9,75.7,9.2,72,C
7937,11.2,74.4,5,67.6,D
7938,17.4,100,6.4,87.5,B
7939,19.2,66.6,5,80.6,B
7940,20.4,100,7.2,87.4,B
7941,14.4,88.5,5,77.6,C
7942,18.7,96.8,5.2,85.4,B
7943,20.2,95.4,5.7,84.9,B
7944,16.4,92.4,5,76.3,C
7945,14,100,8.1,88.7,B
7946,4.9,72,3.5,64.3,D
7947,19.2,83.1,5.9,82.5,B
7948,15.3,74.8,6.2,75.4,C
7949,12.1,64.6,5.8,73.8,C
7950,23.9,77.1,7.9,83.7,B
7951,5,100,3,70.1,C
7952,26.5,82.9,7.1,93.3,A
7953,14.8,100,3.5,74.7,C
7954,17.2,100,5,84.4,B
7955,12.2,100,3.3,78.9,C
7956,3.3,100,5.3,74.6,C
7957,14,100,4.8,77.7,C
7958,17.3,88.9,9.3,82.6,B
7959,19.7,87.7,6.5,87,B
7960,13.6,88.5,6.9,84.5,B
7961,0,85,3.8,63.9,D
7962,4.2,86.8,7.5,70.6,C
7963,29.4,94,9.3,91.6,A
7964,7.4,79.4,7.7,76.2,C
7965,25,68.5,3.4,80.4,B
7966,8.5,89.4,5.1,66.2,D
7967,13.7,76.7,6.2,68.1,D
7968,19.4,77.9,4.8,78.8,C
7969,9.3,83.3,10,79.7,C
7970,26.1,80.5,5,83.2,B
7971,15.5,98.3,5.9,84,B
7972,18.2,83,4.8,78.6,C
7973,13.1,98.9,6.5,83.3,B
7974,19.6,87.5,8.8,84,B
7975,26.1,83.9,6.2,87.2,B
7976,14.1,86.9,5.6,76.5,C
7977,27.1,69.5,3.9,77.7,C
7978,10.7,89.1,8.4,74.6,C
7979,20.3,95.2,5.7,85.9,B
7980,18.4,96.9,5.6,87.9,B
7981,7.5,68.8,1.3,61,D
7982,16.5,66.8,5.7,72.2,C
7983,15.1,78.6,5.2,79.6,C
7984,9,100,2.3,78.7,C
7985,17.5,87.7,8,89.5,B
7986,16,75.7,4.9,82,B
7987,14.5,67.6,9.8,77.1,C
7988,14.5,76.8,8.8,75.7,C
7989,14.4,76,4.6,72,C
7990,12.4,96.2,8.7,86.2,B
7991,16,97.2,9.2,92.3,A
7992,10.5,72.4,4.9,66.6,D
7993,33.6,94,3.9,94.5,A
7994,5.1,92.8,1.7,66.9,D
7995,10.9,70.8,6.8,71.4,C
7996,11.5,84,4.1,73.2,C
7997,29.3,89.1,6.8,93.4,A
7998,5.8,87,4.9,77.6,C
7999,18,64.5,4.4,73.5,C
8000,16.7,86.6,4.9,78.3,C
8001,17.3,92.6,3.4,78.6,C
8002,23.7,100,4.9,89,B
8003,23.5,77,4.5,78.2,C
8004,11.8,78.5,6,74.7,C
8005,16.4,82.5,6.2,72.2,C
8006,2,88.5,3.9,67.3,D
8007,15.7,86.2,8.2,82.2,B
8008,9.4,92.3,5.7,73.6,C
8009,13.7,71.5,9,75.7,C
8010,3.2,89.8,6.5,75.9,C
8011,17.8,76.1,6.1,81.7,B
8012,3.1,83.3,5,66.7,D
8013,16,100,7.2,88.3,B
8014,6.4,68.2,6.1,62.2,D
8015,9.1,81.6,7.7,74.6,C
8016,23.1,69.7,9.2,84.1,B
8017,19.1,86.8,4.5,85.6,B
8018,23,97.6,7.2,94.7,A
8019,25.9,87,7.2,90,A
8020,9.6,83.6,6.9,72.9,C
8021,25.5,100,5.1,95.4,A
8022,4.7,89,5.2,70.8,C
8023,20.2,94.8,4.8,86.5,B
8024,11.5,93.6,4.8,77.7,C
8025,8.5,50.5,4.3,65.7,D
8026,19.3,84.1,5.8,79.9,C
8027,21.6,72.1,4.5,80.3,B
8028,21.4,75,6.9,81.1,B
8029,16.5,100,6.1,87.4,B
8030,15.9,80.5,6.3,83.4,B
8031,18.7,100,5.5,80.5,B
8032,17.1,68.1,6.1,74.5,C
8033,18.8,72,5.5,73.9,C
8034,16.4,94.1,7.6,86.6,B
8035,20.9,80.9,5.1,83,B
8036,3.6,88.7,6.8,71.3,C
8037,14.1,83.7,3.4,73.2,C
8038,5.3,83.3,7.4,73.5,C
8039,16.9,81.3,4.9,74,C
8040,26.5,87.2,4.2,87.3,B
8041,11.7,92.7,3.7,74.1,C
8042,15.9,100,3.6,84.4,B
8043,20.3,82.6,5,77,C
8044,0.5,80.3,9,68.4,D
8045,11.3,78.7,4.7,70.3,C
8046,17.6,100,1.6,80.2,B
8047,0,93.3,6.7,75.8,C
8048,8.2,62.2,3.8,65.6,D
8049,22.7,61.7,7.6,77,C
8050,22,75,5.2,78.3,C
8051,17.6,87.8,5.5,84,B
8052,21.2,84.6,8.4,82.9,B
8053,16.5,91.2,7.2,84,B
8054,18.9,82.9,3.5,76.4,C
8055,12.8,100,3.8,79.6,C
8056,15.8,94.3,2.4,81.1,B
8057,10.6,85.9,10,78.9,C
8058,23.8,98.7,4.3,91.5,A
8059,25.7,65.2,8.3,89.3,B
8060,24.7,84,4.9,86.5,B
8061,12.1,86.7,3.8,74.7,C
8062,8.3,92.2,6,80.2,B
8063,23.9,64.4,5.3,74.2,C
8064,18.8,81.9,7.6,87.3,B
8065,17.3,89.8,7.6,82.2,B
8066,10.6,90.7,4.8,82.9,B
8067,18,99.2,3.1,80.8,B
8068,7.4,94.1,3.6,75.8,C
8069,19.4,84.3,1.4,72,C
8070,24.7,93.1,5.5,87.9,B
8071,26.4,82.6,6,83.5,B
8072,20,86.8,3.7,76.3,C
8073,5.3,94.5,3.5,75.8,C
8074,16.4,84.5,6,76.2,C
8075,30,89.3,4.7,88.1,B
8076,8.9,96.5,5.6,75.6,C
8077,14.6,93.5,5.3,84.4,B
8078,24.9,99.8,6.5,95.4,A
8079,19.3,100,4.9,90.1,A
8080,32.4,93.4,5,91.6,A
8081,9.9,79.5,2.2,72.7,C
8082,8.1,91.1,5.9,73.6,C
8083,23.6,90.6,6.2,85.5,B
8084,6.6,92.4,5.6,72.9,C
8085,13.6,100,9.8,86,B
8086,14.5,64.8,6.3,71.5,C
8087,22.3,100,5.7,87,B
8088,19.3,100,7,89.6,B
8089,18.2,91.8,10,80.9,B
8090,12.2,92.1,6.5,80.8,B
8091,23.5,82.1,1.6,75.8,C
8092,40,85.1,6.9,96.9,A
8093,19.8,93.4,4.2,81.6,B
8094,15.7,92.6,2.2,80.5,B
8095,5.9,93.6,9.4,80.9,B
8096,10.5,92.5,9,81.5,B
8097,13.5,95.8,4.2,77.5,C
8098,11.3,94.4,4.2,79.8,C
8099,14.9,72.7,6.3,80.3,B
8100,27.4,95,4.2,89.8,B
8101,23.7,100,5.7,85.9,B
8102,13.9,84.7,4.6,74.3,C
8103,6.5,100,5.2,78.8,C
8104,24.4,74,3.2,77.4,C
8105,14.7,84.6,7.7,78.1,C
8106,2.9,77.3,8.4,67.4,D
8107,20,100,5.8,88.2,B
8108,22.2,100,5.9,85.1,B
8109,0,83.8,7.3,68.8,D
8110,9.2,99.1,6,80.1,B
8111,14.2,100,9.5,86.7,B
8112,20.1,84.6,3.4,76.5,C
8113,11.4,86.6,7.7,82,B
8114,9.2,93.8,5.8,73.6,C
8115,20.1,74.9,3.8,77.1,C
8116,11.7,86.3,10,84.1,B
8117,18.8,100,10,92.6,A
8118,7.2,79,5.6,74.2,C
8119,5.5,95.2,6.9,73.3,C
8120,20.3,91.3,5.1,81.8,B
8121,16.8,83,5.4,77.5,C
8122,21.5,87.7,3.7,92,A
8123,11.3,100,3.4,80.1,B
8124,9.4,91.6,9.7,83.8,B
8125,24.5,93.5,5.9,91.1,A
8126,4.3,100,6.1,76.8,C
8127,23.8,81.5,4.4,85.6,B
8128,24.2,72.4,6.4,76.3,C
8129,21,100,3,86.2,B
8130,10.2,86.6,4.5,75.5,C
8131,9.3,95.7,3.6,78.8,C
8132,13.5,75.9,8.6,74.3,C
8133,5.9,89.7,2.7,66.7,D
8134,8.3,71.8,3.6,63.4,D
8135,19.5,85.8,1.9,79.4,C
8136,19.5,77.2,4.2,79.1,C
8137,7.7,74.5,5.1,65.8,D
8138,19.7,81.4,8,89.4,B
8139,18.2,57.5,5.6,71.9,C
8140,25.6,71.1,5.2,81.4,B
8141,19,94.4,6.6,85.5,B
8142,22.4,89.2,5.1,87.8,B
8143,18.3,72.1,10,82.9,B
8144,21.9,91.6,4.8,90.8,A
8145,6,74.5,6.8,65.8,D
8146,14.1,93.7,7.7,78.9,C
8147,14.7,83.6,4.8,74.6,C
8148,13.3,81.1,6.3,78.4,C
8149,18.1,83.9,5,78.5,C
8150,19.4,100,6.5,92.3,A
8151,17.7,75.9,6.2,76.9,C
8152,13.8,87.7,5.7,82,B
8153,9.8,94.4,3.7,73.3,C
8154,22.7,73.5,9.7,88.7,B
8155,17.4,65.9,7.2,79.5,C
8156,7.9,77.8,2.8,65.6,D
8157,13.6,94.1,5.2,81.8,B
8158,2.8,80.9,2.9,65.5,D
8159,15.2,82.2,7.5,81.6,B
8160,13.6,95.9,6,85.7,B
8161,11,75.3,6,75.5,C
8162,26.1,83.9,4.3,86.5,B
8163,6.9,66.8,5.4,67.7,D
8164,19.9,88.8,7.6,82.2,B
8165,30.3,87.8,8.1,93.9,A
8166,22.5,94.5,7.7,86.9,B
8167,14.8,71.3,2.9,70.2,C
8168,7.1,82.7,5.6,75.2,C
8169,5.5,69.7,6.5,67,D
8170,12.1,82,4.5,66.5,D
8171,10.2,100,2.7,73.7,C
8172,10,81.2,3.4,72.5,C
8173,12.7,68.6,9,73.4,C
8174,14.3,76.8,3.6,75.1,C
8175,18.4,65.7,6.1,71.1,C
8176,6.3,69.5,5.7,67.7,D
8177,10.2,93.1,5.7,79.3,C
8178,13.9,67.6,5.4,73.6,C
8179,13.6,88.7,7.6,79.3,C
8180,27.9,85.3,6.1,91.2,A
8181,16.6,78.6,4.7,81,B
8182,3.7,87.7,6.1,64.9,D
8183,17.9,73.7,3.4,74.3,C
8184,18.8,95.1,7,81.3,B
8185,14.1,76.6,4.6,71.2,C
8186,6.5,80.4,4.8,67.2,D
8187,27.3,78.9,7,87.1,B
8188,7.5,93.3,5.2,76.6,C
8189,19.6,91.5,5.3,86.7,B
8190,16.4,53.5,8.3,72.4,C
8191,19.2,88.1,4.1,83,B
8192,26.9,64.1,7,78.4,C
8193,18.9,80.9,7.9,86,B
8194,11.1,83.7,8.3,68.6,D
8195,22.7,80.8,10,92.7,A
8196,10.6,91,4.7,80.4,B
8197,16.1,93.6,4.3,83.2,B
8198,5.9,75.7,7.6,77.6,C
8199,7.8,75.3,7.9,67,D
8200,15.4,84.6,4.4,79.6,C
8201,17.6,66.5,7,75.9,C
8202,3.1,79.3,10,73.6,C
8203,18.5,100,6.2,83.8,B
8204,9.3,66.9,7.8,71.6,C
8205,24,80.9,9.2,89.1,B
8206,12.5,77.9,10,77.4,C
8207,7.1,100,6.5,78.9,C
8208,15.5,78.5,8.5,76.2,C
8209,8.6,79.2,4.4,69.1,D
8210,23.9,72.6,6,84.2,B
8211,15,85.1,5.1,81,B
8212,13.9,88.2,2.2,77.2,C
8213,19.1,74.4,2.8,77.4,C
8214,8,96.9,6.9,82,B
8215,6,88.3,6.9,72.6,C
8216,17.9,95.2,3.9,83.4,B
8217,7.3,81.1,9.1,78.9,C
8218,7.3,87.9,3.8,67.5,D
8219,20.9,82.4,6.5,79,C
8220,18.7,100,5.2,81.9,B
8221,6.2,86.4,6.2,67.9,D
8222,10.7,85.1,7.8,74.8,C
8223,8.7,79.5,7.5,72.6,C
8224,27.4,78.8,7.4,92.4,A
8225,21.3,87.9,7.2,84.9,B
8226,12.1,94.8,3.5,72.8,C
8227,19,76.8,8.3,82.3,B
8228,5.5,86.5,3.9,69.4,D
8229,10.3,87.2,5.8,73.7,C
8230,15.7,89.3,5.3,78.5,C
8231,18.2,64.5,6.7,78.1,C
8232,14.3,73.9,5,69.2,D
8233,16.7,68.6,5.7,69.1,D
8234,15.5,85.4,9.2,84.9,B
8235,13.9,74.2,3.4,69.3,D
8236,12.9,79,6,80,B
8237,12,70.7,3.8,68.5,D
8238,16.6,80.2,7.3,79.8,C
8239,17.9,71.5,4.5,77,C
8240,16.4,94.1,6.1,78.4,C
8241,6.7,90.8,3.4,72.8,C
8242,8,86.8,8.6,76.5,C
8243,17.8,81.4,6.1,83.1,B
8244,25.3,60.5,6.3,76.4,C
8245,16.1,79.5,7.7,80.4,B
8246,12.1,75.9,3.5,69.5,D
8247,16.6,88,4.8,81.1,B
8248,7,92.4,6.3,75.4,C
8249,24.2,88.9,2.5,83.9,B
8250,16.3,100,2.7,86.7,B
8251,10.3,78.2,4.4,70.3,C
8252,13.8,77.7,3.7,74,C
8253,11.3,97.5,5.3,86.8,B
8254,24.2,87,7,89.1,B
8255,13.6,82,7.5,71.4,C
8256,16.1,100,9.6,87.6,B
8257,19,91.9,6,80.9,B
8258,9.8,82.7,6.3,77.5,C
8259,16.4,76.8,6,76.8,C
8260,16.9,100,6.6,89.8,B
8261,4.1,87.5,6.8,74.6,C
8262,16.8,85.3,7.8,84.5,B
8263,14.7,93.1,7.8,80.3,B
8264,15.9,95.6,7,86.3,B
8265,15.2,91.6,9,89.3,B
8266,16.8,95.6,6.1,80,B
8267,24.4,90.4,4.8,85.6,B
8268,6.7,91.7,5.1,75.2,C
8269,12.6,76.2,5.8,74.1,C
8270,19.7,100,3.8,89.7,B
8271,18.4,70.2,4.8,77,C
8272,18.2,88.7,3.7,81.3,B
8273,34.3,69,6.7,91,A
8274,19.3,83.8,6.7,85,B
8275,22.9,78.1,2.5,78.4,C
8276,12.9,86.6,4.7,75.4,C
8277,8,89.1,9.7,82.7,B
8278,12.8,73.5,7.3,72.6,C
8279,20,84.6,6.9,83.5,B
8280,17.8,100,4.7,81.5,B
8281,17.8,69.3,6.6,78.4,C
8282,13.5,74.8,6,77.9,C
8283,12.4,95.3,4.4,76.1,C
8284,13.7,85.9,5,76.8,C
8285,20.1,86.8,5.1,80.9,B
8286,20.9,97.3,3,87.5,B
8287,8,75.5,3.4,71.4,C
8288,20.3,78.8,5.6,78.9,C
8289,10.4,77.3,4.3,61.5,D
8290,18.3,80.8,5.4,82.7,B
8291,13.7,100,2.8,79.7,C
8292,26,64.6,7.6,82,B
8293,12.1,70.7,10,79.4,C
8294,16.3,68.6,8.1,75.5,C
8295,19.2,100,8.3,88.5,B
8296,8.9,77.6,7.3,72.2,C
8297,14.5,81.1,6.5,79.4,C
8298,13.1,65.6,6.2,73.5,C
8299,11.4,81.9,4.2,77.9,C
8300,11.9,95.4,7.4,83.4,B
8301,22.8,88,7.3,87.1,B
8302,10.8,83.7,5.1,77,C
8303,19,66.2,7.1,73.6,C
8304,17.2,81.1,4.6,81.9,B
8305,5.2,86.8,4.7,71.5,C
8306,18.6,73.1,7.6,78.7,C
8307,5.1,92.9,6.9,72.6,C
8308,19.4,95.6,5.5,87.5,B
8309,11.4,78.7,5.3,72.4,C
8310,15.1,93.7,6.3,82.4,B
8311,5.9,83.7,2.3,62.4,D
8312,15.9,98.8,4.5,81.5,B
8313,21.5,100,3.5,84.6,B
8314,9.4,71.9,6,71.4,C
8315,10.7,94.2,8.2,81,B
8316,18.2,100,7,80,B
8317,18.4,73.4,5,74.9,C
8318,0,78.1,4.6,59.3,F
8319,29.1,78,4.5,82.2,B
8320,18.7,83.4,10,89.1,B
8321,19.9,80.7,6.1,76.3,C
8322,14,82.6,6.4,78.8,C
8323,2,95.1,1.8,66.3,D
8324,19.7,62.3,3.6,69.5,D
8325,11,73.3,5.9,68.8,D
8326,18.8,93,5,84.6,B
8327,13.5,91.6,6.3,81.9,B
8328,16.7,72.3,6.2,70.8,C
8329,9.6,91.7,7.2,82.3,B
8330,21.1,100,2.3,80.9,B
8331,6.7,84.4,3.8,71.1,C
8332,30.7,72.9,5.8,82.7,B
8333,30.7,95.5,4.7,91.6,A
8334,26.4,100,5.4,88.4,B
8335,23.9,74.4,6.2,80.6,B
8336,14.4,85.5,4.5,76.4,C
8337,23.2,98.1,6.4,86.9,B
8338,14.3,86.4,7.1,81.3,B
8339,4.1,64,6.1,64.8,D
8340,25.5,90.3,7.4,98.7,A
8341,22.9,73.3,1.7,78.3,C
8342,14.8,69.8,4.8,75.5,C
8343,6.4,64.3,7.8,62,D
8344,10.9,99.3,4.3,73.2,C
8345,2.3,75,4,62.6,D
8346,21.6,89,5.7,90.5,A
8347,3.8,91.9,6,80.5,B
8348,17,86.9,4.9,77.9,C
8349,9.1,88.6,9.7,78.6,C
8350,5,89.6,6.6,75.5,C
8351,16.7,86.7,4.2,78.1,C
8352,12.7,75.9,3.1,70,C
8353,20.9,74.8,6.8,82.7,B
8354,6.1,83.7,4.1,77.9,C
8355,9.7,83.5,10,83.2,B
8356,0,90.2,6.9,76.3,C
8357,0,98.2,7.1,68.4,D
8358,27.6,89.1,6.5,93.8,A
8359,29.6,75.3,8.2,86.3,B
8360,15.6,58.8,1.2,69.4,D
8361,9.2,75.8,3.6,72.6,C
8362,12.9,68.9,8.1,76,C
8363,21.1,76.2,9,81.9,B
8364,11.4,87.9,3.5,73,C
8365,16.7,86,2.4,75.1,C
8366,14.9,100,6.3,87.1,B
8367,11,90.8,7,80.5,B
8368,11.3,100,6.3,86.3,B
8369,17.1,93.6,5.9,88.4,B
8370,8.2,98,2.3,71.6,C
8371,18.2,80.7,5.2,80.4,B
8372,11.7,72.1,5.5,72.8,C
8373,15.9,79.6,4.9,76.2,C
8374,24.7,84.9,2.2,84.5,B
8375,13.8,77.5,7.2,78.3,C
8376,21.4,73,7.7,79.9,C
8377,2.5,90,4.4,69.1,D
8378,11.7,72.9,5.6,70.7,C
8379,15.2,66.6,5,69.2,D
8380,28.5,71.5,5,82.9,B
8381,1.3,82.2,7,65,D
8382,14.3,73.1,7,76.9,C
8383,25.2,82.3,8.1,92.5,A
8384,9.5,92.2,8.1,80.2,B
8385,13.5,91.9,5.7,82.8,B
8386,17.3,77.1,10,83.2,B
8387,16.3,69.4,9.1,75,C
8388,26,78.1,4.7,89.2,B
8389,18.1,92.9,6.3,77.3,C
8390,24.3,95.7,2,85.1,B
8391,12.5,89.2,6.1,76.4,C
8392,9.8,99.4,9.3,89.1,B
8393,13.4,100,10,88.7,B
8394,6.9,79.2,5.8,78.3,C
8395,18.4,100,6.7,87.9,B
8396,12.3,81.9,7.2,75.1,C
8397,10.3,97.2,10,79.5,C
8398,18.5,93.5,4,85.7,B
8399,7,61.3,10,66.8,D
8400,20.4,73.4,5.4,76.9,C
8401,11.7,70.3,3.7,72.1,C
8402,23.1,63.6,5.4,79.8,C
8403,12.3,95.6,4.4,77,C
8404,19.4,100,6.8,87.4,B
8405,16.3,81.9,2.7,69.6,D
8406,20.2,95.2,6.3,80.8,B
8407,15.8,100,7.3,88.9,B
8408,3.4,87.5,9,77.4,C
8409,22.1,84.7,7.4,86.9,B
8410,14.4,82.1,8.8,81.5,B
8411,20.5,91.5,4.8,81.9,B
8412,19.8,95.5,6.8,91.8,A
8413,9.6,90.5,1.5,66.3,D
8414,8.6,90.1,5.8,74.4,C
8415,19.6,84.4,6.8,83.7,B
8416,12.9,65.9,7,71.7,C
8417,21.6,95.8,2.9,84.1,B
8418,13.8,69.6,5.2,70.1,C
8419,22.2,92.4,5.5,88.1,B
8420,18,94.1,5.1,79.9,C
8421,17,71.3,7.5,76.9,C
8422,12.4,77.7,5.6,75.2,C
8423,16.6,100,6.2,84.9,B
8424,23.3,84,5,83.8,B
8425,14.6,70.4,8.1,76.7,C
8426,18.7,94.6,8.3,82.8,B
8427,15.3,75.7,5.4,70.2,C
8428,15.9,62,10,76.6,C
8429,27.1,91.2,4.5,86.7,B
8430,23.4,74,8,82.2,B
8431,15.6,88.9,4.1,80.3,B
8432,16.5,75.2,7.5,75.6,C
8433,10.1,93.5,7.4,72.8,C
8434,13.8,87.2,4,81.5,B
8435,17.2,53.9,5.7,72.8,C
8436,21,89.6,9.7,93.2,A
8437,20.2,81.5,4.4,76.4,C
8438,7.2,100,6.8,79.4,C
8439,21.8,89.7,6.7,82.9,B
8440,14.4,94.1,5.9,81.6,B
8441,8.1,76.5,2.5,65.6,D
8442,24.4,75.5,7.7,81.4,B
8443,25.2,84.7,6,88.2,B
8444,16.8,80.7,8.2,80.7,B
8445,20,100,6.5,93.9,A
8446,20.4,83.2,6.1,82.8,B
8447,24.8,70.3,6.7,74.3,C
8448,20.1,75.1,4,71.5,C
8449,5.7,96.6,9.1,86.3,B
8450,29.1,83,5.2,86.9,B
8451,22.5,82.4,5.3,83.5,B
8452,11.4,97.7,8.6,84.1,B
8453,7.8,74,6.5,74.5,C
8454,18.5,58.2,5.5,65.8,D
8455,13.1,74.8,6.8,78.9,C
8456,17.3,87.9,7.3,87.1,B
8457,20.2,82,5.8,81.6,B
8458,11,66.3,7.8,72.8,C
8459,7.2,97.2,3.5,73.4,C
8460,17.7,87,6.5,77.4,C
8461,11.3,89.7,7.6,81.6,B
8462,16,90,7.2,83.9,B
8463,5.6,69.4,1.5,61.8,D
8464,13.2,88.6,5.7,80.2,B
8465,20,95.9,3.6,82,B
8466,19.2,98.7,8.6,94.7,A
8467,9.5,93.7,5.2,77.1,C
8468,6.8,91.2,8.3,79.6,C
8469,15.1,64.2,3.6,67.9,D
8470,18.9,84.8,6.8,86,B
8471,17.8,73.5,6,77.4,C
8472,11.4,100,10,86.3,B
8473,17.1,98.6,8.4,91.9,A
8474,25.5,73.6,8.2,80.3,B
8475,16.4,84.4,10,83.9,B
8476,3.6,88,6.6,70.4,C
8477,16.4,95.8,5.8,84.9,B
8478,29.3,64.9,5.6,83,B
8479,6,58.5,6.7,63.5,D
8480,15.2,85.5,0.5,70.6,C
8481,13.4,54.6,6,66.9,D
8482,15.7,86.9,6.5,81.8,B
8483,16.4,92.1,5.7,81.7,B
8484,23,99.8,2.9,90,A
8485,15.6,77.5,5.7,78.3,C
8486,23.9,86.9,2.9,82.8,B
8487,14.2,92.8,9.5,78.5,C
8488,12.5,70.9,5.5,70.9,C
8489,10.3,96,1.9,76.4,C
8490,2.3,88.3,5.6,69.4,D
8491,16.9,77.7,7.8,80.9,B
8492,29.4,86.7,6.4,90.2,A
8493,18.2,83.3,4.2,79.4,C
8494,19.8,94.4,4.6,88.6,B
8495,12.1,80.7,5.4,77,C
8496,13.3,87.7,5.1,73.8,C
8497,21.9,77.5,3.5,73.5,C
8498,29.1,73.7,5.9,86.7,B
8499,25.4,87.1,3.3,87.9,B
8500,20.6,74.2,7.9,76.7,C
8501,15.2,94.6,8.1,84.6,B
8502,16.5,92.1,4,87.4,B
8503,9.7,75.8,4.6,69.3,D
8504,4.9,87.6,5.2,78.9,C
8505,7.1,75.8,5.9,67.3,D
8506,15.3,65.7,6.5,71.1,C
8507,13,77.8,6.9,73.9,C
8508,4.7,84.4,6.9,68.3,D
8509,14.7,91.3,9.1,79.8,C
8510,12.8,86.8,6.1,77.5,C
8511,6.8,95.9,3.4,74.1,C
8512,12.4,73.2,2.8,66.9,D
8513,12.8,80.5,9.3,78.2,C
8514,10.7,100,7,86.8,B
8515,21.5,61.8,6.4,79,C
8516,1.7,79.6,6.9,67.4,D
8517,1.1,72.1,6.3,65.7,D
8518,15,82.7,6.9,74.4,C
8519,15.7,79.8,5.3,77.6,C
8520,17.8,92.2,8.1,86.1,B
8521,11.2,88.1,5,74.9,C
8522,8.6,69.3,4.2,66.5,D
8523,14.9,77.9,2.6,72,C
8524,11.9,85,5.5,72.2,C
8525,25.9,93.9,8.5,98.5,A
8526,12.7,100,5.1,84.5,B
8527,14.6,93.4,3.2,77.3,C
8528,32.3,72.9,6.6,83.1,B
8529,13.6,83.9,4.7,68.7,D
8530,18.9,87.2,9.1,92.5,A
8531,19.5,78.8,8.1,82.3,B
8532,20.1,90.6,3.5,84.2,B
8533,17,57.7,5.7,67.5,D
8534,16.4,91.6,4.5,79.7,C
8535,15.7,79.3,3.7,74,C
8536,11,83.7,5.9,76.1,C
8537,17.3,100,7.6,88.4,B
8538,29.2,69.9,5.8,81.3,B
8539,23.5,88.3,5,82.5,B
8540,17.1,94.5,1.6,78.5,C
8541,21,87,4.7,77.4,C
8542,8.9,65.6,7.1,66.4,D
8543,13.2,100,3.3,79.4,C
8544,21.6,82.5,8.6,87.4,B
8545,25.4,78.7,4.8,87.7,B
8546,9.6,81.3,6.4,72.7,C
8547,11.6,80.4,5.2,74,C
8548,30.3,70.7,3.6,76.9,C
8549,15.7,87,6.9,82.3,B
8550,27.8,77.8,4.8,81.9,B
8551,16.4,93.1,4.3,80.1,B
8552,16.7,91.2,1.2,78.3,C
8553,12.9,100,8.6,87.5,B
8554,21.6,82.5,6,78.7,C
8555,24.5,75.4,8.2,87.8,B
8556,7.8,67.4,7.2,68.6,D
8557,12.5,100,8.2,89.1,B
8558,21.4,92.9,4.9,89.7,B
8559,14.1,76.7,3.3,76.9,C
8560,11.5,100,7.5,79.4,C
8561,22.1,100,6.3,91.3,A
8562,22.7,68.8,5.1,73.2,C
8563,11.9,76,7.5,79.1,C
8564,16.5,83.4,6.6,84.7,B
8565,6.5,72.2,7.3,72.6,C
8566,8.7,83.8,4,70.2,C
8567,15.9,93.5,8,86.8,B
8568,15.2,68.5,6,71.6,C
8569,8.2,88.5,8.2,77.9,C
8570,10,99,7.9,82.4,B
8571,7.5,89.8,7.4,70.8,C
8572,18.2,84.1,5.8,78.4,C
8573,1.2,77,7.4,74.3,C
8574,7.9,95,8.2,79.7,C
8575,2,70.9,7.2,66.1,D
8576,17.9,87.9,6.4,82.8,B
8577,2.4,85.3,7.4,70.2,C
8578,15.2,98.5,4.9,82.9,B
8579,26.5,78,9,87.6,B
8580,26.7,79,2.6,74.8,C
8581,2.4,70.1,6.1,66.6,D
8582,17.1,90.2,5.2,86.4,B
8583,8.1,79.9,4.7,67,D
8584,6.6,74.7,6.6,68.6,D
8585,14.2,75.8,3.7,76.9,C
8586,23.6,91.4,10,90.3,A
8587,19.2,71.8,3.3,75.4,C
8588,10,72.8,4.1,81.6,B
8589,19.9,95.8,3.9,86,B
8590,0,83,6.4,67.8,D
8591,9.7,96.5,8,84.3,B
8592,9.2,80.7,7.1,76.8,C
8593,15.5,85,8.9,81,B
8594,13.6,86.9,4.3,71.5,C
8595,14,100,7.3,87.1,B
8596,13.8,100,5.4,85,B
8597,15.2,98.8,6.5,83.8,B
8598,18.8,77.5,8.2,86.8,B
8599,16,73.2,2.6,75.8,C
8600,13,94.1,10,87.9,B
8601,17.8,100,5.7,85.4,B
8602,20.8,99,2.8,78.3,C
8603,11.1,85.2,4.6,74,C
8604,14.6,93.7,6.2,76.6,C
8605,23.1,93.9,4.6,79.6,C
8606,7.3,86.8,1.9,70.9,C
8607,27.6,87.3,6.2,93.1,A
8608,5.6,86.2,4.6,64.9,D
8609,12.6,75.5,7.3,74.6,C
8610,8.3,76.8,3.9,68.5,D
8611,30.3,76.6,10,91.4,A
8612,11.5,65.8,7,66.6,D
8613,11.5,86.7,6.4,81.5,B
8614,12.4,84.5,7.2,74.4,C
8615,15.7,94.1,2.4,72.6,C
8616,12.7,100,5,77.4,C
8617,14.1,100,9.6,89.5,B
8618,0,100,5.4,71.6,C
8619,15.4,75.9,5.9,73.6,C
8620,15.1,67.8,5.1,73.4,C
8621,22.3,96.2,8.9,93,A
8622,24.2,100,5.5,83.8,B
8623,13.7,100,3.5,82,B
8624,20.7,90.8,10,93.8,A
8625,7.3,61,3.2,61,D
8626,20.4,89.4,5.8,83.7,B
8627,11,91.7,4.3,82.1,B
8628,6.7,100,4.6,74.4,C
8629,13.7,100,3.9,80.4,B
8630,24.8,95.9,4.9,90,A
8631,16.3,78,8,80,B
8632,25.5,72.7,2.2,77.1,C
8633,9.8,91.4,8.5,80.7,B
8634,22.3,75.5,8.2,88.4,B
8635,10.4,100,7,84.7,B
8636,16.6,64.5,6.3,72.9,C
8637,16.5,91.8,6.6,80.7,B
8638,19.6,88.8,8.8,85.1,B
8639,16.8,82.5,2.5,78.1,C
8640,9.8,73.9,7.5,68.1,D
8641,21.2,60.3,4.5,80.2,B
8642,27.1,78.6,7.7,87.7,B
8643,10.9,78.8,4.8,68.2,D
8644,2.2,98.3,7.4,76.5,C
8645,18.5,75.6,2.9,72.2,C
8646,12.7,90.4,2.6,73.9,C
8647,14.1,69.5,5.8,68,D
8648,18.9,90.8,8.9,86.8,B
8649,11.8,58.1,7.1,61.9,D
8650,13.1,100,7.1,82.5,B
8651,14.3,83.3,7.7,77.5,C
8652,25.3,51.5,5.2,72.2,C
8653,15.2,76.4,7.2,75.3,C
8654,6.4,74.5,4.8,67.5,D
8655,6.6,77.1,5.4,71.8,C
8656,16,80.6,5.6,78.8,C
8657,7.1,77,4.9,72.8,C
8658,4.1,75.2,5.9,65.7,D
8659,19.4,71.1,5.5,77.7,C
8660,19.8,94.9,4.6,85.6,B
8661,12.4,99.4,5.7,85.4,B
8662,17.1,81.9,6.3,77.7,C
8663,16.3,84.8,3.8,79.7,C
8664,19.2,71.5,6.8,75.8,C
8665,19.2,85.9,5,79.6,C
8666,0,87.8,6.4,68.2,D
8667,13.3,82.4,4.7,76.6,C
8668,18.6,89.8,8.1,82.7,B
8669,12.1,88.7,7.9,77.7,C
8670,15.3,72.4,3.9,70.2,C
8671,20.3,99.3,7,89.6,B
8672,15.6,82.5,8.9,79.2,C
8673,25.6,100,4.1,90.9,A
8674,22.9,90,4.3,83.6,B
8675,14.2,100,7.5,87.6,B
8676,13.6,99.1,3.4,80.1,B
8677,0,87.7,4.4,72.2,C
8678,12.7,76.3,4,72.1,C
8679,5.5,76.6,7.5,67.1,D
8680,16.5,91.4,4.6,80.2,B
8681,16.1,86.7,5.4,79.9,C
8682,19.9,77.9,4.5,75.6,C
8683,24.8,95,8.3,97.3,A
8684,14.8,85.5,4.3,76.1,C
8685,31,95.1,3.2,89.3,B
8686,16.6,73.3,3.1,73.1,C
8687,5.8,97,7.4,75.4,C
8688,11.1,91,7.5,83,B
8689,12.4,99.4,8.5,87.6,B
8690,19.1,96.7,3.5,83.7,B
8691,8.4,84,5.5,74.9,C
8692,12.9,83,10,80.1,B
8693,13.9,100,5.4,78.4,C
8694,11.9,81.5,4.9,73.1,C
8695,20.7,94,6,85,B
8696,19.5,80.4,7.1,75.9,C
8697,23.2,62.7,7,75.2,C
8698,12.7,70.3,4.8,66.8,D
8699,23.4,89.9,4.8,82.6,B
8700,5.5,93.4,5.4,78.2,C
8701,5.3,89.9,4.5,73.3,C
8702,6.5,98.8,3.5,77.6,C
8703,15.1,89.7,9.6,86.7,B
8704,23.4,75.7,5.2,84.3,B
8705,10.8,92.1,5.3,77.7,C
8706,11.7,87,5.4,81.1,B
8707,13.5,78.1,5.8,71.5,C
8708,19,90.7,6.9,84.9,B
8709,11.7,86,5.1,72.7,C
8710,11.3,77.7,8.3,80.1,B
8711,5.6,82.9,7.2,73.9,C
8712,11,100,5.6,84.6,B
8713,23.2,100,4.7,84.8,B
8714,15.6,87.3,8.2,81.1,B
8715,9.8,85.7,5.7,69.7,D
8716,23.7,67.8,3.5,77.5,C
8717,10.9,100,8,82.5,B
8718,24.9,97.4,4.5,91.5,A
8719,24.8,94,7.7,91.8,A
8720,15.4,57.7,1,57.1,F
8721,4.5,85.5,5.3,65.5,D
8722,31,83.5,8.3,93.6,A
8723,17.7,93.2,6,85.4,B
8724,12.7,79.6,7.2,70.2,C
8725,21.7,82.2,4.2,80.7,B
8726,19.9,92.4,6.7,83.2,B
8727,24.2,75.7,6,79.3,C
8728,10.4,78.1,6.5,71.7,C
8729,17.2,87.3,10,86.7,B
8730,6.7,100,8.6,79.2,C
8731,19.7,94.7,7.6,82,B
8732,14.8,97.9,7.6,85.9,B
8733,17,85.8,4.2,77.6,C
8734,14,100,5.1,79.7,C
8735,13.2,64.1,2.9,65.6,D
8736,8.9,100,3.5,75.8,C
8737,20.5,100,4.2,86.6,B
8738,25.4,90.5,5.9,88,B
8739,11.1,95,3.5,77.3,C
8740,18.9,84.5,5.9,81.6,B
8741,18,82.5,5.7,82.5,B
8742,15.1,77.7,3.7,78.5,C
8743,4.3,84.4,9.1,74.4,C
8744,5.9,91.7,3.4,69.6,D
8745,9.5,90,8.2,75.1,C
8746,0,100,1.5,69.7,D
8747,24.9,86.2,5.7,83.8,B
8748,17.6,67.1,3.6,78.7,C
8749,14.8,100,4.7,91.1,A
8750,0,70.3,9.6,66.2,D
8751,2.2,78.3,5.3,61.2,D
8752,15,88.3,3.8,79.5,C
8753,28.8,90,7,98.7,A
8754,10.1,67.7,5.3,64.3,D
8755,21,76,6.3,86.4,B
8756,11.6,67.2,4.2,62.4,D
8757,15.4,92.5,4.3,75.6,C
8758,23.5,99.2,4.4,89.6,B
8759,12.6,70.3,7.6,76.9,C
8760,10.2,96.9,5.5,79,C
8761,24.9,96.2,3.9,89.3,B
8762,15.3,77.1,6.3,80.1,B
8763,22.6,61.2,6.2,80.1,B
8764,10.2,72.1,7.1,70.3,C
8765,24.8,77.9,5,80.1,B
8766,16.9,100,5.8,88.9,B
8767,18,83.6,6.8,83.2,B
8768,15.9,72.9,4,74.7,C
8769,11.5,86.8,7.8,77.2,C
8770,15,69.5,6,75.4,C
8771,11.9,91.2,3.8,73,C
8772,21.7,73.3,3.8,77.9,C
8773,13.6,75,5.8,74.5,C
8774,4.5,89.5,4.9,71.9,C
8775,3.2,100,7.5,79.8,C
8776,2.9,100,5.4,71.6,C
8777,19.3,72.5,6.6,80.6,B
8778,6.9,77.8,4.3,68.5,D
8779,17.1,91.2,6,80.4,B
8780,16,99,8.6,84,B
8781,14.5,59,5.7,74.7,C
8782,18.1,86,4.9,80.2,B
8783,16.1,79.2,4.3,74.6,C
8784,0,61.9,6,56,F
8785,12.7,69,8.8,78.2,C
8786,18,78.2,3.3,78.6,C
8787,26.5,85.7,5.9,90.3,A
8788,26.8,97.1,2.6,88,B
8789,5.5,89.3,5.2,74.7,C
8790,12.6,96.4,6.5,79.5,C
8791,4,85.3,2.8,67.8,D
8792,25.6,76.5,5.1,82.8,B
8793,22.1,82.8,6.6,85.1,B
8794,17.5,93.3,6.3,78.8,C
8795,16.2,97.4,6.7,90.8,A
8796,24.7,83.2,4.1,88.2,B
8797,23.5,73.9,6.6,78.6,C
8798,23.1,89,4.8,86.9,B
8799,18.2,90.7,7.4,80.8,B
8800,12.6,99.8,1.4,77.2,C
8801,20.4,76.9,5.4,72.9,C
8802,20.7,77,6.2,79.8,C
8803,13.7,94.1,8.7,83.1,B
8804,12.5,80.1,6.2,79.1,C
8805,22.9,79.6,6.4,88.5,B
8806,26.6,100,6.8,99.2,A
8807,9.8,68.5,8.5,75.7,C
8808,13.2,100,5.2,82.4,B
8809,17.5,77.6,3.2,76,C
8810,18.4,95.4,2.8,82.7,B
8811,11.3,83.7,7.3,73.9,C
8812,28.2,88.3,6.4,94.1,A
8813,18,81.8,5.5,81.6,B
8814,18.7,95.3,4.8,86.3,B
8815,27.3,80.8,6.4,80.4,B
8816,11.9,78.1,6.4,76.1,C
8817,14.4,100,7,88.2,B
8818,6.2,85.4,3.8,69.9,D
8819,13.8,76.9,2.5,69.5,D
8820,4.6,67.1,4.2,58.5,F
8821,20.2,100,3.3,80.8,B
8822,17.9,78.4,3.2,76,C
8823,13.1,100,9.1,86.1,B
8824,14.3,89.8,1.5,74.1,C
8825,20.3,86.7,6.9,89.4,B
8826,7,87,7.8,72.2,C
8827,16.4,100,8,86.9,B
8828,19.9,58.7,6.6,79,C
8829,2.5,87.6,8.6,72.9,C
8830,19.8,81.8,9.6,86,B
8831,3.3,82.4,5.4,68.1,D
8832,14.2,86.8,6.9,82.3,B
8833,6.9,81.8,8.6,68.7,D
8834,25,87.3,4.3,84.7,B
8835,6.9,84.7,5.5,72.4,C
8836,3.4,69.2,4.7,60.2,D
8837,15.9,89.6,6.9,83.5,B
8838,12.1,93.6,2.2,77.8,C
8839,4.5,78.5,8.9,73.6,C
8840,18.7,100,7.1,93.8,A
8841,1.1,100,7.2,74.1,C
8842,7.7,95.1,1.3,73.1,C
8843,11,95,3.9,78.6,C
8844,20.6,85.4,9,86.3,B
8845,24.1,98.7,5.6,93.8,A
8846,22.7,100,2.6,87,B
8847,13.9,94.7,6.4,78.7,C
8848,0,78.2,7.4,69.2,D
8849,17.7,84.5,7.1,80.7,B
8850,25.3,91.9,5.7,87.9,B
8851,23.6,95.1,8.3,91.1,A
8852,18.2,84.1,4.6,81.7,B
8853,6.7,78.2,7.1,74.9,C
8854,11.3,100,6.3,81.5,B
8855,28.5,72.1,5.7,83.6,B
8856,5.1,73.7,5.2,60.5,D
8857,7,69.1,5.3,64.3,D
8858,21.6,73.7,6.1,77.2,C
8859,12,100,5.4,82.4,B
8860,6.7,100,7.5,79.7,C
8861,25.7,84.1,4.9,82.7,B
8862,18.2,91,9.1,87.8,B
8863,12.3,84.9,4.8,75.4,C
8864,7,70.7,7.8,62.5,D
8865,29.3,100,7.9,100,A
8866,14.8,100,6.3,87.8,B
8867,24.8,89.3,6.2,87.4,B
8868,21.3,74.7,4.5,79.4,C
8869,11.4,82.3,5,73.1,C
8870,11.4,76.7,6.4,69.1,D
8871,25.1,86.2,5.9,93.4,A
8872,25.2,88.7,8.4,93.2,A
8873,1.9,80.9,5.1,69.5,D
8874,18.8,67.5,5.2,73.9,C
8875,14.2,100,2.7,83.2,B
8876,7.8,87.9,7.3,72.1,C
8877,16.8,90.5,7.1,83,B
8878,5.6,79.9,8,74.7,C
8879,11.7,66.3,8.1,70.5,C
8880,9.4,84,7.6,79.1,C
8881,11.5,81.1,7.7,77.9,C
8882,14.5,93.5,7.2,83.8,B
8883,7.9,95.9,7.5,77.3,C
8884,26,94.2,2.3,87.4,B
8885,18.5,96.9,3.8,89.1,B
8886,27.6,100,3.5,91.4,A
8887,13.9,89.7,8.5,84.6,B
8888,11.2,98.2,4.4,81.1,B
8889,27.3,90.9,4.8,85.5,B
8890,11,62.2,6,67.4,D
8891,13.8,83.1,3.5,74,C
8892,20,74.6,6.8,73.6,C
8893,6.3,87.8,1.7,70.8,C
8894,20,75.5,3.6,73.7,C
8895,19.1,92.3,6.4,87.2,B
8896,23.9,96.8,3.5,84.7,B
8897,21.2,99.4,8.6,98.2,A
8898,24.1,100,6.1,90.6,A
8899,14.2,64.9,8.3,79.7,C
8900,9,70.6,6.7,69.7,D
8901,29.8,100,6,95.3,A
8902,4.3,97.1,4,77.7,C
8903,5,87.7,7.9,72,C
8904,19,85.4,6.9,83.4,B
8905,26.4,84.3,10,93.8,A
8906,16.3,61.8,7.7,74.9,C
8907,22,75.7,5.2,80.1,B
8908,1,83.7,6.6,68.5,D
8909,11.5,76.4,6.8,76.9,C
8910,1.9,78,8.3,70,C
8911,20.5,100,8.6,94.6,A
8912,4.2,82,5.7,70.6,C
8913,6.1,88.3,3.6,72.6,C
8914,18.6,87.9,2.3,81.7,B
8915,22.4,92.1,3.7,83.5,B
8916,13.9,79.3,4.8,78.1,C
8917,19,100,9,90.6,A
8918,18.8,90.3,9,83.2,B
8919,13.5,69.6,7.9,73.7,C
8920,7.3,83.7,8.5,73.6,C
8921,19,82.9,4.6,80.7,B
8922,19.3,82.4,3,76.8,C
8923,21.3,91.1,4,83.9,B
8924,17.2,92.6,1.9,81.6,B
8925,6.8,91.2,3.8,76.9,C
8926,19.8,89.1,5,83.8,B
8927,15,86,6.3,83.1,B
8928,11.6,59.2,6.3,67,D
8929,12.9,94.3,4.6,74.5,C
8930,10.2,90.9,7.1,75.4,C
8931,21.2,73.2,4.7,77.3,C
8932,5.1,88.4,6,75.2,C
8933,8,92.8,3.8,73.4,C
8934,12.7,99.1,8.2,88.6,B
8935,26.3,91.1,6,95.3,A
8936,22.4,88.9,7.4,84.9,B
8937,3.5,96.4,3.6,78,C
8938,24.5,81.3,6.3,80.3,B
8939,24.4,89.9,7.1,94.8,A
8940,6.8,77.5,1.9,65.2,D
8941,0,98.3,8.3,74.7,C
8942,14.5,65.7,3.5,68.7,D
8943,22.9,94.8,6.4,86.6,B
8944,26.1,85.2,9.6,96.3,A
8945,8.9,96.6,7.9,78.9,C
8946,27.3,75.6,3,79.6,C
8947,0,86.1,5.6,63.6,D
8948,12.4,85.7,8.5,78.1,C
8949,12.1,90.2,4.4,74.7,C
8950,23.1,72.4,5.3,77.4,C
8951,24.1,92.6,5.2,87.2,B
8952,21.7,62.8,7.1,74.1,C
8953,5.5,77,2.9,70.2,C
8954,21,66.2,7.3,77.9,C
8955,18.6,94.9,4.8,84.9,B
8956,3.3,89.8,6,74.6,C
8957,0.5,90.5,5.6,75.7,C
8958,22.3,100,7.2,94.1,A
8959,13.7,81.2,6,75.9,C
8960,6,92.3,8.9,75.2,C
8961,13.5,85.8,8,81.6,B
8962,17.5,84,4.4,81.9,B
8963,14.4,100,8.7,87.7,B
8964,4.1,100,6.6,77.3,C
8965,28.2,79.8,6.3,88.1,B
8966,22,95,7.7,84.4,B
8967,12.7,88.8,3.9,76.6,C
8968,12.9,89,3.2,77.8,C
8969,17.5,88,6,81.9,B
8970,7.1,81,4.8,73.6,C
8971,17.3,42,10,73.5,C
8972,5.7,100,4.5,74.1,C
8973,14.5,76.7,6.1,77.1,C
8974,6.8,82.1,6.4,72.5,C
8975,7.2,82.4,8.5,69.1,D
8976,26.5,75.6,4,81.4,B
8977,15.4,87.9,2.8,73.4,C
8978,16.5,84.5,8.8,83.7,B
8979,0.9,76.4,6.2,67.6,D
8980,10.8,86.8,7.6,77.9,C
8981,18.2,84.6,7.7,80.7,B
8982,16.4,96.1,8.1,87.3,B
8983,0,68.9,5.2,68.4,D
8984,16.4,75.3,4.7,68.6,D
8985,17.6,93.7,2,80,B
8986,24,77.3,4,79,C
8987,10.4,74.2,6.1,70.6,C
8988,0,77.9,4.6,63.3,D
8989,8,83.8,3.7,69.6,D
8990,7.3,83.8,6.1,74.8,C
8991,20.2,82.5,8.7,84.5,B
8992,0,72.7,5.9,56.7,F
8993,11.9,94.3,3.7,81.2,B
8994,25,100,8.5,98.4,A
8995,15.1,62.1,4.5,67.2,D
8996,21.3,66.4,9,80.7,B
8997,3.5,97,5.5,77.8,C
8998,3.8,100,6.2,79.4,C
8999,25.1,59.4,9.1,85.2,B
9000,15.7,94.8,3.3,81,B
9001,15.7,100,3.9,84.8,B
9002,7.2,74.7,5.3,72.9,C
9003,15.7,100,5.7,83.6,B
9004,7,82.9,10,78.4,C
9005,23.3,88.8,4.2,78.1,C
9006,34.1,76.4,3.4,82.4,B
9007,18.4,97,4.1,85.2,B
9008,10.6,95,6.5,81.8,B
9009,0,100,7,73.2,C
9010,3.2,100,4.6,72.1,C
9011,25.9,84.9,6,86.2,B
9012,7.8,100,9.9,84.3,B
9013,12.4,100,6.1,75.6,C
9014,19.6,91.5,6.6,87,B
9015,25.4,73,9.8,87.2,B
9016,13.6,66.6,4.6,70.5,C
9017,12.2,67.7,4.5,68.5,D
9018,15.5,73.8,5.1,70.1,C
9019,10.6,100,4.9,76.6,C
9020,11,90.8,2.4,78.3,C
9021,17.9,77.6,6.3,77,C
9022,16.3,83.4,6.4,82.4,B
9023,29.9,81.9,5.6,85.4,B
9024,18.1,94.6,6.5,85.4,B
9025,23.1,74.5,6.5,80.6,B
9026,7.5,89.2,3.4,70.9,C
9027,18.7,88.6,6.6,82.8,B
9028,9.9,74.8,7.1,77.3,C
9029,17.8,100,2.8,88.5,B
9030,19.8,81.5,8.9,85.6,B
9031,15.3,73.1,3.5,70.8,C
9032,31.9,95.2,3.7,88.7,B
9033,25,85.7,6.4,83.1,B
9034,23.2,89.9,7.1,92.6,A
9035,20.4,70.8,7.6,75.4,C
9036,27.3,94.7,7.1,91.8,A
9037,4.9,100,5,76.1,C
9038,24.6,69.8,6.2,73.2,C
9039,8.1,89.3,5.4,70.9,C
9040,11,75.6,6.3,69.1,D
9041,18.9,100,6.1,85.6,B
9042,23.6,99.9,5,90.4,A
9043,6.9,88.4,5.3,76.5,C
9044,11.4,70.3,2.3,64.6,D
9045,15.7,73.2,7.7,75.9,C
9046,13.7,94,6.6,81.7,B
9047,21,68.7,1.4,69.7,D
9048,39.1,69,7.6,94.5,A
9049,17.9,85.1,5.9,82.5,B
9050,9.9,86.6,4.1,65.4,D
9051,5.9,89.6,3.9,73.3,C
9052,12.7,79.7,4.6,74.2,C
9053,8.4,96,4.1,76.6,C
9054,18.3,74.7,4.4,79.4,C
9055,18.2,92.5,9.4,82.9,B
9056,11.8,87.6,6.7,74.7,C
9057,28.9,92.2,10,96.7,A
9058,9.9,99.2,6.5,73.9,C
9059,14.2,79.5,7.2,77.2,C
9060,19.5,77.1,4.2,80,B
9061,21.2,64.7,5.7,77.2,C
9062,23.9,60.8,5.8,77.1,C
9063,18,82.9,7.2,81.3,B
9064,22.4,83.7,5.9,82.7,B
9065,10.3,72,6.7,70.3,C
9066,21.4,74.5,6.6,81.6,B
9067,21.3,100,5.4,83.8,B
9068,25.6,95.5,5.2,94.2,A
9069,3.3,69.9,4.7,61,D
9070,8.6,79.7,8.2,76.6,C
9071,20.8,89.9,5.4,84.6,B
9072,0,77.5,6.7,62.4,D
9073,18.4,75.3,5.7,81.6,B
9074,22.4,80.9,8.1,88.9,B
9075,11,98.1,2,71.3,C
9076,12,99.2,6.6,82.4,B
9077,7.5,76.2,3.5,67.8,D
9078,11.3,90.5,6.8,73,C
9079,11.6,84.9,5.7,69.7,D
9080,10.2,72.9,3,65.1,D
9081,9.8,81.4,6.7,70.8,C
9082,13.1,69.8,6.4,69.6,D
9083,13,99,5.5,78.1,C
9084,28.1,100,5.8,93.7,A
9085,12.2,80.1,6.3,72.9,C
9086,17.4,77.2,8.4,84.2,B
9087,11,97.7,5.4,80.4,B
9088,10.9,99.6,8,86,B
9089,3.1,71.6,5.9,60.1,D
9090,4,83.2,8.6,71.4,C
9091,6.6,84.3,5.5,72.3,C
9092,16.3,75.8,4.7,76.4,C
9093,22.5,89.6,3.8,81.8,B
9094,2.5,76.6,5.9,65.1,D
9095,11.2,78.5,4.4,70.8,C
9096,5.4,83.8,8.8,73.9,C
9097,13.2,67.1,4.3,75.6,C
9098,22.5,60.3,4.6,75.1,C
9099,11.9,96,7.2,82.2,B
9100,14.7,76.1,8.4,74.7,C
9101,25.2,100,7.5,90.1,A
9102,18.2,100,8.1,88.8,B
9103,9.7,78.9,5.8,76.1,C
9104,16.1,100,5.9,84.5,B
9105,9.2,96.3,10,83.1,B
9106,17.9,77.3,9.4,80.3,B
9107,18.6,54,7.4,67.1,D
9108,5.4,93.3,8.2,78.8,C
9109,16.2,85.4,7.7,81.4,B
9110,14.2,90.2,3.6,78.7,C
9111,18.8,82.3,5.9,81.3,B
9112,20.8,71.3,9,79.2,C
9113,18.3,79.9,7.4,82.1,B
9114,12.9,93.5,5.9,76.5,C
9115,21.5,80.7,9,86.7,B
9116,8.9,80.7,6.7,73.6,C
9117,5.8,66.8,7.5,72,C
9118,0,86.1,6.7,66.5,D
9119,14.5,71.7,7.1,71.2,C
9120,9.2,96,7.2,78.9,C
9121,17.8,76.2,8.6,82.9,B
9122,1.2,81.5,8.9,62.5,D
9123,10.5,100,5.1,82.6,B
9124,18.3,81.3,6.7,80.4,B
9125,7.8,79.7,8.5,71.4,C
9126,17.9,92,5.7,82.3,B
9127,11.1,63.6,3.4,63,D
9128,14.8,100,4.2,78.4,C
9129,19.2,96.9,4.3,78.6,C
9130,21.7,91.3,5.1,87.4,B
9131,15.6,44.5,4.5,61.5,D
9132,9.3,81.9,8.1,75,C
9133,11.8,69.7,5.4,73,C
9134,19.5,98.5,8.5,90.4,A
9135,7.9,97.6,3.7,70.8,C
9136,13.8,89.7,5.3,81,B
9137,12.3,70.6,6.2,76.5,C
9138,14.3,100,7.6,87.4,B
9139,7.9,81.9,8.3,72.8,C
9140,2,100,4.9,69,D
9141,18.6,88.2,8,82.6,B
9142,21.7,91.1,2.6,82.6,B
9143,2.5,79.5,7.7,74,C
9144,17.6,100,3.3,80.9,B
9145,22.6,92.3,6.9,86.5,B
9146,19.2,100,8.3,93.4,A
9147,12.1,87.1,7.8,78.5,C
9148,8.4,84.4,2.7,75.1,C
9149,15.6,92.1,5.1,80.5,B
9150,16.7,100,7.4,91,A
9151,15.7,97.2,7.4,86.7,B
9152,13.7,86.7,6.6,81.5,B
9153,7.4,62.7,1.6,59.5,F
9154,18,94.7,8.4,87.3,B
9155,18.3,67.7,8.8,79.9,C
9156,16.4,85.4,6.3,83,B
9157,15.8,83.6,6.5,81.3,B
9158,26.8,68,7,77.6,C
9159,10.6,89.5,8.9,81.7,B
9160,24,100,6.5,89.8,B
9161,9.9,81.2,5.6,71.7,C
9162,22.8,94.2,6.8,90.5,A
9163,23.6,100,6,96,A
9164,12.9,95.4,6,80.5,B
9165,26.6,77.3,2.5,86.7,B
9166,18.3,87.8,7,80.5,B
9167,8.9,90.8,8.3,83,B
9168,12.4,100,8,86.2,B
9169,22.9,99.6,7.9,93.1,A
9170,21.5,51.8,5.9,76,C
9171,7.6,74.7,6.3,68.2,D
9172,14,84.2,8.4,84.7,B
9173,16.4,72.8,7.7,77.2,C
9174,11.4,40.6,9,62,D
9175,31.5,76.3,4.7,82.7,B
9176,16.6,85,4.6,83.4,B
9177,14.6,78.7,5.3,79.1,C
9178,23.3,73,4.1,77.3,C
9179,12.4,85.5,3.4,75.8,C
9180,22.1,89.1,6.9,87.3,B
9181,3.3,79.4,6.8,68.2,D
9182,11.8,100,6.5,85.6,B
9183,22.3,85.7,6.7,83.8,B
9184,26,74.5,3.1,73.4,C
9185,9.6,71.5,5,69.8,D
9186,8.8,82.4,5.4,73,C
9187,19,98.4,6.1,85.2,B
9188,10.6,75.1,3.1,66,D
9189,13.1,92.2,4.1,73.3,C
9190,21.1,86.1,5.1,81.9,B
9191,11.2,100,8.1,81.5,B
9192,1.2,89.7,6.5,73.9,C
9193,5.9,76.6,8,73.2,C
9194,15.1,93.8,5.8,80.5,B
9195,2,94.2,6,74.2,C
9196,12.9,80.2,7,76.7,C
9197,5.3,71,5.6,65.5,D
9198,26.5,91.4,4.8,88.3,B
9199,30.2,85.8,3,92.4,A
9200,7.6,66.8,4.8,67.4,D
9201,16.8,88.1,7.7,82.6,B
9202,8.3,77.4,8.5,77,C
9203,12.8,66.8,4.5,71.6,C
9204,27.6,80.8,2.5,83.6,B
9205,11.7,100,7.9,83.2,B
9206,13,99.5,6.1,81.7,B
9207,8.4,96.4,3.3,71.7,C
9208,23,88.2,0,79.6,C
9209,0,92.1,4.1,66.2,D
9210,11.9,86.2,5.1,74.7,C
9211,14.7,71.7,3.7,73.1,C
9212,10.4,74.1,7.4,78.4,C
9213,21,77.7,4.4,80.1,B
9214,23.4,100,6,90.5,A
9215,5.1,97.9,10,81,B
9216,29.7,72,6.2,89.1,B
9217,5,85.6,5.8,72.7,C
9218,24,80.2,5.8,84.4,B
9219,16,83.1,7.3,81.6,B
9220,11.5,78.6,7.1,71.1,C
9221,12.1,100,4,81.1,B
9222,14.8,84.8,5.2,75.2,C
9223,16.5,87.6,4.7,80.7,B
9224,8.6,87.7,5.4,72.3,C
9225,13.4,72.7,9.7,79.5,C
9226,9.6,86.3,7.2,76.5,C
9227,6.5,97.7,5.8,73.6,C
9228,9.3,100,8.5,82.3,B
9229,7,71.2,6.4,75.1,C
9230,12.1,66.8,2.7,59.5,F
9231,18,85.7,9.3,86.1,B
9232,15.8,98.3,5.7,81.1,B
9233,28.8,89.3,1.5,89.7,B
9234,0,93.2,2.8,69.3,D
9235,18.3,68.7,8.3,78.9,C
9236,15,78.1,2.8,75.6,C
9237,20.7,58.6,8.7,77.8,C
9238,20,83.3,6.2,82.4,B
9239,13.8,59,7.4,68.8,D
9240,16.2,100,5.5,83.7,B
9241,9.8,100,7,80.4,B
9242,19.3,86.7,6.6,83.7,B
9243,1.8,66.8,5.9,56.9,F
9244,20.4,89.5,3.9,85.3,B
9245,14.8,100,6.7,91,A
9246,11.6,90.7,2.4,72.9,C
9247,13.4,99.2,7.9,88.7,B
9248,13.9,79.2,6.4,76.2,C
9249,24.1,74.5,6.9,81.4,B
9250,37.6,84.1,0.8,88.3,B
9251,23.5,61.9,3.7,74.7,C
9252,11,100,5,78.1,C
9253,19.4,86.7,7.3,86.4,B
9254,19.7,95.4,4.1,82.5,B
9255,8.5,79.5,10,73.8,C
9256,6.2,66.5,5.5,65.1,D
9257,14.6,100,4,79.6,C
9258,20.7,71.5,5.6,77,C
9259,3.7,89.2,4.1,69.6,D
9260,10,90.3,3.6,70.3,C
9261,19,85.9,8,89.2,B
9262,15.3,75.6,7,79.5,C
9263,24.9,83.2,7,85.2,B
9264,5.1,73.6,8.6,70.5,C
9265,31.5,94.7,7,98,A
9266,4.2,91.9,3.9,71.5,C
9267,0.8,84.7,7.4,75.6,C
9268,14.6,78.2,3.7,72.9,C
9269,7.1,100,5,80.9,B
9270,14.7,69.4,5.9,69.1,D
9271,14.5,66.5,5.7,68.1,D
9272,13.6,84,2.4,78.4,C
9273,9.1,81.9,4.1,69.9,D
9274,18,98.2,6,82.5,B
9275,12.8,92.8,4.8,78.6,C
9276,22.7,85.4,8.3,91.5,A
9277,13.7,91,8.6,81.1,B
9278,8.2,90.8,3.8,73.3,C
9279,3.2,100,6.1,70.2,C
9280,13.8,88,9.2,81.6,B
9281,6.1,76.8,5.7,72.1,C
9282,5.6,87.4,5.2,69.5,D
9283,18.7,53.6,7.7,68.8,D
9284,2.6,84.6,5.5,66.6,D
9285,24.9,98.1,8.5,92.4,A
9286,16.1,92.2,4.8,83.4,B
9287,14.7,88.6,5.1,80.1,B
9288,7.8,92.8,7.6,80,B
9289,20.4,98.2,6.2,88.2,B
9290,15,100,6.2,82.8,B
9291,10.2,90.4,2.2,70.5,C
9292,16.4,81.2,5.3,79.2,C
9293,3.2,57.2,7.7,67.1,D
9294,3.6,96.7,4.4,70,C
9295,7.2,91.2,7.4,74,C
9296,17.4,86.8,6.5,78.8,C
9297,15,76.7,5.6,78.1,C
9298,22.3,96.6,8.7,91.9,A
9299,8.6,81.9,5.3,74,C
9300,19,84.6,5.5,79.7,C
9301,14.2,84.3,5.6,79.6,C
9302,8.4,90.4,6.2,75.4,C
9303,17.7,71.2,7.5,73.3,C
9304,14.5,91.8,3.1,80.4,B
9305,10.6,76.3,7.7,74.6,C
9306,15.3,76.8,6.1,75.5,C
9307,14.1,95.6,7.1,84.4,B
9308,13.9,73.1,10,74.4,C
9309,12.1,95.6,5,80.8,B
9310,5.9,86.2,3.6,67.9,D
9311,15.5,65.2,6.4,72.3,C
9312,9.4,100,6.7,84.5,B
9313,7.9,88.7,7.7,79.1,C
9314,13.3,89.7,4.9,77.7,C
9315,20.1,97.1,4.3,85,B
9316,16.3,100,2.9,74.1,C
9317,11.3,87.4,3.3,71.4,C
9318,11,92.4,5.2,78.2,C
9319,19.5,89.5,5.8,81.4,B
9320,0,80.9,10,67.1,D
9321,20.6,66,2.6,73.8,C
9322,1.9,87.6,6.7,74.9,C
9323,5.1,100,4.5,73.1,C
9324,11.4,92,6.4,82,B
9325,30.2,72.2,4.9,86.7,B
9326,26.7,98.2,8.1,92.2,A
9327,19.9,81.3,8.1,81.7,B
9328,17.5,59.9,5.8,77,C
9329,2,97.2,8.9,73.8,C
9330,16.1,73.7,7.5,75.8,C
9331,11.2,100,8.8,90.8,A
9332,9.3,98.8,5.9,77.9,C
9333,16.1,82.3,7.9,85.2,B
9334,11.7,90.5,4.5,73.7,C
9335,21.1,100,4.3,87.3,B
9336,1.4,97,10,81.3,B
9337,15.5,87.9,3.8,76.5,C
9338,8.8,100,5.1,79.1,C
9339,12.1,86.4,2.2,75.1,C
9340,17.1,92,4.3,78.4,C
9341,7.2,73.8,4,73.5,C
9342,16.1,64.9,4.7,74.2,C
9343,13.5,81.5,6.6,76.3,C
9344,10.4,85.5,7.1,76.3,C
9345,11.7,89,4,81.3,B
9346,13.9,68,4.4,69.1,D
9347,9.6,92.9,8.2,79.1,C
9348,15,75,9.4,83,B
9349,13.1,92.3,8.5,79,C
9350,10.7,96.2,2.7,75.7,C
9351,26.1,80.3,8.4,88.8,B
9352,17.9,73.4,9.7,79.4,C
9353,12.3,100,2.6,73.7,C
9354,16,95.5,8.2,86.4,B
9355,7.8,86.8,6.5,76.9,C
9356,11.9,100,5.3,79.3,C
9357,12.8,86,6.2,74.4,C
9358,6.3,77.6,6.9,74.7,C
9359,17.7,73,8.3,81.1,B
9360,11.5,83.7,8.2,77.5,C
9361,12.5,94.3,3,79.7,C
9362,11,100,4.7,80.6,B
9363,35.7,85.3,6.2,100,A
9364,10.4,99.6,9.1,86.6,B
9365,0.5,82.4,0.5,56.5,F
9366,3.8,75.6,4.8,63.8,D
9367,20.3,69.3,2.9,71.9,C
9368,24.4,78.9,3.3,81.5,B
9369,10.2,69.8,8,71.4,C
9370,24,100,4.9,86.5,B
9371,20.2,90.3,1.3,81,B
9372,13.7,83.9,5.7,80.3,B
9373,13.2,100,10,87.6,B
9374,16.3,69.4,2.4,70.7,C
9375,21.1,83.4,7.1,81.4,B
9376,17.8,100,9.1,88.7,B
9377,10.3,83.3,5.9,73.3,C
9378,13.8,100,9.9,89.8,B
9379,28.9,94.4,4.7,92,A
9380,16.8,100,8.9,88.3,B
9381,21.1,100,8.4,90.8,A
9382,18.8,85,5.9,75.9,C
9383,16.9,79.1,3,79.6,C
9384,15.8,83.6,4,70.5,C
9385,21.3,73.2,1.3,75.1,C
9386,20,84.2,7.2,84.1,B
9387,16.8,84.9,6.9,80.8,B
9388,10.1,100,6.2,81,B
9389,17.7,92.1,5.8,81.4,B
9390,14.5,100,8.7,89.3,B
9391,12.8,59.1,6.6,64.9,D
9392,33.8,70.4,4.9,87.5,B
9393,4.2,80.7,6.3,67.8,D
9394,21.7,100,10,93,A
9395,9,83.7,7.2,74.3,C
9396,15.9,67.4,5.2,72,C
9397,33,82.1,5.9,92.9,A
9398,8.3,70.6,6.9,69.8,D
9399,9.9,68.3,5.2,71,C
9400,14.9,100,5,86.3,B
9401,9.1,80.8,6,74,C
9402,21.2,87.1,9,90.1,A
9403,11.3,83.9,7.6,83.8,B
9404,19.6,82,5.2,76.2,C
9405,5.7,74.9,7.7,73.8,C
9406,2.4,81.3,6,72.9,C
9407,13.4,89,6.7,81.4,B
9408,4,100,6.5,82.5,B
9409,25.6,96.4,1.8,91.4,A
9410,4.3,70.4,0,57.5,F
9411,7.7,96.9,6.5,77.6,C
9412,17.9,90.7,4.3,82.8,B
9413,10.9,77.5,2.7,67.5,D
9414,4.4,87.2,4.4,78,C
9415,29.3,91.9,7.8,96.8,A
9416,8,85.6,6.7,75,C
9417,13.6,90.8,7.5,77.7,C
9418,13.5,74.6,6.9,76.1,C
9419,20,100,4.2,82.4,B
9420,18.2,61.8,7.6,77.3,C
9421,9.2,91.9,7.2,71.1,C
9422,12.7,89.4,5.8,82.8,B
9423,13.4,92.7,6.1,79.5,C
9424,20.2,76.5,7.6,76.7,C
9425,6.8,99,4.5,76.1,C
9426,29.1,83.7,8.2,91.8,A
9427,9.7,70.8,7.1,71.1,C
9428,14.9,71.9,6,78.4,C
9429,6.9,86.5,9.1,78.3,C
9430,5.9,65.8,3.4,64.6,D
9431,8.9,100,5.1,78,C
9432,8.2,97.6,4.6,78.1,C
9433,12.1,100,6.7,79.2,C
9434,8.1,100,8.4,82.9,B
9435,19.9,80.8,4,76.5,C
9436,9.5,74.6,10,79.9,C
9437,8.7,52.9,4.7,61.4,D
9438,12.2,80.1,6.7,78.1,C
9439,21.9,100,6,90.5,A
9440,16.5,75.1,6.1,82.1,B
9441,14.3,82.5,4.4,71,C
9442,5,78.3,8.1,71.4,C
9443,7,89.5,4.3,69.7,D
9444,6.1,100,2.5,67.3,D
9445,24.1,66.5,3.8,73.5,C
9446,18.7,68.8,8.9,83,B
9447,9,100,8.5,82.8,B
9448,11,93.8,2,73.8,C
9449,9.2,81.9,7.6,77.9,C
9450,8.8,100,2,75.4,C
9451,18.2,68.6,5.9,77.3,C
9452,13,96.2,3.6,79.6,C
9453,29.6,84.2,7.8,93.4,A
9454,23.8,92.3,7.1,88.2,B
9455,24.2,56.4,8,81.1,B
9456,19.7,81.9,5.4,77.1,C
9457,12,93.8,5.6,79.3,C
9458,19.2,84.2,3,81.6,B
9459,12.6,100,3.9,79.7,C
9460,26.4,99.7,7.9,93.9,A
9461,17.8,73.5,6.7,84.8,B
9462,16.8,94.9,6.2,88.5,B
9463,15.9,73.1,8.5,78.9,C
9464,27.2,85.6,3.4,82.4,B
9465,5,92.9,7.4,70,C
9466,27.9,75,3.6,84.4,B
9467,13.7,94.4,9,88.8,B
9468,5.2,78.9,7.1,72,C
9469,9.7,78,7.9,69.8,D
9470,3.4,93.5,4.6,72.2,C
9471,19.6,75,10,82.2,B
9472,7.7,74.4,10,75,C
9473,16.2,97.5,6.9,91.3,A
9474,22.9,86.3,8.4,90.7,A
9475,10.3,67.6,5.4,70.2,C
9476,13.1,95.3,3.5,78.2,C
9477,5.9,80.1,7.6,73.6,C
9478,12.3,68.2,4.2,66.6,D
9479,33,54.9,8.6,86.5,B
9480,20.4,95.8,8.1,89,B
9481,13.1,74.7,6.5,72,C
9482,10.7,70.1,6.4,73.3,C
9483,14.7,92.7,8,77.3,C
9484,15.9,94.7,6.5,82.2,B
9485,12.1,75.6,5.2,74.3,C
9486,18.7,96,3,85.8,B
9487,8.3,100,7.9,83.2,B
9488,8.3,100,6.7,78.3,C
9489,17.6,99.3,10,90.8,A
9490,6.8,88.8,5.8,74.9,C
9491,20.1,79.7,6.6,86.4,B
9492,14.9,84.3,6.7,82.3,B
9493,2.2,90.3,7.3,75.7,C
9494,15.8,69.9,4.1,72.1,C
9495,3.2,75.8,5.8,63.5,D
9496,19.9,67.9,7.7,74.3,C
9497,13.3,87.8,5.3,77.1,C
9498,28,86,7.6,93.1,A
9499,22.5,77.2,6.2,80.6,B
9500,7.6,94.8,6.8,79.7,C
9501,0.9,72.5,8.3,64.3,D
9502,9.7,76.7,5.5,69.6,D
9503,6.5,94.4,3.1,76.7,C
9504,27.8,96.1,5.5,94.3,A
9505,14.9,75.5,4.3,72.7,C
9506,21.5,87.8,1.7,77.4,C
9507,13,75.7,5.8,76.8,C
9508,13.7,82.6,6.4,80.4,B
9509,14.8,86.7,8,83.9,B
9510,22.7,91.7,3.7,84,B
9511,17.2,88.8,6.2,79,C
9512,7.6,88.3,8.3,77.3,C
9513,26.4,72.1,4.9,85.8,B
9514,13,89.7,7.1,77.7,C
9515,11.8,91.6,9.2,83,B
9516,0,93.3,2.3,71.2,C
9517,19.4,76.4,6.5,79,C
9518,15.7,96,8.3,85.9,B
9519,15.7,69.2,5.3,69,D
9520,12.2,79.8,8.8,80.3,B
9521,11,81.7,7.3,74.1,C
9522,12.4,69.9,9.5,71.2,C
9523,18.2,81.5,7.2,78.8,C
9524,19.5,87.7,9.7,88.4,B
9525,13.4,63.1,6.6,65.9,D
9526,21.6,80.3,3.3,74.9,C
9527,14.4,64,4.7,71.2,C
9528,11.5,100,8,84,B
9529,16.4,87.5,8,80.7,B
9530,5.5,86.5,5.4,70.7,C
9531,16.6,87.8,9.6,90.8,A
9532,4.2,92.3,5.3,76.6,C
9533,7.8,96.7,6.9,78.7,C
9534,0.9,66.2,6.9,65.2,D
9535,13.8,100,3.3,80.7,B
9536,26.3,99.9,5.8,87.3,B
9537,14.2,84.2,10,77.1,C
9538,19.5,83.6,4.2,77,C
9539,31.5,47.8,7.3,74.8,C
9540,17.8,70.1,3.7,73.8,C
9541,9.6,91.2,4.1,73.4,C
9542,10.6,99.4,3.2,78.8,C
9543,15,93.7,7.9,85.8,B
9544,10.6,84.1,4.3,75.4,C
9545,11.1,100,8.5,81.8,B
9546,21.9,97.1,4.9,88.8,B
9547,22.2,80.3,6.3,80.2,B
9548,3.5,100,6.8,78.9,C
9549,9.3,71.8,2.8,69.8,D
9550,11.8,67.3,6.4,72.9,C
9551,19.2,79.9,6.7,80.7,B
9552,23,75.9,8.3,86.2,B
9553,33.9,80.6,4.1,84.8,B
9554,11.7,94.6,4.4,72.8,C
9555,12.1,84.6,7.3,79.7,C
9556,19.1,84.9,8.8,89.4,B
9557,10.2,85.7,4.8,70.6,C
9558,14,57.3,3.5,65.4,D
9559,12.1,66.8,5.4,70.9,C
9560,0,80.4,4,61.9,D
9561,15.9,74.9,6.8,76,C
9562,13.7,82.2,3.8,76.3,C
9563,23.9,100,7.9,93.8,A
9564,15,84.1,6.4,79.6,C
9565,6.2,69.1,8,66.2,D
9566,13.2,75.5,1.2,68.4,D
9567,0.4,100,2.5,68.1,D
9568,6.5,100,8.6,80.2,B
9569,19.4,92.2,4.6,81.6,B
9570,13.3,66.3,3.1,67.4,D
9571,21.5,88.7,5.6,82.1,B
9572,1.2,89.6,6.5,71,C
9573,13.3,85.3,5.7,76.4,C
9574,11.7,78.2,6.9,72.4,C
9575,21.7,80.6,6.7,77.5,C
9576,19.7,77.3,6.6,83.3,B
9577,19.5,71.3,8.7,83,B
9578,25.8,100,6,90.1,A
9579,12.4,95.6,5.9,82.9,B
9580,24.3,81.6,7.6,83.7,B
9581,7.7,89.2,7.1,75.5,C
9582,7.4,89.7,4.2,71.3,C
9583,20.3,100,5.8,87.3,B
9584,4.5,95.5,6.9,77.9,C
9585,19,95,4.8,83,B
9586,15.7,85.5,4.9,77.4,C
9587,22.5,79.8,3.2,81.7,B
9588,14.6,100,0.2,77.4,C
9589,15.4,92.8,5.3,79.5,C
9590,18.6,75,6.3,79.2,C
9591,10.4,90.4,3.8,77.9,C
9592,10.1,95,8.8,85.4,B
9593,18.3,59.9,3.9,66,D
9594,14.8,73.9,7.8,73.3,C
9595,12.1,89.4,6.8,82.5,B
9596,14.4,61.9,10,74.2,C
9597,26.2,63.8,7.1,74.5,C
9598,11.9,81.8,3.1,69.9,D
9599,11.7,90.9,8.1,79.9,C
9600,3,91.5,9.4,75.5,C
9601,14.7,100,2.5,82.3,B
9602,19.6,86,7.3,81.6,B
9603,20.9,80.5,7.7,86.7,B
9604,15.8,69.3,5.6,74.3,C
9605,21.7,80.4,1.2,72.7,C
9606,20.1,93.5,5.4,84.3,B
9607,22.8,94,4.8,88.2,B
9608,21.9,88.2,9.1,89.2,B
9609,26,91.6,5.8,90.6,A
9610,13.8,100,5.2,80.8,B
9611,5.7,85.9,4.8,72.7,C
9612,19.6,100,6.7,87.5,B
9613,20.5,76.3,6.1,87.8,B
9614,26,84.1,4.4,81.1,B
9615,24,79.2,6.5,92.4,A
9616,28.6,94.5,4.9,88.5,B
9617,19.3,72.8,0.8,75.5,C
9618,16.6,81.1,7.3,82.9,B
9619,5.3,62.7,7.1,62.4,D
9620,17.2,92.1,6.4,85.5,B
9621,11.1,100,5.1,79,C
9622,16.5,95.9,5.9,84.7,B
9623,15.4,94.8,7.6,85.3,B
9624,18.3,95.1,4.7,82.6,B
9625,14.3,93.4,7.7,82.3,B
9626,21.5,92.4,3.1,84.1,B
9627,0,93.1,6.3,68.4,D
9628,16.3,77.1,6.1,74.7,C
9629,23.4,82.6,8,89.8,B
9630,28.1,85.8,4.2,88.3,B
9631,20.1,81,4.4,75.6,C
9632,26.8,66.2,3.2,74.8,C
9633,16.2,70.2,4.9,66.8,D
9634,15,87.8,6.5,83.4,B
9635,18.7,95.9,2.4,83.5,B
9636,15,85.1,5.1,74.7,C
9637,9.5,100,7.2,83.8,B
9638,11.4,74,5.8,78.1,C
9639,7.2,90.3,6.2,70.7,C
9640,18.7,100,3,81.8,B
9641,15.1,97.8,5.8,78.8,C
9642,12.5,92.9,6.1,82.9,B
9643,11,97.8,5.7,80,B
9644,18.5,85.7,6.3,81.1,B
9645,20.5,100,5.4,88.5,B
9646,7.1,100,5.1,75.7,C
9647,6,74.8,3.9,64.9,D
9648,21.7,88.9,7.9,88.6,B
9649,5.4,66.4,3.5,60.4,D
9650,18.8,100,6.3,86.3,B
9651,26.3,87.7,9.6,92.4,A
9652,26.3,100,8.2,95.9,A
9653,20.2,83.7,7,85.5,B
9654,20,62.7,6.5,77.1,C
9655,30.8,100,5.7,91.5,A
9656,0,86.6,4.2,70.4,C
9657,11.7,73,5.5,71.9,C
9658,20.9,98.7,7.1,88.8,B
9659,12.6,100,6.8,80.9,B
9660,23.7,82.6,7.6,92.5,A
9661,14.7,83.8,8.4,88.4,B
9662,15.9,87.9,5.7,86,B
9663,13.1,71.7,6.4,73.6,C
9664,11.3,76.7,2.2,69.8,D
9665,11.2,100,10,90.9,A
9666,16.9,83.4,5.2,78.2,C
9667,9.6,74.9,7.3,74.6,C
9668,21.7,79.6,5.2,81.8,B
9669,19.6,97.9,5.1,91.8,A
9670,22.7,61.3,5.5,80,B
9671,7.1,88.1,3.5,70.8,C
9672,3.1,100,1,74.2,C
9673,15,100,8.3,87.2,B
9674,35.3,91.9,7.1,96.4,A
9675,23.9,100,4.2,88,B
9676,11.1,100,6.9,83.1,B
9677,18,83.5,7.6,80.4,B
9678,20.1,96.1,4.6,83.6,B
9679,5.4,100,6.8,73.9,C
9680,24.6,69.8,8,80.7,B
9681,13.8,91.9,3.1,77.9,C
9682,14.4,89.3,7.1,84.5,B
9683,15.2,86.2,6.7,83.2,B
9684,23,85.2,9.8,90.9,A
9685,9.7,87.8,7.1,72.8,C
9686,3.1,88.8,5.2,67.9,D
9687,17.3,98.4,5.4,84.3,B
9688,0.7,90.7,10,78.1,C
9689,12.9,82.9,5.3,74.2,C
9690,23.3,74.9,7.2,79.4,C
9691,19.1,79.3,5.5,83.8,B
9692,22.3,88.1,8.2,86,B
9693,19.3,76.5,8.3,78.6,C
9694,31.9,96.4,6,96.4,A
9695,10.9,90.2,5.2,76.7,C
9696,17.8,98.7,5.1,83.5,B
9697,11.9,77.3,2.5,69.8,D
9698,21.7,75,6.2,77.9,C
9699,14.6,98.6,6.2,82.3,B
9700,27,86.6,4.4,86.6,B
9701,11.3,82.6,2.3,64.9,D
9702,24.8,93.4,6.4,92.8,A
9703,19.2,92.9,6.7,81.7,B
9704,14.8,69.9,6.8,71.6,C
9705,18.8,100,4,87.9,B
9706,16.8,80.1,6.8,81.3,B
9707,17.5,100,5.6,86.2,B
9708,13.6,69,7.7,69.2,D
9709,10.1,88.8,4.1,72.6,C
9710,12.7,82.8,8.3,78.6,C
9711,3.2,61.3,9,64.9,D
9712,20.9,92.9,6.2,90,A
9713,6.4,61.9,6.8,71.2,C
9714,13.5,81.5,7.6,80.4,B
9715,19.5,98.3,3.9,83.2,B
9716,20.9,78.6,5,83.6,B
9717,2.6,74.2,6.4,64.5,D
9718,14.4,94.6,10,79,C
9719,18.2,82,3.6,73.8,C
9720,15.4,80.1,9.3,74.4,C
9721,24.4,100,5.6,89.9,B
9722,9.2,71,5.9,69.1,D
9723,0.7,79.5,8.4,64.5,D
9724,20.7,95.4,10,89.3,B
9725,11.2,70.2,6.8,67.6,D
9726,2.7,100,8.3,77.6,C
9727,13.9,82.4,4.2,72.5,C
9728,23.6,95.5,4.9,91,A
9729,6.2,95.5,3.3,73.5,C
9730,31.4,83.2,5,94.2,A
9731,9.1,79.3,7.1,72.6,C
9732,15.6,84.5,6.4,86.3,B
9733,6.5,93.6,9.5,79.9,C
9734,15.3,73.2,10,78.2,C
9735,14.1,70.6,5.7,80,B
9736,4.6,100,4.6,69.5,D
9737,34.8,76.2,8.3,91.8,A
9738,11.5,89.2,8.5,76,C
9739,11.5,82.6,6.9,71.1,C
9740,21.8,83.1,7.4,78.9,C
9741,27.7,100,7.1,97.1,A
9742,22.9,84,4,78.2,C
9743,6.6,80.7,3.6,67.5,D
9744,16.5,81.8,5.9,81.6,B
9745,1.8,79,5.6,67.9,D
9746,21.3,77,6.6,82.8,B
9747,3.6,79,5.7,71.6,C
9748,9.4,100,2.6,81,B
9749,15,93.5,1.8,73.3,C
9750,18.1,80.9,7.5,83.1,B
9751,13.2,96.8,4.7,79.5,C
9752,25.6,66,5.5,79.2,C
9753,20.1,100,4.9,82.4,B
9754,19.5,100,4.2,84,B
9755,6.4,100,4.1,74.5,C
9756,26.9,97.1,8,99.1,A
9757,9.4,90.2,5.5,72.7,C
9758,27.2,100,7.3,87.9,B
9759,29.2,77.5,7.5,88.8,B
9760,18.6,80.3,6.6,77,C
9761,22.2,84.2,7.6,85.7,B
9762,0,100,6,75.2,C
9763,13.6,74.7,8.7,77.3,C
9764,22.7,73.5,7.6,81.4,B
9765,21.5,87.8,7.9,86.8,B
9766,6.5,93.6,4.1,76,C
9767,12.9,76.6,6.5,71.6,C
9768,0,93,2.3,68.5,D
9769,17.9,100,8.8,87,B
9770,1.8,99.4,4.8,74.7,C
9771,22.9,89.2,5,80.7,B
9772,23.3,83.9,3.3,83.2,B
9773,11.7,100,5.9,81.6,B
9774,18.6,85.2,5.5,81.5,B
9775,13.5,96.3,9.6,89.2,B
9776,16.7,100,7.7,85.3,B
9777,7,95,5,75.3,C
9778,19.4,73,2.7,74.9,C
9779,3.5,70.1,1.4,58.7,F
9780,2.2,81.4,3.9,67.8,D
9781,14.1,93.5,3.3,79.3,C
9782,13.5,90.3,6.7,79,C
9783,16.9,100,5.7,89.3,B
9784,10.5,90.2,6,79.2,C
9785,28.2,81.1,4.1,82.7,B
9786,16.1,71.4,6.3,72.8,C
9787,16.6,99.2,3.2,81.3,B
9788,16.4,84.9,5.8,81.2,B
9789,22,66.9,7.7,73.2,C
9790,19,85.3,5.3,78.9,C
9791,18.1,73.1,6.9,76.4,C
9792,20.2,79.9,2,72,C
9793,2.2,85.1,1.9,61.5,D
9794,2.5,74.1,6.7,67,D
9795,14.5,79.1,8.1,77.6,C
9796,13.6,76.1,5.5,73,C
9797,19.1,76.4,10,79.7,C
9798,15.1,72.9,3.1,70.7,C
9799,19.1,79.2,4.6,73.9,C
9800,6.3,74.3,6.3,73.4,C
9801,14.9,92,6.9,87.9,B
9802,5.6,87.4,4.8,70.1,C
9803,17.7,99.3,3.9,80.3,B
9804,1.9,100,7.2,78.6,C
9805,17.4,93.1,6.3,85.9,B
9806,4.7,90.4,5.3,78.1,C
9807,12.3,93.9,7,87.9,B
9808,21.3,90.6,5.7,79.4,C
9809,16.6,85.6,5.7,83.6,B
9810,3.5,84.6,5.6,69.2,D
9811,10.3,72.7,4.4,70.8,C
9812,4.5,95.1,4.2,74.9,C
9813,3.1,84.6,4.9,71,C
9814,15.8,100,6.1,88.1,B
9815,18.9,96,2.3,79.8,C
9816,18.1,77.5,7.9,78.1,C
9817,19.2,100,6,91.2,A
9818,14.9,54.3,3.9,62.8,D
9819,13.1,100,9.2,92.5,A
9820,7.5,68.9,6.1,65.4,D
9821,11.9,90.9,3.3,74.5,C
9822,5.8,90.1,9.1,77.2,C
9823,9.1,98.5,8.7,78.1,C
9824,15.6,81.1,4.2,71.3,C
9825,14.2,59.3,5.4,71.1,C
9826,36.5,81.1,5.1,87.5,B
9827,5.6,82.4,2.2,74.1,C
9828,14.1,60.4,6.6,70,C
9829,5,85.5,7.7,70.7,C
9830,12.3,72.1,7.3,75.2,C
9831,12.6,92.8,6.1,72.7,C
9832,20.9,82,7.9,83.7,B
9833,11.9,100,3.7,78.7,C
9834,13.7,81.9,9.6,77.5,C
9835,12,90.2,4.5,74.9,C
9836,5.2,82.4,4.7,73.8,C
9837,10.4,65.5,4.8,67.8,D
9838,12.3,82.5,4.7,75.8,C
9839,15.5,94,5.6,79.9,C
9840,18.9,92.2,5.5,80.1,B
9841,13.4,81.5,6.3,76.1,C
9842,13.2,67.5,4.4,62.1,D
9843,3,92.7,6.3,69.9,D
9844,18.8,90,3.8,77.3,C
9845,10.1,95.1,7.5,74.7,C
9846,20.2,81.7,7.4,85.5,B
9847,24.2,64.8,6,78.3,C
9848,13.7,91.4,4.7,77,C
9849,7.8,84.9,6.6,76.4,C
9850,14.9,100,4.2,77.3,C
9851,17.4,85.3,6.1,77.1,C
9852,12.8,84.5,5.7,80.2,B
9853,11.1,90,10,89.5,B
9854,18.9,77.8,3.5,78.5,C
9855,18.5,77.3,0.7,73.9,C
9856,12.6,83.8,4.7,73.5,C
9857,3.4,74,2.6,60.6,D
9858,18.2,82.3,4.5,79.4,C
9859,9.6,100,3.4,81.4,B
9860,16.5,97.5,4.2,83.8,B
9861,16.1,88.7,3.9,81.5,B
9862,1.8,100,7.9,74.1,C
9863,15.6,75.1,5.9,77.6,C
9864,18.6,100,8.2,87.7,B
9865,19.5,79.5,6.1,80.9,B
9866,15.8,100,7.9,89.1,B
9867,1.2,100,5.4,71.8,C
9868,23.9,64,9.2,79,C
9869,17.9,100,6.9,88.8,B
9870,6.6,81.6,4.4,69.2,D
9871,9.5,78.2,7.2,74.4,C
9872,16.6,91.3,6.1,84.6,B
9873,19.8,72.9,5.6,81.7,B
9874,11.6,91,6.2,80.9,B
9875,20.8,73.7,7.5,82.7,B
9876,2.5,87.1,1.8,63.8,D
9877,7.7,100,5.3,77.1,C
9878,0.5,89.6,7.4,72.9,C
9879,8.7,80.7,6.5,72.3,C
9880,25.6,91.5,3.7,88,B
9881,29.4,68.1,1.3,75.6,C
9882,16.6,74.9,9.4,86.5,B
9883,10.5,79.8,5.6,74,C
9884,13.4,94.4,9,85.3,B
9885,18.3,89.9,7.6,83.7,B
9886,4.1,91.4,4.4,77,C
9887,11,84.7,1,66.2,D
9888,25,75.5,5.1,80,B
9889,7.7,100,5.9,81.4,B
9890,9.8,76.6,6.9,73.9,C
9891,15.1,90,3.8,76.5,C
9892,17,83.7,6.4,78.8,C
9893,10.6,91.8,6.4,77.8,C
9894,15.5,77.7,8,79.5,C
9895,19.3,97.6,5.4,90.7,A
9896,28.7,100,6.9,97.6,A
9897,14.1,96.9,6.6,86.4,B
9898,14.7,86.9,7.8,80.3,B
9899,25.7,79.8,4.4,84.8,B
9900,11.2,100,0,69.7,D
9901,5.7,73.1,5.5,67.8,D
9902,16.8,95.6,5.5,84,B
9903,22.5,89,3.7,88.8,B
9904,17.5,84.2,3,81.7,B
9905,14.3,87.2,4.9,77.2,C
9906,4.9,78.9,5.8,66.5,D
9907,14.6,90.1,6.2,78.4,C
9908,23.6,88.8,1.4,80.5,B
9909,6.4,100,2.5,77.7,C
9910,13.3,97.8,8.3,86.3,B
9911,12.3,91.2,5.6,80.3,B
9912,10.1,91.9,6,80.3,B
9913,16.7,100,3.3,79.6,C
9914,18.1,73.4,6,75,C
9915,18,82.8,5.2,81.2,B
9916,8.2,62.1,4.8,61.9,D
9917,3.5,91.7,3.1,64.7,D
9918,16.8,95.2,4.3,78.8,C
9919,11.5,73.1,9.9,80,B
9920,27.9,100,5.3,92.1,A
9921,28.2,76.4,7.6,88.4,B
9922,28.9,80.9,5.6,84.5,B
9923,8.4,86.4,5.4,75,C
9924,19,100,4.7,85.1,B
9925,21.1,74.7,8.7,84.5,B
9926,20.3,88.5,6.7,83.8,B
9927,12.5,94.3,4.4,80.2,B
9928,24,91.8,5.2,85.7,B
9929,15,92.3,8.2,84,B
9930,15.9,94.1,0.3,75.4,C
9931,4.2,78.3,6.6,69.4,D
9932,19.5,100,7.1,90,A
9933,13.2,83.7,4.5,73.9,C
9934,18.3,82.1,6.3,80.4,B
9935,16.6,100,7,87.4,B
9936,16.3,77.4,3.5,75.8,C
9937,14.7,88.8,7.7,82,B
9938,20.5,76.3,6.6,78.1,C
9939,13.6,100,5.7,83.3,B
9940,4.8,100,6.2,79.1,C
9941,19,83.7,7.4,79.3,C
9942,9.3,91.2,10,77.9,C
9943,5.7,85.1,7.2,71.6,C
9944,7.8,80.8,7.6,73.5,C
9945,17,86.4,6.4,74.9,C
9946,14.3,84.5,9.8,84.7,B
9947,0.1,66.8,3.1,57.2,F
9948,12.3,88.2,2.5,66.9,D
9949,23.2,84.5,6.3,82,B
9950,11.8,88.7,7.3,78.7,C
9951,13.8,84.1,0.9,66.3,D
9952,22.3,80.7,6,85.9,B
9953,20.6,95.5,5.6,87.1,B
9954,22.2,91.4,7.5,90.5,A
9955,0,100,6.9,71.1,C
9956,27.1,90.9,2.4,87.2,B
9957,19.5,82.6,3.8,77,C
9958,32.2,92.4,4.4,92.1,A
9959,9.5,61.2,7.5,69.2,D
9960,2.7,100,6.7,75.9,C
9961,15.1,88.3,4.8,81.2,B
9962,13.1,100,6.3,83.8,B
9963,19.6,74.6,3.9,74.8,C
9964,22.5,71.6,10,87.2,B
9965,14.4,89.4,7.1,84.7,B
9966,13.3,89.4,7.6,81.5,B
9967,18.7,89.1,8.8,90.6,A
9968,13.2,87.2,8,80.2,B
9969,12.6,77.5,6.1,74.2,C
9970,22.3,67.2,5.6,77.6,C
9971,23.8,88.4,8.6,89.6,B
9972,22.6,69.6,6.1,78.3,C
9973,13.8,68.5,4.5,68.3,D
9974,0,80.4,9.9,67.9,D
9975,14,90.2,4.1,78.2,C
9976,9.7,100,2.5,79.9,C
9977,14.1,96.8,8,87.4,B
9978,10.3,100,4.5,80.3,B
9979,14.9,92.8,6.9,86.6,B
9980,7.7,89.4,9.6,79.6,C
9981,6,100,3.3,71.5,C
9982,23.6,69.1,5.9,78.6,C
9983,8.2,80,9,75.6,C
9984,15,81,7.4,77.7,C
9985,21.7,95.7,5.6,89.3,B
9986,21.4,73.3,10,87.2,B
9987,20.6,94.2,5.8,81.1,B
9988,17.1,92,6.8,83.7,B
9989,20.1,94.8,9.3,81.6,B
9990,24.6,94.5,8,91.8,A
9991,18,100,8.6,89.5,B
9992,2.1,84.4,4.2,72.4,C
9993,11.3,91.4,8.5,85.9,B
9994,19.9,76.2,6.3,82.7,B
9995,10.6,73.4,4.5,66.9,D
9996,26.3,100,6.4,90.4,A
9997,14.6,75.3,6.4,72.4,C
9998,15.6,92.7,9.7,91.3,A
9999,22.9,91.4,6.8,85.4,B
10000,13.7,99.1,4.4,80.1,B
